0xDD271667,AbsolutelyRenderDistanceH
0xF709A219,AbsolutelyRenderDistanceV
0x9E388A38,AbsolutelyRenderWithInstanceCullingDistanceH
0x13032D46,AbsolutelyRenderWithInstanceCullingDistanceV
0xA27AA360,Acceleration
0x86FD9B7C,AccelerationWS
0xD586013F,AccumulatedSnowFade
0xF1F1B1CB,ACollPartsObjectNameHash
0x7FB88531,ActionID
0xC2201EDB,ActionListContainerObjectNameHash
0x88000003,ActionPoint
0xE7428826,ActionPoint
0x5FD7790C,ActivateFlags
0x49C784D8,ActiveRadius
0xBDB73C46,ActpPartsObjectNameHash
0x861F1C32,AdaptedTime
0x4CACD9FB,AdditionalDensityMap
0xD532810C,AdditionalExposureTargets
0xCF60AA7C,AdditionalLightGroupMask
0x75C1AE52,AdditionalLocalLightNameHashArray
0x128EDACB,AdditionalModelObjectDatabaseEntryHashArray
0x21850301,AdditionalModelObjectDatabaseResourceHashArray
0x3083C560,AdditionalRegisteredEffectObjectArray
0x7A52DA6F,AdditionalRegisteredObjectArray
0x8F049719,AdditionalScaleMap
0x9696EE18,AdditionalViewMask
0x3FE76E17,AddPartsObjectNameHash
0x5B1B8441,AddressU
0xEF5FF342,AddressV
0x83A46243,AddressW
0x8A3DE9F1,AdhocGlossiness
0xCA1D3BB3,AdhocReflectance
0x3C2A87B5,AfterLodErrorValueArray
0xB86E6EC9,AgentRadius
0x3FE94AD6,AHiPartsObjectNameHash
0x3141B878,AIGraphAgentNameHash
0xC3F3A474,AIGraphHelperObjectNameHash
0x2514137D,AIGraphObjDBHash
0x0D48A6A4,AIGraphObjectDatabaseResourceHash
0x3899C442,AIGraphObjectNameHash
0xFFFF8251,AIGraphSingletonDBHash
0x6EE0942B,AIGraphStateMachineNameHash
0x6917E254,AIKeyHashArray
0xDB4A2AFA,AINameArray
0xCC741EFE,AISettingObjectDatabaseNameHashArray
0x02B60BB9,AISettingObjectNameHashArray
0xA035BED9,Albedo
0xDE20EDA6,AlbedoMapAScaler
0xDC6C8512,AlbedoMapRGBScaler
0xD3C4696F,AlbedoMapScaleX
0x96E8252D,AlbedoMapScaleZ
0x6AE9FBAC,AlbedoMapSpeedX
0x2E0DB76A,AlbedoMapSpeedZ
0x2B6E3B4D,AlbedoMapTexturesRenderStateObjectHash
0x6868A78D,AlbedoOcclusionRenderTargetObjectNameHash
0x3BC59DF7,AlbedoOriginalTextureObjectNameHash
0x3B394FA1,AlbedoOverlayScaler
0x0E13BD2F,AlbedoScale
0x446CA2A1,AlbedoScaler
0x9AF415C5,AlbedoTextureArraySlice
0xE8D0F9E0,AllocateAudioGroupNum
0xCBD9FCC6,AllocateBackgroundCommandNum
0xFB49E068,AllocateEffectNum
0x8923666C,AllocateSoundHandleNum
0xBE17449B,ALowPartsObjectNameHash
0xA14F16CA,AlphaBlendDstFunc
0xD7E2A388,AlphaBlendDstFuncAlpha
0x7AD77734,AlphaBlendOp
0xACD26BB6,AlphaBlendOpAlpha
0x267A5D4B,AlphaBlendSrcFunc
0x5D0DEA09,AlphaBlendSrcFuncAlpha
0xD46FB692,AlphaDepthTextureObjectNameHash
0xB5467DC8,AlphaPrimitiveSortMethod
0xABA611F7,AlphaStorageType
0xF2F8E7C0,AlphaTargetViewMask
0xFEFD7F90,AlphaTestCmpType
0x4A105A75,AlphaTextureObjectNameHash
0x72EAC0CD,AlphaThreshold
0x3ADFABB0,AlphaThresholdFCurveAnimationDataObjectNameHash
0x3242829D,AlphaWidthRatio
0x7F451308,Ambient
0x5D7048F4,AmbientBankObjectNameHash
0x95E12FCB,AmbientColor
0x183E0816,AmbientDiffuseMapObjectNameHash
0xA6966013,AmbientMapsRotation
0x82FECAF3,AmbientProgId
0xAC193A2A,AmbientSlot
0xD56E89F9,AmbientSpecularMapObjectNameHash
0x8E15A0D3,AmdMapInterpolationTextureObjectNameHash
0xBD08CF8F,AMidPartsObjectNameHash
0x7744A73D,Amplitude
0x554BB915,AmplitudeBlurSize
0xD3E50127,AmplitudeScale
0xB27BD82D,Angle
0x1F2413BA,AngleSpread
0x05EAD31C,AnimationBlendHalflife
0x3D3E43DC,AnimationControlMode
0x80FC81DB,AnimationDataFormat
0x6F078ADA,AnimationDataObjectNameHash
0x9E1E3953,AnimationDataObjectNameHashArray
0x596CB70C,AnimationDataPlayStartFrameArray
0x13983867,AnimationDivNum
0xCB7AA491,AnimationDstTexturesRenderStateObjectHash
0xB5FCAE50,AnimationFlag
0x961B3489,AnimationFlagArray
0xF3281DE5,AnimationFPS
0xA2EA33E9,AnimationFrame
0x89D17B63,AnimationGraphNameHash
0x09A622E3,AnimationGraphScriptHash
0x1256BDA7,AnimationHashArray
0xF73C05C1,AnimationId
0x31341370,AnimationLoopSectionFrame
0x250BC5DD,AnimationObjectNameHashArray
0xFD134AC8,AnimationParamsHash
0xD817F5AC,AnimationPositionArray
0x9818A0AA,AnimationSpeedArray
0xA67C09F0,AnimationSrcTexturesRenderStateObjectHash
0x6EFB15CD,AnimationState
0x9C8DFBE4,AnimationTableCapacity
0x7B16008C,AnimationTexturesObjectNameHash
0x02E522B9,AnimationWarmupRange
0x72EB4D47,AnimTrajectoryBlendRate
0x4A72D9C4,AnisoSampleNum
0xBB7C520E,AntiAliasingType
0x47CF654F,AnyHitLandscapeShaderObjectNameHash
0xA0E02A31,AnyHitRainDropBoundaryShaderObjectNameHash
0x14A24924,AnyHitShaderObjectNameHash
0x30635106,AORayTraceShaderObjectNameHash
0xD7882881,AppendContainerObjectNameHash
0x5B1E30F2,AppendDisplaysetObjectNameHash
0xAEB1A0FA,AppendScriptArgumentObjectNameHash
0x4586172B,ApplyHLOD2
0xB2ADCC72,ApplyRate
0x22056DE5,ApplyRotationOIDArray
0x64B5B9EB,ApplyScaleOIDArray
0x98610C12,ApplySSAOShaderObjectHash
0x173DBC61,ApplyTarget
0xB579DB92,ApplyTranslationOIDArray
0x4D0E574A,AreaColor
0x5793D774,AreaHeight
0x1FCFCD19,AreaHeightTexture
0x0880C91E,AreaMaskTexture
0xFA273B73,AreaSdfTexture
0x567A272B,AreaSimplifyThreshold
0x3F6FBA8C,AreaSizeThresholdToCleanUp
0x9400E284,AreaSizeThresholdToRemove
0xDFE055A7,AreaVolume
0x4D383907,AreaWidth
0x02EB563C,ArgumentObjectNameHashArray
0xA191A226,ARPSSSShaderObjectHash
0x04E203A7,ArrayExtendLength
0xFC63FB31,ArrayMaxLength
0x85000001,ArrayMaxLength
0x890D1234,ArtisticSecondaryPenetrance
0xB78B90FA,ASADInterpolateType
0x000021EC,Aspect
0x4560937F,AssistanceNodePosArray
0xDF9D9C8B,AssistanceParentNodeIndexArray
0x434EAFCA,AssociateObjectNameHash
0x8E7558EA,AsyncComputeContextOmitFlags
0x743793F9,AtmoTopHeight
0x9AB2D797,AtomicFlag
0xA331C21E,AttachedObjectId
0xE18A999E,AttachmentID
0x87FE24DC,AttachmentNameHash
0x09D420FB,AttachmentObjectNameHash
0x6587C27B,AttachOID
0xC625DC19,AttAndRange
0x423760A6,Attenuation0
0x30BA6727,Attenuation1
0x1F3D6DA8,Attenuation2
0xFED4A4E0,AttGain
0xD73FD221,AttLpf
0xCD2F8853,AttrIDArray
0xBC417F42,AutoClear
0x43CA844E,AutoHDRScaleExporsure
0x36448E8A,AutoHDRScaleExposure
0x25F641D2,AutomatonContextObjectDefineNameHash
0x01911D1A,AutomatonEntryPointObjectNameHash
0x8D9DC825,AutomatonRigScriptCodeObjectHash
0xF9A5A374,Azimuth
0x9FF51F40,BackSpeed
0x3D57EDDD,BakedAmplitudeTexture
0x4F27B035,BakedMaterialNameHash
0x249CAF3D,BakedOIDList
0x54BF06AC,BakedSkeletonResourceHash
0x8BEF893C,BakeMode
0x94CA8D21,BallJointAngleMinMaxArray
0x72365B94,BankObjectNameHash
0xE08E8D64,BankObjectNameHash0
0xC83063C3,BankObjectNameHash1
0xAFD23A22,BankObjectNameHash2
0x97741081,BankObjectNameHash3
0xBD4C4FDA,BasalPlaneUnderTerrain
0x3DF78E8B,BaseAnimationDataObjectNameHash
0x4D4CD2CE,BaseColor
0x8E672475,BaseHeightForR16FHeightMap
0x617AF700,BaseNormalScaler
0x71E41469,BaseObjectNameHash
0x7D73F0D7,BaseObjectNameHashes
0x0BC535A0,BehaviorHash
0xECEC336A,BehaviorObjectNameHash
0x43AEA90C,BilinearRate
0x30BC70E3,BillboardFluidObjectNameHash
0xE9567EEB,BiomeInfoArray
0xDBB4269F,BlackboardObjectNameHash
0x5FD0B93D,BlackColorInterpolationFCurveAnimationDataObjectNameHash
0x7D76FD8C,BlackColorInterpolationRGBA
0xC762A777,BladeCount
0x9EF9DAAB,BlendAreaParameter
0x214E83EC,BlendEnable
0x3C7DB720,BlendMapInfoArray
0x95EE3505,BlendMapNum
0xF6DC2F66,BlendMapObjectResourceHash
0xA950F26A,BlendMapPlacementResourceHash
0x7C2A002B,BlendMapPlacementResourceObjectHash
0xEF2E637B,BlendMapTexturesRenderStateObjectHash
0xC8A5A1B7,BlendObjectNameHash
0x7672290E,BlendOp
0xCEACEB4C,BlendOpAlpha
0x859D80F7,BlendSharpnessArray
0x6C016C06,BlendTexture1BlendModeOfAlpha
0x8509CC21,BlendTexture1BlendModeOfColor
0x43EA5A19,BlendTexture1DisplayNameKeyHash
0xB2AF2CE0,BlendTexture1NameHash
0xC7AA9F2C,BlendTexture1ObjectHash
0x17314139,BlendTexture1TilingOption
0x4CBD3E2D,BlendTexture1TilingSize
0x4DDF35A5,BlendTexture2BlendModeOfAlpha
0x66E795C0,BlendTexture2BlendModeOfColor
0x25C823B8,BlendTexture2DisplayNameKeyHash
0x948CF67F,BlendTexture2NameHash
0xA98868CB,BlendTexture2ObjectHash
0xF90F0AD8,BlendTexture2TilingOption
0x2E9B07CC,BlendTexture2TilingSize
0xC17A66DF,BlendTexturesRenderStateObjectHash
0x64C616D5,BlendType
0xB9FCADD7,BlendWeight
0xB4F95D5E,BlendWeightAlbedo
0x298B7401,BlendWeightGlossiness
0xE1CC6170,BlendWeightNormal
0xB562EC43,BlendWeightReflectance
0x2CDDD2C0,BlinkFrequency
0xCB01E1D3,BlinkSeed
0x1E63C2EA,BlockEdgeFalloff
0x334A37CA,BlockPosition
0x29DA6891,BloomColorFixType
0xC96AEEA5,BloomWeight
0x544A0F7A,BlurLengths
0x4DAA4058,BlurredDepthRenderTargetObjectNameHash
0x1424ADE6,BlurredDepthTextureObjectNameHash
0xEFEC820B,BlurStrengthFCurveAnimationDataObjectNameHash
0x306349A3,BMRayTraceShaderObjectNameHash
0x90B47309,BodyPartsNameHash
0xFAB8C3F4,BoneID2ObjectCapacity
0x2E60FBD9,BoolParameterValueArray
0xAECAD31F,BoolParameterValues
0xD7BBBB12,BorderLength
0x88087D19,BottomCap
0x91ABD62C,BoundingCollisionGroupID
0x44EC883A,BoundingCollisionIgnoreGroupID
0x465B720D,BoundingCollisionShapeType
0xA0C996E2,BoxOffset
0x22D57127,BranchDeform
0xBDA6B646,BranchFrequency
0x8029B805,BreakerAmplifier
0x3FEAD15D,BrkPartsObjectNameHash
0xF5432DAE,BrkphyPartsObjectNameHash
0x93B13ECC,BubbleBlendFactor
0xB34EBF4E,BubbleFilamentParamArray
0x4FE28072,BubbleFineParamArray
0x92D0A6B0,BubbleHazyParamArray
0x60590432,BubbleLifeSpan
0x9B15DE82,BubbleMapHash
0x3A910DFE,BubbleMultiple2ParamArray
0x1C22EBDD,BubbleMultiple3ParamArray
0xE11EB2DB,BubbleMultipleParameArray
0xAA7687E1,BubbleOpacity
0x1637F5A7,BubblePower
0x8FB2FF00,BubbleSemiBasicParamArray
0x1A4394BF,BubbleShoalingScale
0x3078EB2C,BubbleSpawnInterval
0xF30FB61B,BubbleSpawnScale
0xFF30734F,BubbleSpeedScale
0x2A444325,BVHCollisionResourceNameHash
0x85EF54B4,ByLinkFCurveAnimationDataObjectNameHash
0x7AE38475,ByteCode
0xA75A8619,CachedSegmentDBFileResourceHash
0x8E2130E3,CachedSegmentLocalPosition
0x68364F98,CachedSegmentLocalQuaternion
0xAD11ACB0,CachedSegmentLocalScale
0xE4F09617,CachedSegmentObjectNameHash
0xC94DB05F,CameraAnimationDataObjectNameHash
0xB712B8DD,CameraAtPositionOnFirstFrame
0xB43036BD,CameraObjectNameHash
0x6044F50A,CameraPositionOnFirstFrame
0x2BEF1970,CameraPosXY
0x41652F5B,CameraScale
0xAD62E684,CandelaScale
0x75FB1E92,CandelaValueArray
0xFC61E531,CaptureDepthStencilRTHash
0x9357A00D,CaptureSceneToonEdgeRTHash
0xD7E3FF50,CasterPlane
0x000015A0,CasterPlane
0x000015A4,CasterPlaneForLocalLight
0x000015A5,CasterPlaneForRSM
0xE164C0F7,CategoryNameHash
0x38F09A8F,ccrACol
0x0FDA9260,CeilPower
0x5E79EE8C,CellBombingScale
0x0C4F8EB4,CellBombingTexU
0xEDE16C93,CellBombingTexV
0x985B9C2D,CellBombingThreshold
0x524AA4C9,CellIndexArray
0xF357B5DC,CellNum
0x46843CA3,CellSize
0x2672FAC7,CellUnitSize
0x9A025F22,CharacterActionGroupIDArray
0x7245DD82,CharacterActionObjectNameHashArray
0x5CB9390D,CharacterEmotionId
0x617A1053,CharacterFPoseDataId
0x8AF6C2AB,CharacterKeyHashArray
0x68A6F779,CharacterModelNameHash
0x7D559EE1,CharacterModelObjectDatabaseResourceNameHash
0x4D269345,CharacterNameArray
0x47245997,CharacterNameHashArray
0x1F2AEED8,CharacterObjectNameHashArray
0x86DD9A32,CharacterPoseBlendId
0x1E132334,CharacterSettingLoaderObjectDatabaseNameHashArray
0x4C52FE59,CharacterSettingLoaderObjectNameHashArray
0x5A7DDF48,CharacterSettingObjectDatabaseResourceNameHash
0xCF259ABF,CharacterSettingObjectNameHash
0x8F9F2DA6,CharacterSettingObjectNameHashArray
0x0B9F4C49,CharacterSimulationExternalCollisionCharacterListContainerObjectNameHash
0x50AFD720,CharacterSimulationExternalCollisionCollisionListContainerObjectNameHash
0xCAF72E3F,CharacterSpecificDepthStencilTextureObjectNameHash
0x00D3B791,CheckLocationForcesetID
0x6AEA4989,CheckLocationType
0xF2044AFF,CheckSkipType
0xD6DD15F4,ChildNodeHash
0xB6FB9C2D,ChildNodeHashArray
0x730C7F7B,ChildNodeIndexArray
0x94EE2248,ChildNodeNum
0xDE3970EF,ChildNodeNumArray
0x86E3C5B5,ChildNodeObjectHash
0xDBAE59C6,ChildNodeProbArray
0xE4706CC5,ChildObjectNameHashArray
0x55460C2F,ChildObjectOIDNameHashArray
0xD836BFDE,ChoppyFactor
0x02703B96,ClampingMaxAngle
0xC7415B6E,ClampingMaxDistance
0x8730E53E,ClearListContainerForOfsRenderObjectNameHashArray
0x3D9850A6,ClearListContainerForTerrainDeformObjectNameHashArray
0x94AFB4B5,ClearListContainerObjectNameHashArray
0x39E192FF,ClearNaNTarget
0x7A43AA26,ClearRefractionStencilMask
0x70886B3C,ClearSceneColor
0xF684A2C8,ClearStackTextureObjectNameHash
0xA37A1DC5,ClipDistance
0xDF5B2276,ClipLength
0x48A7EEDD,ClipLengthArray
0x11F64097,ClipNumFrame
0x880FE0E8,ClipPlaneFlag
0x356FF2E7,ClipPlanes
0xC2AD273B,ClipStartFrame
0xD1980101,ClockCount
0xA0FE85C2,ClosestHitLandscapeShaderObjectNameHash
0x3F617717,ClosestHitShaderObjectNameHash
0x66C5F0CE,CloseType
0xB33A6ECB,ClothFunctionCurveHash
0x1138BB13,ClothLocalWindCapacity
0x6D914A45,ClothModulesLODSimulateMode
0x8107190A,ClothParamSoftly
0x15A00DD5,ClothParamVivid
0x26CDF65C,CloudCircleG1SFileResourceHash
0xC16E1C4C,CloudCircleHeight2NormalG1SFileResourceHash
0x37BCCFA6,CloudParticleG1SFileResourceHash
0x0E2FAD26,CloudPlaneG1SFileResourceHash
0xB952DAED,CloudPlaneHeightG1SFileResourceHash
0x7B7CC324,ClusterBoxCullingShaderObjectNameHash
0xCBB035E7,ClusterDecalIndexNum
0xBB3F2E59,ClusterDecalInfoZIndex
0xBCBDFB8D,ClusterDecalNum
0x00001078,ClusterFarLimitZ
0xC8C8BF40,ClusterInfoZIndex
0x7BF87194,ClusterLasmapIndexNum
0x7E488762,ClusterLasmapInfoZIndex
0x5DA77BEF,ClusterLightCullingShaderObjectNameHash
0x2A3E3F6B,ClusterLightIndexListSize
0xBB834EAF,ClusterLightIndexListSizeDecision
0x3C7FF710,ClusterLightIndexNum
0x62E857B4,ClusterLightListAppendBuffer
0x9082D963,ClusterMaxDecalNum
0x887654A2,ClusterMaxLasmapNum
0x91221B9A,ClusterMaxLightNum
0x18C719E5,ClusterMaxMiasmaDecalNum
0x45B0B771,ClusterMaxOceanRiverDecalNum
0x04DFCB06,ClusterMaxPolyLightNum
0x8A64D791,ClusterMaxRainDropBoundaryNum
0xD4A75078,ClusterMaxRefractionDecalNum
0xCF4FB686,ClusterMaxSDFInstanceNum
0x4E19B11B,ClusterMaxSDFNum
0xE11EEE46,ClusterMaxSnowDecalNum
0x2103C71C,ClusterMaxSpotlightNum
0xFFFFFFEC,ClusterMiasmaDecalList
0x00001074,ClusterNearestZ
0x2563818C,ClusterNum
0x6C19A224,ClusterPolyLightIndexNum
0x89FC0585,ClusterRainDropBoundaryIndexNum
0xAE5607AF,ClusterSDFIndexNum
0xF7DF1135,CollisionColorTableIndex
0x4EA4C636,CollisionObjectNameHash
0xD8FE9BBF,CollisionPointSize
0x24526DDA,CollisionSimulationTime
0x4D297C54,CollisionType
0x5E3B98A7,CollisionUsePlaceables
0x0EB6F3F8,CollisionVisualizerObjectNameHash
0x7E1DF0EE,CollMaxNum
0xBD7B6894,CollPartsObjectNameHash
0xBF71816B,CollUsage
0x8AA8698B,ColNumLimit
0xC8D7689D,Color
0x88000004,Color
0x6FF837D6,ColorArray
0xAD3B225A,ColorFCurveAnimationDataObjectNameHash
0x46111877,ColOrientationArray
0x91044EB1,ColorLookupTable
0x15AB010F,ColorRenderTarget16FObjectNameHash
0x6A68983C,ColorRenderTargetNum
0xD208055E,ColorRenderTargetObjectNameHash
0xBFF6823E,ColorRenderTargetSurfaceID
0x8C4406D0,Colors
0xC68F94C3,ColorSpace
0xC4DD01C3,ColorTableObjectNameHash
0x24C114F6,ColorVariationMaterialObjectNameHashArray
0x17DE9422,ColorVariationNameArray
0xB3A1E5AA,ColorVariationNum
0xFA5A06A8,ColorWriteMask
0x91A78694,CommandBufferSize
0x0B534ABC,CommonKTGLShaderBindTableObjectHashForSwap
0x3F000000,CommonViewSetting
0xF1FBFFFF,CommonViewSetting
0xF8CCDD6B,CompletePolicy
0x7C441A6E,ComponentInfoArray
0x3D389A7D,CompositeEdgeRenderTargetObjectNameHash
0x445D803E,CompositionObjectNameHash
0xBE27407F,CompoundMapDataObjectFolderNameHash
0x8F39BED9,CompressFormat
0xAF193997,CompressThreshold
0xCE7E55A3,ConditionIDArray
0x5C20D5E5,ConditionParamNumArray
0xE2DC6C53,ConditionParamTypeArray
0x806DF00E,ConditionReverseArray
0xF2468A25,ConditionScriptHashArray
0x61BE6A84,ConditionTypeArray
0xB21EA7A3,CondParamBoolValueArray
0x7C34B839,CondParamFloatValueArray
0x69C7330C,CondParamIntValueArray
0xE0E1EDD4,CondParamTypeArray
0xB693D7AE,CondParamVector4ValueArray
0x05C2EF83,Cone
0xEA7DF3F2,ConeApexAngle
0x8DFA2463,ConeAttGain
0xB69AC924,ConeAttLpf
0xA441B8F7,ConeAzimuth
0x7D8194C4,ConeDirection
0xC77254A6,ConeElevation
0x737BD813,ConeParamMode
0x1E19341B,ConnectedRiverObjectNameHash
0xEAAE87DD,ConstraintAxisIsLocal
0x24BE9A4E,ConstraintAxisPerm
0x826C4D9E,ConstraintAxisPermOrientation
0x6CBF0209,ConstraintFlag
0xAA12E672,ConstraintIsPin
0xAB534FF5,ConstraintObjectNameHash
0x7D655D97,ConstraintType
0xD42164E5,ContainerCapacity
0x37E06819,ContinuePolicy
0x922ADD23,ContrastCorrectionValueOfTexture0
0xCF4AA142,ContrastCorrectionValueOfTexture1
0x0C6A6561,ContrastCorrectionValueOfTexture2
0x00030005,ContrastValuesOfTexture
0xD2215653,ControlMapCopyG1SFileResourceHash
0xB5FF674B,ControlMapEditorG1SFileResourceHash
0x0B6DD6A4,ControlRenderTargetObjectNameHash
0xB185E95B,CopyCharacterObjectNameArray
0xB592ACDE,CopyFormedCharacterObjectNameArray
0xCF918672,CreateVertexStreamAsBuffer
0x4977E5D7,CrowdMemberIDArray
0xC929179B,CrowdObjectNameHash
0x7CED37A5,CtrlBitFlags
0x217F77DF,CubeShadowmapWidth
0x005BEF9B,CubicArrayShadowMapObjectNameHash
0xC1FD1E8E,CubicReflectiveShadowmapArrayTexturesObjectNameHash
0xD1447990,CuboidScale
0x40728A45,CullingTargetType
0x8C52ED55,CullMode
0x2EB6D6C0,CurrentDatabaseFlag
0x4CFA0098,CurrentValue
0x8860E9F0,CurvType
0xB287F508,CWRendering
0xA23A8B17,DampingArray
0xBD84E645,DataPacketFrame
0xE54EC981,DataPacketValue
0x63C50C52,DataVersion
0xEC03455D,DateTimeInterpolationType
0x6762447E,DebugDisplayScaleOBORO
0x5ACA489E,DebugDisplayTypeDeferredShading
0x5DEE5B7E,DebugDisplayTypeModelAlpha
0xD154F5DF,DebugDisplayTypeModelAlphaOptionFlag
0x2B47991F,DebugDisplayTypeModelOpaque
0x24B44ADE,DebugDisplayTypeModelOpaqueOptionFlag
0xF2C46EC0,DebugDisplayTypeModelShadow
0x1EF500B0,DebugDisplayTypeOBORO
0x6DE669DF,DebugInfo
0xE3952BFC,DecalShowType
0x345FCED3,DecayHFRatio
0x4D038C99,DecayTime
0xD3C3B0D0,DefaultEnviromnentNameHashArray
0x15EBD1E5,DefaultEnvironmentKeyHash
0x699DCA9E,DefaultEnvironmentKeyHashArray
0xA53C0256,DefaultFadeTime
0x7F0FEE19,DefaultMaterialObjectNameHashArray
0x1421D84A,DefaultPatternID
0x9DEFEAE7,DefaultPresetNameHash
0x92596449,DefaultStageKeyHashArray
0x3267EC1D,DefaultStageResourceSetKeyHashArray
0x273E700E,DefaultTableSize
0xEA22C385,DefaultVolume
0x7046CA70,DeferredIndirectPassShaderObjectHash
0x3C2655F2,DeferredNoSubShadowDOPassShaderObjectHash
0x702A1052,DeferredShadingPassShaderObjectHash
0x59D57CFD,DeferredSSTDOPassShaderObjectHash
0x326BFAA5,DeformRate
0x4D07A3F0,DelayTime
0x251F139B,DeltaTime
0x88AD19DD,DeltaTimeReal
0x093E4C80,DenoiserSystemObjectNameHash
0xE4C9C9A9,DenoiseTargetTextureObjectNameHash
0xCB75FB38,Density
0x17ED6FB4,DensityMap
0xB80F13FD,Depth
0xE1B1A284,DepthBias
0xD6BB3B19,DepthFunc
0xC0FB7D85,DepthIntermediateRenderTargetObjectNameHash
0x579024C3,DepthPrepassTest
0xC13FB0BE,DepthRenderTargetObjectNameHash
0xAF2E2D9E,DepthRenderTargetSurfaceID
0x456B9491,DepthStencilObjectNameHash
0x5244DE86,DepthStencilTextureObjectNameHash
0x202C3B6F,DepthTextureForSecondUpscaleObjectHeaderNameHash
0x1B4D4B36,DepthTextureForSuperSamplingObjectHeaderNameHash
0x56AB46F0,DepthTextureObjectNameHash
0xE647DF71,DestBlend
0x1ADB0A2F,DestBlendAlpha
0xBA5B1A24,DestinationHash
0x29EE8DEF,DestinationPoints
0xB2B6E876,DestructionDisplaysetObjectNameHash
0x4B705FD4,DetailCullingRef
0x45B41815,DetailTextureArrayInfoObjectNameHash
0x0C47E481,DetailTexturesRenderStateObjectHash
0x8CB7A07E,Diffuse
0x6F5D35B6,DiffuseScaler
0x77EF4846,DiffuseTransparency
0x6D7710BB,Diffusion
0xAF7819AE,DirectionOffset
0xBE10DD6E,DirectionTolerance
0x904D31EF,DirectOcclusionTextureObjectNameHash
0x1671AD9A,DirectOrientationGain
0x3068A771,DirectPositionGain
0xDC6F039B,Disconnected
0xE1B704ED,DisplacementComputeShaderHash
0xDC60DCED,DisplacementMipScale
0x18E92BF4,DisplacementNormalMipScale
0xEA01AA62,DisplacementScaleU
0xB7AC0C23,DisplacementScaleV
0xF10247AF,DisplacementTextureObjectHash
0x45E8AE77,DisplacementZScrollSpeed
0x53A8CD0E,DisplayConfigurationType
0x9C6CB24B,DisplayEmulateType
0x71F6708C,DisplayListLengthMin
0x6B8FE283,DisplayOutputType
0x9D7034D7,DisplaysetHashConversionKeyHash
0x185CC408,DisplaysetHashConversionTableHash
0x8E53AEA0,DisplaySetNameHashArray
0x0B6E1578,DisplaysetObjectNameHash
0x020B834F,DispNormalNoise
0xF552BBE3,DistanceAway
0x48CE7C04,DistanceFactor
0xB5F87D3E,DistanceFar
0x83C22BFA,DistanceFogColor
0xF62B0D32,DistanceFogEnd
0x4AAD93D4,DistanceFogMode
0x3EE348F9,DistanceFogStart
0x5C80D12A,DistanceFromTerrain
0x0CDAB0D0,DistanceFromTerrainLowerLimit
0x5F63BB5D,DistanceNear
0x239A6522,DistanceToFadeInExAlbedoTexture
0x45F008D0,DistanceToFadeInExNormalTexture
0x51A628CD,DistanceToStartApplyExAlbedoTexture
0x4406457B,DistanceToStartApplyExNormalTexture
0xF81E063A,DistortionAmplitude
0x97C65E41,DistortionFrequency
0x9FB71FF6,DistortionSpeed
0x269E10DF,DivideLength
0x6C9C8B76,DivisionNumber
0xF4892C60,DOF3ForeScatterAccumWeightMap0ObjectHeaderNameHash
0x0971F4A1,DOF3ForeScatterAccumWeightMap1ObjectHeaderNameHash
0x8E3E9C73,DOF3InternalTexture16FObjectNameHash
0xA76BC902,DOF3InternalTextureObjectNameHash
0x998AAB88,DOF3RearScatterAccumWeightMap0ObjectHeaderNameHash
0xAE7373C9,DOF3RearScatterAccumWeightMap1ObjectHeaderNameHash
0x085AF763,DOF3WeightMaskForOptionalLutObjectHeaderNameHash
0x5A1E627C,DOF3WeightMaskForOptionalLutTmp0ObjectHeaderNameHash
0xD7F61E7D,DOF3WeightMaskForOptionalLutTmp1ObjectHeaderNameHash
0xAFB0ED62,DOFRange
0xE1773A02,DopeSheetObjectNameHashArray
0x0AD37B63,DopplerFactor
0xAF7B19EA,DownSampledDepthRenderTargetObjectNameHash
0xFBD8E99F,DownSampledExternalDepthRenderTargetObjectNameHash
0xA0EF9268,DownSampleLevel
0x7879FC31,DownSampleStencilRenderTargetObjectNameHash
0x3E4CCCCD,DramaticColorGradingP2V
0x3E75C28F,DramaticHdrLut0NTParams1
0x45FB616A,DrawDataMax
0x0E6880FD,DrawEdge2ShaderObjectHash
0x80B74653,DrawEdgeShaderObjectHash
0xD3299DF0,DrawFlag
0xD93F2880,DrawFromBeginSceneAfterPeToEnd
0x3F49F494,DrawHighlight2ShaderObjectHash
0xCB2F14FE,DrawHighlightShaderObjectHash
0x3304444E,DrawTiming
0x88673BFE,DrawType
0x8D361AF5,DstAlbedoTextureObjectNameHash
0x9EEDC1E1,DstAnimationDataObjectNameHash
0xC5EA860B,DstDepthTextureObjectNameHash
0x5F700092,DstPosition
0x515B4F54,DstSceneTextureObjectNameHash
0x0C42CA8F,DstTextureNameHash
0xBD0263CC,DummyEffectMarkerSize
0xE750CEC2,DynamicCubicShadowmapTextureObjectNameHash
0xBAE0F275,DynamicFlag
0x74B31AD0,DynamicPlanarShadowmapTextureObjectNameHash
0xB16D01B4,Edge0FloorID
0x4829E35A,Edge0NavigationNodeVertexNameHash
0x051DD440,Edge0NodeID0
0xF3A0DAC1,Edge0NodeID1
0xB321DA53,Edge1FloorID
0x49DEBBF9,Edge1NavigationNodeVertexNameHash
0x06D2ACDF,Edge1NodeID0
0xF555B360,Edge1NodeID1
0x676AA9D1,Edge_Area
0xD22DD98F,Edge_NoiseUVScale
0x9B649979,EdgeFade
0xC9FCE74A,Edges
0x52EBE66E,EditPlane
0xB54C3E60,EffectDisplaylistDepthResolution
0x0C885C08,EffectDisplaylistMaxDecalParticleNum
0x8CFBA7BF,EffectDisplaylistMaxGPUEffectObjectNum
0x98C69595,EffectDisplaylistMaxPrimNum
0x52F556B5,EffectLightGroupID
0x4B46A4D3,EffectLowResoCustomFlags1
0x4D1FF7F2,EffectLowResoCustomFlags2
0x4EF94B11,EffectLowResoCustomFlags3
0xDB26FE5C,EffectLowResoRenderLevel
0x2562C6E2,EffectObjectNameArray
0x90CEC8B9,EffectorAngularVelocityMax
0x89EF85D2,EffectorLinearVelocityMax
0x918005DD,EffectorPosition
0xCA9512D2,EffectorQuaternion
0xF103F4C8,EffectParallelLightNum
0xBB26A20E,EffectRegisterCapacity
0x206F08F1,EffectRenderLevelTable
0xA1BA4B90,EffectShaderType
0x888FB474,EffectUpdateType
0x87FBB164,EFPLResourceNameHash
0xE1A8AFDD,ElementArray
0xD544E865,ElementDisplaysetObjectNameHashArray
0x5C9EE311,ElementFlagArray
0x57AE93DA,ElementFlagCollection
0x2803BB0F,ElementInfoArray
0x474D43AD,ElementLimitRatioArray
0xE26D327C,ElementModelScaleArray
0x209638F1,ElementNumArray
0xE9CC029E,ElementObjectArray
0xDF3B0737,ElementObjectHash
0xE3C9C8F0,ElementObjectHashArray
0xA45AD0E0,ElementObjectLocalPositionArray
0x5F97AACC,ElementOverlapTypeArray
0xE35BC780,ElementPigmentDiffuseColorScaleArray
0x25F50E7F,ElementPigmentScaleArray
0x315F2ECE,ElementRADENLODBiasGroupArray
0xAC1D12F2,ElementRandomScaleArray
0xE065F0E9,ElementRandomSeedArray
0x8A1AE243,ElementTypeArray
0x21D6DD93,ElementVertexAnimationScaleArray
0x811D6EA3,Elevation
0x3D3BAFA7,Emission
0x14E6569C,EmissionFadeoutFrameNum
0x9235877B,EmissiveAnimationFreq
0x0ACFCB2C,EmissiveAnimationRangeMax
0x19D4F3FE,EmissiveAnimationRangeMin
0xAF125D1A,EmissiveAnimationStartPhase
0xF4BDD541,EmissiveDecalSliceIndexForOceanRiver
0x5009147F,EmissiveScaler
0x22804EA3,EmissiveTextureArraySlice
0xF86C7475,EnableBakeWave
0xF1A513FF,EnableDCC
0x889D8D17,EnableEffectLocalMinMax
0x97D34F62,EnableGBufferCompression
0xA9994DEE,EnableLocalLight
0x29E92422,EnableLod
0xBAF0DF79,EnableModelGroupBuffer
0x305F5E86,EnableNoiseDisplacementFlag
0xD569E418,EnableOverwrite
0xCDE81A04,EnablePartsLod
0x780E722E,EnableReflection
0xBB308ACD,EnableShadowVolumeClip
0x8EE2C7B5,EnableSharingTextureWithMainRendering
0x500AA937,Entity0SpaceQuaternion
0xB7EBD616,Entity1SpaceQuaternion
0x108D0F88,EntityListContainerObjectNameHash
0xAD6B33BB,EntityObjectNameHash
0x8C431FDD,EntityOffsetArray
0x8D9B2BCD,EntityTreeParentIDArray
0x8F23F45B,EntityTreeType
0x0D92FA32,EnvironmentDatabaseNameHashArray
0x3302F081,EnvironmentKeyHashArray
0x2881029B,EnvironmentNameArray
0x8E1DD3BE,EnvMapInterpolationTextureObjectNameHash
0x6FFAFD91,ErrorArray
0x8AF7672C,ErrorHandler
0xFEB2796F,ESMShaderObjectHash
0x8D4B07CA,EstuaryAmplitude
0x247DE6A6,EstuaryBubbleOpacity
0x821F4B7C,EstuaryFlowVelocity
0xD2401E4D,EstuaryTextureScaleU
0xDED913CE,EstuaryTextureScaleV
0x39A84A47,EvaluatorParameters
0x0B4D1D8A,EventArgumentObjectNameHashArray
0xD419A69A,EventEditorSkylightDependingParamsResolveType
0x1E753E5A,EventKeyHashArray
0x48096BF4,EventNameArray
0xAB529295,EventPlayCommandObjectNameHash
0x5DEB6182,EventSettingObjectDatabaseNameArray
0xC92CC970,EventSettingObjectDatabaseNameHashArray
0xCAE85ED5,EventSettingObjectNameHashArray
0x8013C6AC,EventType
0x848CF8FC,ExAlbedoTexturesRenderStateObjectHash
0xF995D201,ExcludeHLODFlag
0x6DCA7912,Exclusion
0xF9862379,ExecutePolicy
0x9E508EA9,ExitStateReturnCodeArray
0x52CBB8AA,ExNormalTexturesRenderStateObjectHash
0xC0C20ECC,ExponentialShadowmapsObjectNameHash
0x30FA8EC4,ExponentialShadowmapTextureObjectNameHash
0x261F8A11,ExportShaderObjectNameHash
0x5BCEA1E5,ExposureDialMinMaxV2
0x5C1A1454,ExposureTextureObjectNameHash
0xB62A1ED3,ExposureValueRange
0x7BFA0E12,ExpressionAnimationDataObjectNameHash
0x70C3F061,ExpressionAnimationFrame
0x4439EF34,Extensions
0x0000179C,Extensions
0x98133562,ExternalTexturesObjectNameHashArray
0x1EE2E431,EyeForBake
0x84E351E4,EyeTwinkle_globalExponentScale
0xE1BCBA93,EyeTwinkle_globalScale
0x05288AA2,EyeTwinkleCubeArrayTexture
0x1F78953F,FaceDataObjectNameHash
0xFAD9F640,FacialKidsSceneDatabaseNameArray
0xA067525E,FactoryObjectNameHash
0x05BE2F9C,Fade
0xA2DCAC71,FadeDistance
0xE02E6994,FadeinFrame
0x08E3C83A,FadeinFrameNum
0x56005D9E,FadeInTime0
0x5DB202FD,FadeInTime1
0x6563A85C,FadeInTime2
0xDEBDB122,FadeLength
0x20D0F5DB,FadeoutFrame
0x0EC76BF5,FadeoutFrameNum
0xD293B717,FadeoutSpans
0x4973B301,FadeoutTime
0xCB69D751,FadeOutTime0
0xB9ECDDD2,FadeOutTime1
0xA86FE453,FadeOutTime2
0xF231E60A,FadePowers
0x3F358686,FadeSaturationSceneColorTempTextureObjectNameHash
0xF41166D2,FadeSaturationSceneColorTextureObjectNameHash
0x5293CB72,FadeScale
0x016377C9,FadeTime
0x3B01E0CC,Falloff
0x3FF66036,FalloffAlignedYAxis
0xE122BFF9,FarClip
0x784169AC,FarHeightScale
0xBD9F5EEA,FarScaleBegin
0xDE66BDB8,FarScaleEnd
0x8C9CCB59,FarTexturesRenderStateObjectHash
0x1E4870A5,FarWidthScale
0xEF02378E,FbIKLinkTreeObjectNameHash
0xD9D95FA0,FCurveAnimation2ConstraintFlag
0x345E6F4C,FCurveAnimation2LinkID
0xA4746423,FCurveAnimationDataObjectNameHash
0x7699D5EF,FCurveEyePosition
0xBDA68FFB,FCurveFocalPosition
0xF9C66F7C,FCurveFov
0x1DF18826,FCurveRoll
0x32230BA1,FE4LandG1SFileResourceHash
0xFC953A88,FE4LandGBufferForDeferredShadingG1SFileResourceHash
0xDC9F76E9,FE4LandGBufferForSGIDeferredShadingG1SFileResourceHash
0x99FFAB66,FE4LandGBufferG1SFileResourceHash
0xEA4A9A5B,FE4LandLightMapG1SFileResourceHash
0x386EF242,FE4LandLightMapGBufferForDeferredShadingG1SFileResourceHash
0xA66B3DA3,FE4LandLightMapGBufferForSGIDeferredShadingG1SFileResourceHash
0x4FC1A520,FE4LandLightMapGBufferG1SFileResourceHash
0x8BE0D828,FE4LandLightMapPreLightG1SFileResourceHash
0x7CE6666E,FE4LandPreLightG1SFileResourceHash
0x717F3ABB,FE4LandShadowMapG1SFileResourceHash
0xB4A41515,FE4LandShadowMapGeneralG1SFileResourceHash
0xF625FB14,FE4LandShadowMapLSPG1SFileResourceHash
0xD8057682,FieldBaseOffset
0x4214D5FA,FieldConditionNameHash
0xA9A7E56C,FieldDimension
0x7285AF13,FieldOffset
0x000021E8,FieldOfView
0x7C5D29E5,FieldSize
0x5212165D,FieldStageNameHash
0xD7566C01,FieldViewGridType
0x21A6436C,FieldVolume
0x2CDAB921,FigureColor
0xE7578361,FilePath
0x20AC95BE,FileStreamDataObjectNameHash
0x4C84291D,FileStreamDataObjectNameHashA
0x4D30D4BC,FileStreamDataObjectNameHashB
0x4FAFC4C4,FileStreamObjectNameHash0
0x518917E3,FileStreamObjectNameHash1
0x53626B02,FileStreamObjectNameHash2
0x63F9E5A4,FileVersion
0x8C52C0A6,FillMode
0x4AFD3E13,FillProbe
0x41752AD8,Filter
0xE20DDE08,FindAlreadyCreatedObject
0x8AEB3407,FitAreaOnGroundThreshold
0x3082060B,FixedDirection
0x05D92ACC,Flag
0x05D92EAC,flag
0x5B2B79DA,Flag2
0x77EF9DF6,FlagAboutUpdate
0xAABBEBFF,FlagEX
0xF4B6AF8D,FlagEX2
0x5C97DC6C,FlagEX3
0xC479094B,FlagEX4
0x8AEA923A,FlagmentColors
0xCA167A39,Flags
0xA3AED92E,FlatDistance
0x7E46245B,FlexibleDepthTextureObjectNameHash
0xEF06EA2E,FloatIntermediateLutObjectNameHash
0xD69AA9A4,FloatInterpolatedLutObjectNameHash
0xDB0FB744,FloatInterpolatedOptionalLut0ObjectNameHash
0xDBBC62E3,FloatInterpolatedOptionalLut1ObjectNameHash
0x167DBDD4,FloatParameterHeadIndexArray
0xBE237FCD,FloatParameterNameHashArray
0xAAA0A155,FloatParameterValueArray
0x3771B2CF,FloatParameterValues
0xDDD11915,FloatValue
0x764F8B99,FloorID
0x57A347CB,FlowVelocity
0xF5B04549,FluidBufferTexture0ObjectNameHash
0xDD521BA8,FluidBufferTexture1ObjectNameHash
0xC4F3F207,FluidBufferTexture2ObjectNameHash
0x37514343,FluidGridTextureActiveRange_0
0x37FDEEE2,FluidGridTextureActiveRange_1
0x9EA2D312,FluidGridTextureAddDensity
0x472F2376,FluidGridTextureAddDensityPosX
0x5C17EBB7,FluidGridTextureAddDensityPosY
0x05C09684,FluidGridTextureAddDensityRadius
0x896B6BD3,FluidGridTextureAddDensityRcoef
0xF203EF4C,FluidGridTextureAddVelocityRcoef
0xB72FFC45,FluidGridTextureAddVelocityX
0xE07FE0C6,FluidGridTextureAddVelocityY
0x7BFE3375,FluidGridTextureCreateCollMaxNum
0x12BEB0ED,FluidGridTextureDensityAttenuation
0x963E2DBD,FluidGridTextureDiffCoef
0x7BE95B7D,FluidGridTextureEffectSize
0x9E4C2024,FluidGridTextureNoiseCoef
0x5470D960,FluidGridTexturePresetDensityNoiseSpaceScale
0x8004091F,FluidGridTexturePresetDensityNoiseTimeScale
0xECAF154C,FluidGridTexturePresetDensityScale
0xD5FF5AC8,FluidGridTexturePresetDensityType
0x5D444834,FluidGridTexturePresetInputResolution
0x7CACDA50,FluidGridTexturePresetMaskFadeStart
0xC0169490,FluidGridTexturePresetMaskType
0x01A06ADB,FluidGridTexturePresetVelocityDirectionAngle
0x7D50E069,FluidGridTexturePresetVelocityNoiseSpaceScale
0xC423A88A,FluidGridTexturePresetVelocityNoiseTimeScale
0xECDA21FD,FluidGridTexturePresetVelocityScale
0x2D928C01,FluidGridTexturePresetVelocityType
0x00459A33,FluidGridTextureSimulationSize
0xE4E55009,FluidGridTextureTexDencityCoef
0x40A4BF8E,FluidGridTextureTexFadeWidth
0xD042DA50,FluidGridTextureTexNormalCoef
0x7F763DC3,FluidGridTextureTexSize
0x05ED163B,FluidGridTextureViscCoef
0x4A8634A5,FluidGridTextureVorticityCoef
0xCD2998FA,FluidResourceHash
0xFAFB2F78,FluidShaderNameHash
0x8FE6C0E3,FoamBubbleDensityScale
0x1D70A074,FocalPlaneColor
0x913259A9,FocalPointForBake
0xEFBB0A65,FocusingPower
0x6E6116F9,FocusMovingGroup
0x5E8410AA,FogObjectNameHash
0x7DCFD656,FontColorLB
0x00150000,FontColorLB
0x615787D8,FontColorLB_FCurveAnimationDataObjectNameHash
0x084D7704,FontColorLT
0xEBD52886,FontColorLT_FCurveAnimationDataObjectNameHash
0xFB2C06DC,FontColorRB
0xDEB3B85E,FontColorRB_FCurveAnimationDataObjectNameHash
0x85A9A78A,FontColorRT
0x6931590C,FontColorRT_FCurveAnimationDataObjectNameHash
0x8985E35B,FontParameterObjectKeyHashArray
0xF504C347,FontParameterObjectNameHashArray
0x536BEC45,FontScale
0xCCB50789,FontSpace
0x6E98DE93,FootOnGroundGain
0x728B8AE3,FootOnGroundScaleHeight
0xD7DA38BE,FootPositionArray
0xBD05D0A0,FootToHeelOffset
0x7224B1EC,FootToToeOffset
0x081439EA,ForceExposureValueRangeToFloat16Precision
0xF07CB11B,ForcePartsSetObjectNameHash
0xC6D5112E,ForceRegContainerCapacity
0x6D640FFA,ForceRegisterNormalZDistance
0x92E9E9E7,ForceSpecialAlphaLightGroup
0x0DA7140C,ForceUsedFlag
0xAE67BA83,FormatRStatisticalOceanG1SFileResourceHash
0xB89103B5,FormatRStatisticalRiverG1SFileResourceHash
0x66B15C14,FormedCharacterFormIdArray
0x02BDB3F6,FormedCharacterFormNameHashArray
0x25A4EFEE,FormedCharacterKeyHashArray
0xA180865B,FormedCharacterObjectNameHashArray
0xB77B1FD9,ForSuperSampling
0x85365732,ForSuperSamplingIntermediate
0xDF8A8259,ForUsual
0x3047A885,ForwardRenderingParamsObjectNameHash
0xFE2395E3,ForwardScreenMapObjectNameHash
0xB39530A2,ForwardSpeed
0x3A7F9FC2,FPoseContainerObjectNameHash
0x2C0BD7E5,FPoseIDParameterHash
0x4B16E4BC,FPoseObjectHash
0xB2874513,Frame
0xC7E19202,FrameCount
0x312E5E69,FrameCountArray
0xF977F44D,FrameLength
0xB9C4B4C6,FrameLengthArray
0x7446EF80,FrameOffset
0x47389AF8,FrameParamObjectNameHash
0xBA590864,FramePerSecond
0x143E575E,FrameSyncType
0x01D4DB67,FrameThickness
0xA424CC1C,FRAniObjectHashArray
0xA2DD60A1,FreeDistance
0xC32CF3C3,FreqScaleU
0x5811A684,FreqScaleV
0x0B43C9E6,Frequencies
0x3E0F231A,Friction
0x2121DD41,FrictionArray
0x4D7C9CA2,FrondDeform
0x20EEB7A3,FrondFrequency
0xA1A63083,FrustumViewCullingType
0xC570F198,FStop
0xBCCE2C8A,FstopMinMaxV2
0xA0811DE7,FstopShapeMinMaxV2
0xF1BA6952,FullscreenCopyTemporaryTextureObjectNameHash
0x6FDE8BCE,FullSizeDepthRenderTargetObjectNameHash
0xB6114288,FullSizeIntermediateRenderTargetObjectNameHash
0x374D3B7E,FullSizePrevRLRTextureObjectNameHash
0x70587341,FullSizeTempColorTextureObjectHeaderNameHash
0xAC84A635,FullSizeTranslucentSpecularRenderTargetObjectNameHash
0x1D2BAAE7,FullSizeTranslucentSpecularTextureObjectNameHash
0x8DED3D94,FunctionCurveHashArray
0x84A93E2F,FunctionCurveNum
0x84CEE156,FunctionCurveNumArray
0xB768EE26,FunctionHash
0x000010A8,Fur_ZWriteAlphaThreshold
0x350DC6CE,FXAAEdgeSharpness
0x307216E4,FXAAEdgeThreshold
0x77CBE856,FXAAEdgeThresholdMin
0x20196D95,FXAAEnable
0xE9D823E9,FXAAPixelRange
0x54A05D41,FXAAQualityEdgeThreshold
0xDF0F678F,FXAAQualityEdgeThresholdMin
0x4DCC7F17,FXAAQualityLevel
0x07D11283,FXAAQualityPerformance
0xBEB97EB5,FXAAQualitySubpixSharpness
0x855F598C,FXAAType
0x1927F731,G1AFileResourceHash
0x60D2ECDC,G1COCollisionResourceAttachedOIDNameHashArray
0x1E9DEBBD,G1COCollisionResourceNameHash
0x06CAA850,G1COCollisionResourcePartsType
0x50D6507B,G1FPoseFileResourceHash
0x99791E22,G1FRAniFileResourceHash
0xEF14679A,G1NResorceNameHash
0x5348D820,G1NResourceHash
0x868DE871,G1R2ResourceNameHash
0x193025DF,G1SFileResourceHash
0x05491713,G2NGlyphSetObjectHashArray
0x133DBDAB,G2NGlyphSetResourceHash
0x5348DBE1,G2NResourceHash
0x063F491F,Gain
0xDD67B7AC,GammaCorrectionValue
0x26E782C2,GateSwitchIdx
0x5538CB86,GateSwitchIndexArray
0x8E4BC956,GateSwitchIndexArray0
0x14D183F5,GateSwitchIndexArray1
0x9B573E94,GateSwitchIndexArray2
0x21DCF933,GateSwitchIndexArray3
0x69441AAE,GaussAttributes
0x33E0132B,GBufferABTextureObjectNameHash
0xE2902DC5,GBufferAdditionalTextureObjectNameHash
0x7B445EC8,GBufferAlbedoObjectNameHash
0x09945373,GBufferAlbedoTextureObjectNameHash
0x0B66540F,GBufferAlbedoUsageIndex
0xB7CCDD1F,GBufferD1TextureObjectNameHash
0x84BFE294,GBufferDecalABTextureObjectNameHash
0xAD514389,GBufferDepthTextureObjectNameHash
0x916F2815,GbufferDirectOcclusionObjectNameHash
0xEE1DC5C1,GBufferEditABTextureObjectNameHash
0xFDC05EBA,GBufferEditDeferredDecalShaderObjectNameHash
0x5CB1899A,GBufferEditEMTextureObjectNameHash
0x0A7F7DDD,GBufferEditNSTextureObjectNameHash
0x0BB30984,GBufferEditPB2DeferredDecalShaderObjectNameHash
0x51B1BFC2,GBufferEditPB2ScreenMapShaderObjectNameHash
0xE692661E,GBufferEditPB2SnowCoverShaderObjectNameHash
0xC48B97E1,GBufferEditRSTextureObjectNameHash
0x3B0DD860,GBufferEditSnowCoverShaderObjectNameHash
0x383CB4C8,GBufferEditTNTextureObjectNameHash
0x59486B4A,GbufferEmissiveObjectNameHash
0x0419AB84,GBufferEMTextureObjectNameHash
0xE7316B54,GBufferExternalD1TextureObjectNameHash
0x2889DCD8,GBufferForDeferredShadingG1SFileResourceHash
0x48165B97,GBufferForSGIDeferredShadingG1SFileResourceHash
0x0E6F89BA,GBufferG1SFileResourceHash
0xBE966D71,GBufferIDTextureObjectNameHash
0x1A9A9D23,GBufferIRTextureObjectNameHash
0x224207EE,GBufferLinearRoughnessOrGlossinessUsageIndex
0x9826997D,GBufferMaterialIDTableObjectNameHash
0xFA503BDA,GBufferNormalObjectNameHash
0x88A03085,GBufferNormalTextureObjectNameHash
0x8A723121,GBufferNormalUsageIndex
0xF43A3947,GBufferNSTextureObjectNameHash
0x14745CD3,GBufferOcclusionTextureObjectNameHash
0x43E79658,GBufferOCTextureObjectNameHash
0xABA254EB,GBufferOPTextureObjectNameHash
0xE23236BD,GbufferReflectanceObjectNameHash
0xCB28FDB6,GBufferReflectanceUsageIndex
0x24BF75AC,GbufferRefractionObjectNameHash
0x7D7933AE,GBufferRiver2ForPB2DSG1SFileResourceHash
0x59061267,GBufferRiver2ForPB2RSMG1SFileResourceHash
0xB7F4E661,GBufferRoughnessObjectNameHash
0x5102842C,GBufferRRTextureObjectNameHash
0x454BF54B,GBufferRSTextureObjectNameHash
0xD7E035DC,GBufferSILTextureObjectNameHash
0x1FD7BD92,GBufferSMTextureObjectNameHash
0xCA398DA4,GBuffersObjectNameHash
0x5562A469,GBufferSpecularTextureObjectNameHash
0x1829C44D,GBufferStatisticalOceanForDSG1SFileResourceHash
0x5A36F9C1,GBufferStatisticalOceanForDSWV_TG1SFileResourceHash
0x2024816C,GBufferStatisticalOceanForDSWVG1SFileResourceHash
0x7864CB6A,GBufferStatisticalOceanForDSWVRPG1SFileResourceHash
0xDD1F88B1,GBufferStatisticalOceanForPB2DSG1SFileResourceHash
0x5C3EEEBD,GBufferStatisticalOceanForPB2DSWV_TG1SFileResourceHash
0x70DDC332,GBufferStatisticalOceanForPB2DSWVG1SFileResourceHash
0x52405074,GBufferStatisticalOceanForPB2DSWVRPG1SFileResourceHash
0x8DA5809C,GBufferStatisticalOceanForSGIDSG1SFileResourceHash
0x99362877,GBufferStatisticalOceanG1SFileResourceHash
0x79F4117F,GBufferStatisticalRiverForDSBBG1SFileResourceHash
0x22530D7F,GBufferStatisticalRiverForDSG1SFileResourceHash
0x61D94DE3,GBufferStatisticalRiverForPB2DSBBG1SFileResourceHash
0xE748D1E3,GBufferStatisticalRiverForPB2DSG1SFileResourceHash
0xB01D5D5C,GBufferStatisticalRiverForPB2RSMG1SFileResourceHash
0x97CEC9CE,GBufferStatisticalRiverForSGIDSG1SFileResourceHash
0xA35F71A9,GBufferStatisticalRiverG1SFileResourceHash
0xF1179B53,GBufferTextureObjectNameHashArray
0xA8659DB2,GBufferTNTextureObjectNameHash
0x1F4C8F5F,GBufferType
0x32ED64E4,GBufferVelocityObjectNameHash
0x6D12DACF,GBufferVelocityTextureObjectNameHash
0x4267246B,GBufferVelocityUsageIndex
0x7189BD56,GBufferVlTextureObjectNameHash
0x4633440D,GBufSize
0xB6453904,GeneralControllerObjectNameHash
0x877B56E1,GenerateDepthFilteredMipMapShaderObjectHash
0x29DD7D66,GenerateFilteredMipMapShaderObjectHash
0x6317C2FC,GenerationSettingFlag
0xED410A75,GeneratorObjectNameHash
0x738BCF9A,GeometryScaler
0xD1B19D07,GlobalAnisoSampleNum
0xDD5651BC,GlobalFlags
0xE9903190,GlobalLightHSVColorInterpolateType
0x87C93FA1,GlobalMinMipLevel
0x6B0855C9,GlobalMipLodBias
0x602E9CD5,GlobalSamplerLodBias
0xFD3FEC56,GlobalSymbolID
0x6316E8AD,GlobalTextureFilterMode
0x3EAF7016,Glossiness
0x761A536C,GlossinessScale
0x73507102,GlossinessTextureArraySlice
0x591ACEE5,GMLOArgumentObjectNameHashArray
0x8E17D0FC,GoalPosition
0x728034DB,GoupObjectNameHash
0x2E8C8FEA,GPUCullingSetupShaderObjectNameHash
0x88954AAA,GPULightListTargetViewMask
0x2D4FD8CC,GradationTime
0xFC3B55FA,GradientForDetailedScan
0x7BC5C8A4,GradientRestriction
0x190DD3AE,GrassDisplayMaxNum
0x8516907D,GrassDisplaysetObjectHash
0xA6E04543,GrassNormal
0xD0FD1BCF,GrassResourceObjectHash
0xDB57D35A,GrassTexturesRenderStateObjectHash
0xD62EE080,GrassVertexDisplacementReso
0x32C64732,GrassVertexDisplacementShaderObjectNameHash
0xCB9A8A12,Gravity
0x9FE35AB2,GravityAcceleration
0x05B29DE6,Grid
0x9001E24C,GridEriaXY
0xAA8712B4,GridMargin
0x1FD8D252,GroundAlbedoTable
0x9745BF2D,GroundAlbedoTextureObjectNameHash
0x704AFDEE,GroundHeight
0x4CF82E2A,GroundLinearRoughnessTable
0xC63D09E9,GroundReflectanceTable
0x733A7E06,GroupID
0xC0C5A5B5,GroupMask
0x54E95FFC,GroupMaskMain
0x055AF21E,GroupMode
0x73F06408,GroupNameHash
0x57DD3C9A,HalfHeight
0x0E22CC5A,HalfReductionLength
0x7DBF00DD,HalfSizeStencilSurfaceObjectNameHash
0xC5635F6E,haloReferenceGhostInfo
0x05EF47EE,Hash
0xE0583988,HashKeyArray
0x1A705676,HashValueArray
0x1E4147B8,HasLocalBlackboard
0xC45E26D5,HdrLut
0x7F9D5BCE,HdrLutInterpolationPixelFormat
0x0EBBA230,HDRNASceneTextureObjectNameHash
0x514B2AC3,HDRSceneTextureObjectNameHash
0x35710D2F,HDRVariableResolutionRTFormatType
0xB744E59E,HeadCut
0xFE4F1251,HeadCutTime
0x5F49347F,HeadCutTimeAsRate
0x27AC7AFA,HeadInterpolateEasingType
0x07400A32,HeadInterpolateTime
0xAFA78DC7,Height
0x000021F4,Height
0x4596DEB8,HeightCount
0xA5C941AC,HeightDeform
0x6E1F14A4,HeightFogColorTableNum
0x8FF946FD,HeightFogColorTableSize
0x6B46F88E,HeightFogFadeInStartAndEnd
0x280C7715,HeightFogFadeOutStartAndEnd
0x50957CAA,HeightFogG1SFileResourceHash
0xF024BB6A,HeightFogLayer0
0xD1B69949,HeightFogLayer1
0x4BE3095C,HeightFogModeOfFadeInOut
0xBC0CBD8D,HeightFogModeOfLayers
0x6307760C,HeightFogShaderObjectNameHash
0x9E47AD0F,HeightFogType
0x020F2633,HeightForIniPostEffect
0x409A86CB,HeightFrequency
0xF8BD6B08,HeightMapControl
0x88A0D797,HeightMapCopyG1SFileResourceHash
0xA8C0C79F,HeightMapEditorG1SFileResourceHash
0x5DBDDB86,HeightMapTexture
0x3D9C77A1,HeightMapTextureOffsetX
0x359F955F,HeightMapTextureOffsetZ
0x4A9714B4,HeightMapTextureScaleX
0xDEFA4736,HeightMapTextureScaleZ
0x25DD30FA,HeightOffset
0xCC8A8926,HeightRenderTargetObjectNameHash
0xE8F50CF3,HFReference
0x4E037691,HighBrightness_FirstEmissiveScale
0x1E013DA4,HighBrightness_FirstHighBrightnessArea
0xB34BA5C1,HighBrightness_InfluenceOfRedSlimeForArea
0x6CF96AE5,HighBrightness_NoiseUVScale
0xD5857A2B,HighBrightness_Omit
0x040037E4,HighBrightness_ParallaxBias
0x76EB5587,HighBrightness_ParallaxScale
0x3BC8B0F3,HighBrightness_SecondEmissiveScale
0x6B83CC40,HighBrightness_SecondHighBrightnessArea
0x374D1A8E,HighMask
0x44944549,HighTypes
0xB76ABB51,HingeAngleLimitMax
0xD351FABF,HingeAngleLimitMin
0xF8553913,HingeJointAngleMinMaxArray
0x9EF70229,HiPartsObjectNameHash
0xA457277F,HLOD0DistanceThreshold
0xEFA73325,HLOD2DistanceThresholdClose
0x79421AE6,HLOD2DistanceThresholdFar
0x297B2DF0,HLOD2ModelNameHashArray
0x4B0FE6C3,HLOD2ModelVSetArray
0x6B80B71D,HLOD2RegisterContainerObjectNameHash
0x361E1B16,HLODDepth
0x0159380C,HoldTime
0x99AD2A1C,HorizonalDiffuse
0xA776844D,HorizontalAngleDataType
0xEF5CBE7E,HorizontalAnglesNum
0xEEF0112F,HVAlignType
0xF14031C6,HVAlignTypeOnParent
0x73B031BC,HVTextAlignType
0xF11B6E80,HWRaytracingFlags
0x1AC396A6,HWRaytracingModelObjectNameHash
0xAAD35562,IDLScalerOfAmbientDiffuseMap
0x71CC5512,IESAttributes
0xFE042EEF,IESLightProfileBinaryObjectArray
0x6CA9582A,IESProfileObjectNameHash
0x0D3397DB,IgnoreEnvironmentMap
0x533BE213,IgnoreForceStabilityMode
0xD5F6F638,IgnoreGroupID
0xDEBD63DB,IllusionCapacity
0x57804411,IllusionColorTextureObjectNameHash
0x6F868F71,IllusionDepthTextureObjectNameHash
0xD1456309,IllusionDirU
0xBFC8698A,IllusionDirV
0x70069CDE,IllusionFinalTextureObjectNameHash
0xBA990187,IllusionIntermediateTextureObjectNameHash
0xA0108707,IllusionLength
0x6186F4F9,IllusionModelLOD
0xC4FE630B,IllusionSwapShaderTable
0x58E573B0,ImageDiagonal
0xA1CF9C3E,ImageHeight
0x689C063D,ImmediateMapping
0x7E33FECB,Impulse
0x0F2D233E,Inclination
0x00D75054,IndexedRampHairHighlightTexture
0x556972D8,IndexedRampTexture
0x698427C3,IndexedRampType
0x85B18C05,IndexOfBakedArrayShadowmap
0x513C3DCD,InertiaTensor
0x315AC406,InertiaTensorArray
0x9C7C545B,InfiniteFocalLengthMinMaxV2
0x3DC87269,InfiniteImageCircleRate
0x1A93B149,InfiniteVignettingStartRate
0x8DF82631,InfluencedAlpha
0xF0D76616,InfluenceDistance
0x73932324,InGain
0xA771F1C4,IniPhases
0x968B99FA,IniPostEffectViewFlag
0x179958D1,InitAngularVelocity
0x51F280DB,InitialAngularVelocity
0x3A184382,InitialCapacity
0x2228C58F,InitialLoadSceneBuffers
0x78A44F8B,InitiallyLoadTargets
0xDF3A37A0,InitiallyLoadTargetsForPE3
0x67921382,InitiallyLoadTargetsForPE3_TAA3
0x81C43878,InitiallyLoadViewFlag
0x4B637763,InitiallyResolution
0x5C4BBC8D,InitialState
0x7A9027E6,InitialStateNameHash
0x50924934,InitialSubsetTerrainDisplayListMaxSize
0xC7AC9209,InitialUtilMapsNum
0x2476853F,InitialVelocity
0x57764EED,InitVelocity
0xB45CC9C3,InLpf
0x4E409F3D,InnerAngle
0x7314B5E5,InnerOuter
0x4CAD7835,InputDirection
0x05114D70,InstanceCullingDistance
0x891FAF8E,InteractObjectNameHash
0x30C9C178,IntermediateRenderTargetObjectNameHash
0xF7442F06,IntermediateTextureObjectNameHash
0xEA040729,InternalFlag
0x4BEF4ECC,InterpolateFrame
0x26C9589B,InterpolateFromEmptyFrameNum
0xBD0308F2,InterpolateTime
0x11C3BE2A,InterpolateToEmptyFrameNum
0xE871E1A5,InterpolateType
0xC675633A,InterruptMode
0x75FFB2A6,IntersectionShaderObjectNameHash
0x139E4265,Interval
0xADD9AC12,IntervalTime
0x54173F62,IntParameterValueArray
0xB312675C,IntParameterValues
0xF482A722,IntValue
0x74045621,InvalidDelta
0x3FF39715,IRim_Indices
0x225C8915,IRim_rflScalerLocalAndAmbients
0x71B6BF9D,IRim_rflScalerMainAndSubs
0x81C00D8D,IRim_rmExtIndices
0x4D694803,IRim_rmModes
0x42E7F506,IRim_rmScaleSharps
0xDE0EEED5,IRim_rmTargets
0xF0D717C3,IRim_tkEmiCurveParams
0xC6BCC03E,IRim_tkEmiParams
0x4437CBB8,IRim_trsScalers
0x444746EF,IsAccumulatedSnowRender
0xB43535BE,IsActiveWaterfall
0xE90E4913,IsAlphaPrimitive
0x9F7CCCAA,IsAndCombineConditions
0xD6AF3691,IsAndCombineConditionsArray
0xF3C615A2,IsAssistance
0xC9E16E0E,IsAttached
0x61E8A109,IsBlendTexture1FromTexPackAsset
0x437A7EE8,IsBlendTexture2FromTexPackAsset
0xDD54631E,IsCastVirtualShadow
0x372C4131,IsCommitChange
0x0E09C272,IsDecalAfterSnowRender
0xDA77FFF3,IsDirectivityEnabled
0xB0C37F26,IsDisabled
0xDE291BD2,IsDisabledModelSDF
0x4083B2C2,IsDisabledOBOROSDF
0xD6F00688,IsDrawLocalLightArrayShadowmapOnly
0xF3D15462,IsDynamicDataContainer
0x3DD6AC2D,IsEnable
0xDF389743,IsEnableAdjustmentPosition
0xE3753498,IsEnableAdjustmentRotation
0x3FC26501,IsEnableChangingR32ForR16F
0xC9F610DD,IsEnableClampingPosition
0xD5F3FF72,IsEnableClampingRotation
0xF81EC5BB,IsEnableClampSamplingPoint
0x0B3A6FDE,IsEnabledLocalLightShadow
0x7775A49A,IsEnabledLowResolutionBufferEffect
0xE9693E74,IsEnabledPrepassedDepthTexture
0x2A9BA354,IsEnabledRefraction
0xFEA8E909,IsEnabledSSSS
0xD6009B04,IsEnabledToonEdge2
0x48874AAC,IsEnabledTsb
0x6D13803A,IsEnableEditor
0xE59C07E4,IsEnableEmissive
0x95BFDBCE,IsEnableFontScaleToFontSpace
0xA7BF0408,IsEnableGammaCorrection
0x1CF00F38,IsEnableNormalMap
0xEC583377,IsEnableOrientationWarping
0x7872682D,IsEnablePB2
0x7658B96C,IsEnablePBS
0x00788220,IsEnablePigmentMapRange
0xE065714E,IsEnablePreventReselection
0x807EA830,IsEnableResetLinkTreeAtFrame0
0x7F4EBC5A,IsEnableSDFOutline
0xC68C0E14,IsEnableSpecularMap
0xC7DDB5BA,IsExecuteMMOnInputQuicklyChanged
0x013CA48E,IsFitTerrain
0x181A67D5,IsFixedDirection
0x5170803D,IsForceHide
0x711A5F43,IsInstancingDisplaySetArray
0xC60B9A85,IsKinematic
0xE8644F0E,IsLoop
0x06330264,IsLoopMotion
0xE3EB705E,ISLScalerOfAmbientSpecularMap
0xFFB2839A,IsMaintainBaseline
0x2C5F4F6E,IsMainTextureFromTexPackAsset
0x8E1FE1D2,IsNotDrawParallelLight0
0x920E7436,IsNotDrawParallelSubLight
0x8FB1F483,IsObjectSpace
0xE8F3DC36,IsOceanRender
0xFE5F738B,IsOpaque
0x646DE594,IsPositionAdjustmentByVelocity
0xA6F8E3CE,IsRect
0xE98D44D5,IsRefractionRender
0xE6F655BF,IsReleaseAttached
0x692E1D57,IsResolutionDependent
0xB1F03B83,IsReverseCondition
0xBEF1CCE9,IsRotationAdjustmentByVelocity
0xF2A1F939,IsRuntimeBake
0x274071AD,IsSetPrevWind
0x8018C263,IsSnowRender
0x7CB2DA23,IsStaticTerrain
0x97DED07A,IsStepAttached
0xB706B079,IsStrafe
0xD1FE5436,IsTexturesRenderStateUnique
0x741C1440,IsTwistVariableArray
0xB5020F61,IsUnitBoneTranslation
0x4CC3EF78,IsUpdatePhase
0xE863BDB9,IsUseAnimationGraph
0xA284326D,IsUseCrowdNav
0x4911ADEA,IsUseDepthMap
0xC5EF56C4,IsUseEdgeAlpha
0xD09619A7,IsValidHLOD2
0x2EA7B478,IsVisible
0x7B87814C,IsVisibleInHLOD2
0x0169A8A7,IterationMax
0xF08DFF49,IterationNum
0xC59CE975,JointFrictionArray
0xF14FA877,JointLocalBaseQuaternionArray
0xD96CA591,JointLocalPositionArray
0xF4EA8B86,JointLocalQuaternionArray
0x13D873ED,JointOrientationArray
0xFF5A0935,JointTypeArray
0xC585CE9A,KeyArray
0xC5C13123,KeylightShadowmapObjectNameHash
0x0A9DE82E,KeyLightShadowmapTextureObjectNameHash
0x58AC7E00,KeylightVirtualShadowmapObjectNameHash
0x74A97E89,KeyoffSpeed
0x5B5ED3B3,KeysAndBloomThresholdValues
0xC943143A,KeysAndBloomWeightValues
0x74F3E3E4,KeysAndExposureDialValues
0x14E6ACEE,KeysAndHeightFogLayer0ColorValues
0xB826D90C,KeysAndHeightFogLayer0PowerValues
0x5F18462F,KeysAndHeightFogLayer1ColorValues
0x0258724D,KeysAndHeightFogLayer1PowerValues
0xA949DF70,KeysAndHeightFogLayer2ColorValues
0x4C8A0B8E,KeysAndHeightFogLayer2PowerValues
0x43AEE919,KeysAndIDLScalerOfAmbientDiffuseMapValues
0x22A663E1,KeysAndISLScalerOfAmbientSpecularMapValues
0x05E8798A,KeysAndKeyLight0ScaleValues
0x609A4EBD,KeysAndLensSimulationDramaticHdrLutIntensity0Values
0x1A11DC5C,KeysAndLensSimulationDramaticHdrLutIntensity1Values
0xFFFFFFC4,KeysAndLensSimulationMaxBrightnessValues
0x97B6644F,KeysAndLensSimulationMaxBrightnessValues
0x4DDFD93D,KeysAndLensSimulationMinBrightnessValues
0x2D6AB02D,KeysAndSubLight2ScaleValues
0x7E148E2E,KeysAndSubLight3ScaleValues
0xD36E437F,KeysAndSunLightHueSaturationValues
0x765D1F72,KeysAndVolumetricCloudMinTypeValues
0xB7FFF3ED,KeysAndVolumetricCloudMinWetnessValues
0x372714EA,KeysAndVolumetricCloudThicknessValues
0xA157E8CB,KIDSAutomatonCBPBehaviorName
0x2A08B66E,KIDSAutomatonCEVBehaviorName
0x342E4F3F,KIDSAutomatonCNPBehaviorName
0x78935854,KidsSceneDatabaseNameArray
0x9156ACA6,KidsSceneDatabaseNameHashArray
0x70586723,KIDSTaskScheduler%d
0x15BE61AD,KSCLResourceHash
0x1605BFF0,KSEQResourceHash
0xB0B5B508,KTGL2DMapResourceHash
0xDB59AAFC,KTGL3DShaderRenderStateObjectHash
0x7D63EE7A,KTGL3DShaderRenderStateObjectHashReplaceAmplification
0xB4E5C39D,KTGL3DShaderRenderStateObjectHashReplaceMesh
0xB17E2494,KTGL3DShaderRenderStateObjectHashReplaceVertex
0x710732AA,KTGLAlternativeShaderRenderStateOffset
0x413E0B22,KTGLBVHFileResourceHash
0x9333E623,KTGLCollisionDataExResourceHash
0x96D20025,KTGLEffectDataResourceHash
0x8D69C872,KTGLEffectMeshDataResourceHash
0x98BB014B,KTGLEffectShapeMeshDataResourceHash
0xCED9D8A9,KTGLEffectSystemID
0x95424354,KTGLG1iiResourceHash
0xE2123642,KTGLG1LPDataResourceHash
0xB6EA93B4,KTGLG1PFDataResourceHash
0x207A87A4,KTGLGBufferMaterialIDAdditional0TableResourceHash
0x6143C32F,KTGLGBufferMaterialIDTableResourceHash
0x3A48D861,KTGLGraphTraceLevel
0xF17661E1,KTGLHeightMapFileResourceHash
0x7F0DE9A3,KTGLMaterialGroupBindTableResourceHash
0x20A7564C,KTGLModelDataExResourceHash
0x8AB68B3F,KTGLModelDataResourceHash
0x8DFD0584,KTGLOIDBindTableExResourceHash
0x3BBFD9A5,KTGLPartsModelGroupBindTableResourceHash
0x8CA04F21,KTGLPhysicsDataResourceHash
0x285733D2,KTGLRBFDataResourceHash
0x1B4FF321,KTGLRigBinResourceHash
0xAD260326,KTGLShaderBindTableResourceHash
0x3E6868A0,KTGLShaderBindTableResourceHashForCustom
0x07AAF542,KTGLShaderBindTableResourceHashForSwap
0x3DDC205C,KTGLShaderIDHash
0x6CFA424D,KTGLShaderIDHashForCloth
0xDF0A61AD,KTGLShaderIDHashForCmd
0x6341056D,KTGLShaderIDHashForStaticTextures
0xA03F1C67,KTGLShaderIDHashForStaticTexturesCloth
0x7A74D3C7,KTGLShaderIDHashForStaticTexturesCmd
0xE411A2B6,KTGLShaderIDHashForStaticTexturesVat
0x23396EDC,KTGLShaderIDHashForVat
0xD78969E0,KTGLShaderObjectHash
0xA98962A5,KTGLShaderRenderStateOffset
0xA289ED30,KTGLShaderRenderStateOffsetForSplitDraw
0x9BF326C7,KTGLShapeDataResourceHash
0x609F2AE3,KTGLSound2AssetPackageResourceHash
0x4328072A,KTGLSound2GcbinResourceHash
0xD0B08A03,KTGLSound2StreamAssetPackageResourceHash
0x211E0B05,KTGLSoundBankBodyResourceHash
0xED6665BA,KTGLSoundBankHeaderResourceHash
0xCB558893,KTGLSoundInMemoryStreamDataResourceHash
0xDEE3EBB9,KTGLSoundStreamDataResourceHash
0xB4840ACA,KTGLSwingDataResourceHash
0x6C7321D2,KTGLTexContextResourceHash
0x8FD1DA96,KTGLTexStageTableFilePath
0x0A3D837B,KTGLTexStageTableResourceHash
0x0812E364,KTGLVideoFileOffset
0xD78CB0D2,KTGLVideoFilePath
0x87F36C36,KTGLVideoFileSize
0xF2AF2B88,KTGLXptInfoResourceHash
0xA4E790C5,KtidFilePath
0x93AB8983,KTSSClipInternalTextureObjectNameHash
0x40377EDC,KTSSColorInternalTextureObjectNameHash
0xFDE26972,KTSSColorWork0TextureObjectNameHash
0x57BDD3B3,KTSSColorWork1TextureObjectNameHash
0x2AEA7A3C,KTSSDepthInternalTextureObjectNameHash
0xE89564D2,KTSSDepthWork0TextureObjectNameHash
0x4270CF13,KTSSDepthWork1TextureObjectNameHash
0xC73BD7C0,KTSSDilatedDepthTextureObjectNameHash
0xA0E6D14D,KTSSDilatedPrevDepthTextureObjectNameHash
0x12345C06,KTSSDilatedVelocityTextureObjectNameHash
0x902DB3CA,KTSSIndexTextureObjectNameHash
0x7A778C7D,KTSSLuminanceWork0TextureObjectNameHash
0x4821EE3E,KTSSLuminanceWork1TextureObjectNameHash
0xB31DA779,KTSSPrevVelocityTextureObjectHeaderNameHash
0xD0F3D350,KTSSVelocityInternalTextureObjectNameHash
0xA5ACD8FA,KTSSVelocityWork0TextureObjectNameHash
0x6A3EBB19,KTSSVelocityWork1TextureObjectNameHash
0xFB4969AB,KTSSWeightInternalTextureObjectNameHash
0x2CDA99BB,L2LayerNum
0xC21EE2F1,L2PSkeletonBoneCasheNum
0x817548DF,Labels
0x6121FB6C,LampDatabaseNameHash
0x727C5DF0,LampObjectNameHash
0xDE6BB56D,LampObjectRole
0x2275EF10,LandDiffuseArrayInfo
0x911FEA79,LandDiffuseTexturesRenderStateObjectHash
0x993D20EB,LandHeightArrayInfo
0xE7219462,LandHeightTexturesRenderStateObjectHash
0x7FD6052B,LandNormalArrayInfo
0xCDBA78A2,LandNormalTexturesRenderStateObjectHash
0xFE8DD1C5,LandOcclusionArrayInfo
0x6AA696EE,LandOcclusionTexturesRenderStateObjectHash
0x47E8C526,LandReflectanceArrayInfo
0x10E4E40F,LandReflectanceTexturesRenderStateObjectHash
0x81B849D5,LandscapeCellStatusResourceHash
0xCF878F8D,LandscapeObjectNameHash
0x7CF393F4,LandTexturePlacementBaseInfo
0x063DAE1B,LandTexturesRenderStateObjectHash
0xBB97E504,LayeredBRDFLayersObjectNameHash
0x0902725C,LayerFlagArray
0xF8E462BC,LayersNum
0xBCB333B6,LayoutKeyHashArray
0x016AE44A,LayoutNameHashArray
0x07B93EA9,LayoutObjectNameHashArray
0x2276FC56,LayoutTexturesInfoDataResourceHash
0xC8BB66DA,LayoutTexturesRenderStateObjectHash
0xB7CCDDBA,LBufferD1TextureObjectNameHash
0x67CF5EC9,LBufferS1TextureObjectNameHash
0x7F9D5C4A,LdrLutInterpolationPixelFormat
0x2DF43706,LeaveMaxSpeed
0x2897A897,LeavePitches
0x213B590D,LeaveProgramIndexes
0x6C943AA1,LeavesDeform
0x07657FC0,LeavesFrequency
0x3A8A6612,LeaveSlotFlags
0x1417160D,LeaveThresholdSpeed
0x48C21342,LeaveVolumes
0xF840EF92,LeftTop
0xC6F0AE8F,LensAberration
0x5712D2DD,LensGroupInfo_DistanceFormula_a
0xDF4312BC,LensGroupInfo_DistanceFormula_b
0x59EDBC03,LensGroupInfo_TeleSpace_init
0x1CBBBCAC,LensGroupInfo_WideSpace_init
0x69C17F10,LensSimulationBloomRadius
0xC81F204D,LensSimulationBloomThreshold
0x119CC5BA,LensSimulationBloomThresholdSoftKnee
0xBE11D11C,Level
0x7744A442,LevelNum
0x0FB8D233,LevelOfDetailLowPartsDistance
0x238D8F27,LevelOfDetailMidPartsDistance
0x86D2E2F3,LifeSpans
0x754E8B8D,LightColor
0xF600D81B,LightColor2
0xFDB27D7A,LightColor3
0x056422D9,LightColor4
0xADA8AF3F,LightDiffuseOcclusion
0x59BD6FC4,LightGroupID
0x1E41D5B3,LightIntensityScale
0x101C73E5,LightListContainerObjectNameHash
0x0A283F16,LightMapTexturesRenderStateObjectHash
0xEEEB9BA7,LightPassShaderObjectHash
0xD6D7F8D2,LightProbeObjectNameHash
0x673B4423,LightSceneTextureObjectNameHash
0xD29E0990,LimitDistance
0xA4654504,LimitDistanceHoldTime
0x74A58170,LimitMaxArray
0xE902925E,LimitMinArray
0xD776D144,LinearLDRSceneTextureObjectNameHash
0xC2405D15,LinearRoughness
0x4D4AAC31,LineColor
0x6BC94F64,LinkTreeParentIDArray
0x9E66E372,LinkTreeType
0xA7DFA945,ListContainerObjectNameHash
0xD4C6393D,LocalAmbSpecShowType
0x92744C78,LocalAmplitude
0xD0F74F60,LocalBlackboardHash
0x28916A61,LocalBlackboardObjectHash
0x8D558E42,LocalCollNeglectGroupIdArray
0x739F83E1,LocalLightCullingType
0x2AB874CB,LocalLightNameHashArray
0x77D82803,LocalMinMax
0x34DD796C,LocalPosition
0x14FBFFA5,LocalPositionArray
0x02339897,LocalQuaternion
0x0BAED47F,LocalScale
0xAD2D1D66,LocalTranslation
0x22579C9C,LocationContainerObjectNameHash
0x6619527C,LocationHint
0xDC32ECA3,LocationIndex
0x995A6BC7,LODDensityRate
0x0FD0F003,LODDistanceArray
0x0575B6F4,LODDistanceScale
0x1EECBC2F,LodErrorValueArray
0xED9EE366,LODFarClipRate
0x9B7D6463,LODLevel
0x04974EBD,LodStartDistanceArray
0x4500EA96,LODTransitionTimeArray
0x065E6784,Loop
0x8E568CCD,LoopPosition
0xC2AFEDCF,LoopStartFrame
0x29B2A52E,LowLuminanceBloomingFix
0xFFFFFFD4,LowLuminanceBloomingFix
0x3FF03BC4,LowPartsObjectNameHash
0xFE600AFC,LowResolutionSceneColorTextureObjectNameHash
0x1D079E5C,LowResolutionSceneDepthTextureObjectNameHash
0x8C9F467C,LowTexturesRenderStateObjectHash
0x00001348,LPVDisplacement
0x93239F22,LPVFlag
0x00001354,LPVFluxAmp
0x917B9562,LPVInjectionShaderObjectNameHash
0x0000134C,LPVLightScale
0x00001358,LPVOcclusionAmp
0x8309F297,LPVPropagationShaderObjectNameHash
0x462994C1,LumiMax
0x3DF6821A,LumiThreshold
0xD0774231,LutInterpolationObjectNameHash
0x77BD0E53,LutInterpolationType
0x00001984,M$w$U4mbUZVm$x6&Nk%6.zpS6(kCJYpn
0x62150DD5,MagFilter
0x59EC3891,Maggot_AreaFromInnerSilhouette
0x6FE2E5F6,Maggot_AreaFromOuterSilhouette
0x4E991659,Maggot_AreaOfEdge
0xA19585DA,Maggot_BaseNoiseUVScale
0x10ED311D,Maggot_DistortionValue1
0x0CEEBFFC,Maggot_DistortionValue2
0xC4A8BD8D,Maggot_EmissiveScale
0x6C22AE49,Maggot_EmissiveScale_CenterOfMaggot
0x7279C7B0,Maggot_FadeOfParallax
0x0DE4F726,Maggot_InfluenceOfDistanceForThickness
0x8D78B172,Maggot_MovementSpeed
0x8EC41DDC,Maggot_NoiseUVScale1
0x9B5D135D,Maggot_NoiseUVScale2
0x9AD7D571,Maggot_Omit
0xE08CCCCD,Maggot_ParallaxScale
0xCAF87FC6,Maggot_PerMaggotScale
0x69176226,Maggot_SlopeOfCorrectionThickness
0x5D95F4D1,Maggot_ThicknessAnimationSpeed
0x6867F214,Maggot_ThicknessCorrectionDistanceOffset
0x0A86CC26,Maggot_ThicknessDistanceCorrectionLimit
0x5A12CB8A,Maggot_ThicknessDistanceCorrectionOmit
0x0B13184F,Maggot_ThicknessMaxmum
0xA3B8BAA0,Maggot_ThicknessMinimum
0xA0BFFAC2,MainLightGroup
0x0A250C3E,MainTextureDisplayNameKeyHash
0x7BBDE4C5,MainTextureNameHash
0xC5497A11,MainTextureObjectHash
0x8A3B3B5E,MainTextureTilingOption
0x28C9E552,MainTextureTilingSize
0x134F0FA2,MakeSkyAmbientShaderObjectNameHash
0x0AE0935B,ManagerObjectNameHash
0x5E87F44C,MapObjectNameHash
0x9C2A0886,MappingPatternUArray
0x7DBBE665,MappingPatternVArray
0x17BBF633,MarkedCollisionUsePlaceables
0xEC055600,MarkedMeshUsePlaceables
0x3D8B2ACB,MarkerString
0x06198F0C,Mask
0x3481B1B9,MaskTextureObjectNameHash
0x87C611E6,MaskType
0x068A4B14,Mass
0xEAE630BB,MassArray
0x29E10A64,MassOrientation
0x8E82705D,MassPosition
0x5E5B37A1,MasterRenderTargetObjectNameHash
0xE184AE93,MaterialFlag
0x999DCCE2,MaterialID
0x497CB2C7,MaterialNameHashArray
0xBE6B877F,MaterialObjectNameHash
0x6AB12F24,MaterialRegisterType
0x34CF9E5C,MaterialReplacementNameHash
0xCEE5DDAE,MaterialReplacementNameHashes
0x5EDA237E,MaterialReplacementObjectNames
0x4ABC7C40,MaterialScaleDiffuseAndAmbient
0xE04F9B9A,MaterialScaleSpecular
0xBCC18265,MaterialScaleTransparency
0xF2BCD93B,MatrixNum
0xDDC2229C,MaxAcceleration
0xF466D49E,MaxAngularAccelerationRate
0x718E4AF7,MaxAngularSpeed
0x8DA5B616,MaxBlocks
0x7B433E07,MaxCollisionObjectNum
0x99830386,MaxDecalNumPerCluster
0x6A73513C,MaxDepthFromSurface
0x21B50B62,MaxDisplaysetNum
0xC4CA418F,MaxDynamicEntityCount
0x8BB74009,MaxFrame
0xC9AC3A98,MaxGgxSampleNum
0x0355FAD4,MaxGrassVertexDisplacementSphereNum
0xD6339D20,MaxHairNum
0xB1246F94,MaxImageFovScale
0x812025CD,MaxInstanceNum
0x1D4574D7,MaxJointCount
0xAEB11055,MaxKinematicEntityCount
0x8A8178C1,MaxLasmapNumPerCluster
0x243BC6CC,MaxLightNum
0xEDABC12F,MaxLightNumPerCluster
0xF8B07D97,MaxLightNumPerTile
0x5BF2DD9E,MaxLoopNum
0x89882605,MaxMipLevelArray
0x993608CF,MaxModelSDFSize
0x7B9E9E85,MaxParallelLightNum
0xD1E088AA,MaxPlaceables
0xDB26951D,MaxPrimitiveNum
0xC619F119,MaxPrintCharNum
0x1607E943,MaxProjectionMapNum
0x79F282B5,MaxRainDropBoundaryNum
0x5ED82785,MaxRefProbeNum
0x8AE8194D,MaxRegisterFieldNum
0x3522E73F,MaxRegisterNum
0xFA5A87F7,MaxSafetyEffectFrameCount
0x5CEEF06B,MaxSDFNum
0x6F486116,MaxShadowCasterNum
0xA365495D,MaxShadowPrimitiveNum
0x73977D34,MaxSlopeAngle
0x894FD763,MaxSpeed
0x6C62918A,MaxSpeedArray
0xD2CAC502,MaxSteepness
0xEFC74CC1,MaxThreadCount
0x88000001,MaxTime
0x153B3D03,MB2CharacterStencilTextureObjectNameHash
0xABE931E4,MB2DepthTextureReplaceObjectHeaderNameHash
0xF4120548,MB2InternalTexture16FObjectNameHash
0xC3558AD9,MB2InternalTextureObjectNameHash
0xD6C29B7B,MemberObjectDatabaseResourceNameHash
0xA2062522,MemberObjectDatabaseResourceNameHashArray
0x2120EFB2,MemberObjectNameHash
0x81E2A759,MemberObjectNameHashArray
0x73AD024D,MemoryAddress
0x74AE3F89,MemStreamDataObjectNameHash
0xF52B9EC7,MemStreamDataObjectNameHash_A
0xF5D84A66,MemStreamDataObjectNameHash_B
0xF684F605,MemStreamDataObjectNameHash_C
0x08744992,MergeRLRShaderObjectHash
0xD804E89F,MergeTargetObjectNameHash
0x661E1ACE,MergeType
0x551D161D,MeshletGenerateHiZMapShaderObjectNameHash
0x65552198,MeshletGeometryDensityDebugShaderObjectNameHash
0xF8EC0DCA,MeshletInstanceCullingShaderObjectNameHash
0x794600D6,MeshletPartsModelObjectDatabaseEntryHashArray
0xA352F38C,MeshletPartsModelObjectDatabaseResourceHashArray
0x1ED22088,MeshletPrecullingShaderObjectNameHash
0x297A9640,MeshletResolveLODShaderObjectNameHash
0x3F24FDAC,MeshObject
0x7DC81634,MeshUsePlaceables
0xAA2A28BE,MiasmaDecalShowType
0x9CD0FAB5,Middle
0x21ACB992,MiddleColor
0x8AFBABED,MiddleDensity
0x3FE78250,MidPartsObjectNameHash
0xA9D85746,MieExtinction
0x1B9B45D0,MieHeight
0x62185A76,MinFilter
0x2A4D96DC,MinimumDeltaShaderTime
0x0958549B,MinimumGridCount
0x4043A319,MinLinearRoughness
0x45551C67,MinMaxDistance
0xC936F7DE,MinMipLevel
0x62194334,MipFilter
0x766BCC06,MipLodBias
0x53CF74FA,MirrorID
0xBC52B8D9,MissShaderObjectNameHash
0x0BEDC956,MMDBFileResourceHash
0x05BE6503,Mode
0x57A702D3,Mode0
0x595BDB72,Mode1
0x5B10B411,Mode2
0xF7F103B3,ModelAnimationObjectNameHash
0xD25C3AA6,ModelInstanceNumLimitArray
0x3BD39701,ModelLODLevelOffset
0x7FC97284,ModelOffset
0xBB6E69F9,ModelPaletteIndexArray
0x7C69B4A7,ModelPaletteInfoArray
0x8EFF1B14,ModelPropertyAnimationHash
0x8CB59C4D,ModelPropertyHashArray
0x5CE24F89,ModelPropertyNameHash
0xAA488165,ModelRadius
0x16418928,ModelResourceFilePath
0xDA9051BB,ModelResourceHash
0x1A767A36,ModelViewDistanceArray
0x4E2D8250,ModifierNameHash
0x3476373D,ModulesArgumentObjectNameHashArray
0x2406E997,MomentumGain
0xA2AEF2B5,MotionBoneId
0x2C47286E,MotionMatchDatabaseBinaryResourceNameHash
0x796B0E9E,MotionMatchDatabaseObjectNameHash
0x443C480C,MotionMatchInterval
0xB722EE20,MotionSoundContainerObjectNameHash
0x8597DC73,MotorFilePathBasedKTGLEffectDataObjectHash
0xC1140B00,MotorFilePathBasedKTGLEffectMeshDataObjectHash
0x1B8658D7,MotorFilePathBasedKTGLEffectShapeMeshDataObjectHash
0x30404FFC,MotorSettingObjectDatabaseResourceNameHash
0x9D4FF809,MRLODThresholdPOE
0x5E7B0199,MRTObjectNameHash
0xF3D22637,MRTType
0x178FF7BD,MultiSample
0x00002710,MYSELF
0x05C247EB,Name
0x0E83D0AD,NameBody
0x54E2A300,NameHashArray
0x293A7B1D,NamePrefix
0x00001094,NatureSnowFade
0x2AF80583,NavigationIDAndKeyFrameArray
0x5989BA33,NavigationNodeVertexNameHash
0x20ADD0A4,NavigationPositionArray
0x4143B3E9,NavMapDataObjectFolderNameHash
0xC86EEBDD,NearActiveCells
0x90471969,NearActiveTiles
0x940F6573,NearCellRangeNum
0x70CB1A2D,NearFarBlendingOffset
0x2913BB1D,NearFarBlendingRange
0x05169EB7,NeedAllTargets
0xAC626C0D,NeedClearSubShadowMap
0xF9275166,NeedSliceTargets
0xB3BA777D,NegativeClampedTexture16FObjectNameHash
0x83AECC8E,NegativeClampedTextureObjectNameHash
0xDC0732A2,NeverInternalCopy
0x50EBF4D4,NextAnimationId
0xEA3C99AF,NextBeginRegisterLightShaderTime
0xFF9A2626,NoBiasShadowmapObjectNameHash
0x9DB27687,NoBlurredDepthTextureObjectNameHash
0xEA1A4AC9,NodeArray
0x9F51D070,NodeArrayStride
0xAF7457BD,NodeBlendAreaArray
0xC40E2F93,NodeEstuaryAmplitudeArray
0x8A3C14EF,NodeEstuaryBubbleOpacityArray
0x372E6597,NodeEstuaryFlowVelocityArray
0xC81A6BDE,NodeEstuaryOrderArray
0x973C2116,NodeEstuaryTextureScaleUArray
0x1B6C6E17,NodeEstuaryTextureScaleVArray
0xCC70FFA4,NodeIDArray
0xD29FF970,NodeIndex
0x51E48429,NodeIndexArray
0x443BC919,NodeIsActiveWaterfallArray
0xFF26EE41,NodeObjectNameHashArray
0xC46FF5E6,NodeRollArray
0x26D59030,NodeSmoothCoeffArray
0x876AE7FC,NodeType
0x5441D43A,NodeWaterfallAmplitudeArray
0x468BD296,NodeWaterfallBubbleOpacityArray
0x802C993E,NodeWaterfallFlowVelocityArray
0x863029C5,NodeWaterfallOrderArray
0xD7322634,NodeWaterfallRangeArray
0x13B970FD,NodeWaterfallTextureScaleUArray
0x4D0A81BE,NodeWaterfallTextureScaleVArray
0x54AFE8AC,NodeYawArray
0x5F5D5ED6,NodeYOffset
0x3F775FDF,NoEntryZoneDetectionAlgorithmType
0x6A063F39,NoiseCoef
0x8BB3689A,NoiseNormalTexturesObjectHash
0x749F1533,NoiseOffset
0xDE803247,NoiseParameterObjectNameHash
0x00BD49B0,NoiseScale
0xB62112A9,NoiseShaderObjectNameHash
0x51E22A1B,NoiseTextureCoefs
0xA0723A4B,NoiseTextureData
0x05C0FDCC,NoiseTextureDataTypeArray
0xAAC7B60D,NoiseTextureInfoArrayType1
0xED342D5A,NoiseTextureNameHash
0x4DF5E501,NoiseTextureNameHashArray
0xBCE6381B,NoiseTextureNum
0x84E79BCF,NoiseTextureSizes
0x04D5C681,NoiseTexturesObjectHash
0x82F84517,NoiseTextureStateFlags
0x523175F9,NoiseTextureType1DataArray
0xE7666E02,NoiseTextureTypeArray
0x87F1F7C9,NonRADENDisplaysetObjectNameHash
0xBD479CA3,NormalFade
0xC9C926AD,NormalHeightRenderTargetObjectNameHash
0xAF9800FE,NormalMapCoef
0x64A2F44E,NormalMapNoiseSizeX
0x33E6A10C,NormalMapNoiseSizeZ
0x13D983F2,NormalMapNoiseTextureRenderStateObjectHash
0x88150E7B,NormalMapTexturesRenderStateObjectHash
0x9C3BB932,NormalScaleU
0x8ABEBFB3,NormalScaleV
0xF79AE8F3,NormalTextureArraySlice
0x31C6BD74,NormalTextureObjectNameHash
0x022627BE,NormalTextureScaleX
0xD169D47C,NormalTextureScaleZ
0x51E30D80,NormalTextureSizeU
0x1F8D6F41,NormalTextureSizeV
0x8B8E537B,NormalTextureSpeedX
0x5AD20039,NormalTextureSpeedZ
0x2439221C,NormalThreshold
0x2268B107,NormalZScrollSpeed
0x45883D02,NoUseTextures
0x93B4BF27,NumberOfKeyboard
0x3106CD7B,NumberOfMouse
0x2538E74D,NumberOfPad
0x9C71DA21,NumberOfTouch
0x8DA10134,NumBlocks
0x6F1AB58B,NumCells
0x3A4941C7,NumOfAdditionalPanes
0xA55F4E04,NumOfAdditionalTextures
0x38638DFD,NumOfPointLight
0x12B6A997,NumOfSpotLight
0x377AB685,NumSpinFrame
0x72F7CECC,ObjectDatabaseNameArray
0x6360C1D3,ObjectDatabaseNameHash
0x9A932BBA,ObjectDatabaseNameHashArray
0x1424AD27,ObjectDatabasePushMaskArray
0x2B59D796,ObjectDatabaseResourceHash
0xBD56FCC7,ObjectDatabaseTypeFlagArray
0x76762934,ObjectDistance
0xA866D57A,ObjectID
0x8B798FA1,ObjectIDArray
0xE21FF09F,ObjectNameHashArray
0x80C1DDAD,ObjectOcclusionAutoGenType
0x291CF363,ObjectOcclusionCollisionSetUsage
0x62157EF5,ObjectOcclusionShaderObjectNameHash
0x42C327B8,ObjectOcclusionType
0xC2BA4FBF,ObjectStackObjectNameHash
0xD2181926,OBOROHeightMapDebugMode
0x77C655CF,OBOROHeightMapDebugOffsetY
0x26DD95B1,OBOROHeightMapDebugSolidColor
0xCA1CD718,OBOROLODClumpSettingValue
0x3F800000,OcCaustics
0x2E7039B5,OccluderAttachmentNameHash
0x9144CCCB,OccluderRadius
0x7CB21BDE,OccluderShapeType
0xFC231E0A,OccluderUnitArrayCapacity
0x4E75B135,OccluderUnitObjectNameHash
0x03CF21DD,OcclusionCullingManagerNameHash
0x8F50CA13,OcclusionCullingManagerNameHash6
0x240AA4B6,OccRegionIndexArray
0x80B8ACE6,OccRegionIndexArray0
0x8D51A267,OccRegionIndexArray1
0x99EA97E8,OccRegionIndexArray2
0xA6838D69,OccRegionIndexArray3
0xADBE5A10,Octave
0xFFFFFFC3,OctGBufferDepth2
0x4A24EC37,OctreeContainerCapacity
0xF668EA2D,OctreeManagerObjectNameHash
0x72548CCA,OctreeObjectNameHash
0x1BE08F85,OctreeUpdatedContainerObjectHash
0xD60D3702,OffscreenRenderingParamsObjectKeyHashArray
0xC6A16B96,OffscreenRenderingParamsObjectNameHashArray
0x42820CA6,OffscreenRenderTargetObjectNameHash
0x1786B046,OffsetFrame
0xD3F46C71,OffsetFrameLengthFromEnd
0x8B1E9077,OffsetUArray
0xF2FFBD56,OffsetVArray
0x6098321B,OffsetX
0xC8795EFA,OffsetY
0x305A8BD9,OffsetZ
0xD2D2D5AF,OIDResourceNameHash
0x3C6916AD,OnCreateActiveSoundTable2Size
0xBC984741,OnCreateActiveSoundTableSize
0x0F002F80,OnCreateBehaviorCollisionDebugStringSize
0x43727EE2,OnCreateCascadeLSPShadowMapperViewFlag
0x62EE8515,OnCreateCascadeShadowMapperViewFlag
0x008BF26D,OnCreateCubeShadowMapperNumPerView
0x83E9A0E2,OnCreateCubeShadowMapperViewFlag
0x76A41890,OnCreateEffectDlNumPerView
0x0A5E0C05,OnCreateEffectDlViewFlag
0x368EDE29,OnCreateEntityTreeQueueMaxNum
0x6AC94A2B,OnCreateKeyoffSoundTableSize
0x172BB5A4,OnCreateLSPSubShadowMapperViewFlag
0x62E94EC6,OnCreateLSPVFInjectionShadowMapperFlag
0x95376C34,OnCreateNonViewDependingAllocListReserveFlag
0x4FDE9D71,OnCreateOBOROViewFlag
0xDD983B47,OnCreateOperationQueueMaxNum
0x4FAF118F,OnCreateRainDropAdaptiveMaxBufferSize
0x28C6A329,OnCreateRainDropBottom
0x29C8D568,OnCreateRainDropHeightRange
0xA0ED40E9,OnCreateRainDropInitiallyLoadTargets
0xB7D037D3,OnCreateRainDropMaxDrawRange
0x3BD49A3D,OnCreateRainDropMaxPrecipitation
0xAFE27AB4,OnCreateRainDropRippleLifeSpan
0x44DC332B,OnCreateRainDropSplashLifeSpan
0xE8CE5071,OnCreateRainDropVelocityScale
0xBA1E4E33,OnCreateReflectiveShadowMapperNumPerView
0x2D3A90E8,OnCreateReflectiveShadowMapperViewFlag
0x603EA40B,OnCreateRegisterReservedTable2Size
0x8A9AAFF7,OnCreateRegisterReservedTableSize
0x0DE0FFD2,OnCreateRenderResolutionRatio
0x92EE8942,OnCreateScreenLayoutViewFlag
0xC24A6C58,OnCreateShadowMapperNumPerView
0x38439D4D,OnCreateShadowMapperViewFlag
0x88A3B279,OnCreateSharedDecalBufferNum
0x6FCC27CA,OnCreateSkyAmbientMaxGgxSampleNum
0x8CC9B8AF,OnCreateSkyPatternVariousTexturesObjectNameHash
0xA518011D,OnCreateSnowDropShutterSpeedScale
0x05A06182,OnCreateStarShowerMeteorIncidents
0xAD205590,OnCreateStarShowerSpeed
0xE2761A01,OnCreateStaticNatureViewFlag
0x9B98D649,OnCreateSubShadowMapperViewFlag
0xA8354490,OnCreateUserDrawContexSize
0x6F0B5100,OnCreateUserDrawContexViewFlag
0xF14F8C6C,OnCreateViewFlag
0xBD47DC5E,OnCreateVirtualShadowMapperViewFlag
0x092D061B,OneCycleDeltaTime
0xD6E1E6E5,OnlineEvent_BlockList_Add
0x8DA54CCF,OnlineEvent_BlockList_Delete
0x8B88377A,OnlineEvent_Friend_Add
0xF45C51E0,OnlineEvent_Friend_Delete
0x214377BF,OnlineEvent_SessionP2p_ChangeHost
0xC884428C,OnlineEvent_SessionP2p_GhostMember
0xC4A87824,OnlineEvent_SessionP2p_MemberAdd
0x3B8DB582,OnlineEvent_SessionP2p_MemberDelete
0xE3373AC5,OnlineEvent_SessionP2p_OnJoiningUser
0x7394D51A,OnlineEvent_SessionP2p_RecoverGhostMember
0xF16A5915,OnlineEvent_SessionP2p_SessionClosed
0x5393CFBD,OnlineEvent_SessionP2p_SessionLost
0xFD5ADFED,OnlineEvent_SessionP2p_SessionRecover
0x7E9F97CB,OnlineEvent_SessionP2p_UpdateMemberPrivateData
0x39A3A061,OnlineEvent_SessionP2p_UpdateMemberTeam
0x0A2B61FF,OnlineEvent_SessionP2p_UpdatePrivateData
0xB7FE014F,OnlineEvent_SessionP2p_UpdatePublicData
0xF32F048E,OnlineEvent_SessionP2p_UpdateSearchData
0x3C28742B,OnlineEvent_System_SessionInvitation
0xADD239D4,OnlineEvent_System_SessionInvitationBegin
0xCE6A7885,OnlineEvent_System_SessionInvitationError
0x6DBF139A,OnlineEvent_UserProfile_GetProfile
0x0000EA60,OnlineSessionP2pSessionAutoJoinParam
0x00100000,OnlineSessionP2pSessionJoinParam
0x88799357,Opacities
0xA358DA31,OpaqueDepthTextureObjectNameHash
0x28F0187F,OpaqueOnlyColorTexture16FObjectHeaderNameHash
0x3C795B4C,OpaqueOnlyColorTexture16FObjectNameHash
0xE1E4380A,OpaqueOnlyColorTextureObjectHeaderNameHash
0x0C6DB05D,OpaqueOnlyColorTextureObjectNameHash
0xDD5AF9BB,OpaquePrimitiveSortMethod
0x55F5CEC3,OpaqueTargetViewMask
0x5CAB6ED6,OpenSpaceCullLevel
0xB6415B8D,OperationFlag
0x9E627DFA,OpFlags
0xEA9E51A1,OptionFlag
0x80C25565,OptionTexturesRenderStateObjectHash
0xEFC825D6,OrientationBoneOID
0xA93CEE19,OrientationGainObjectNameHash
0xFE6FF7A7,OrientationWarpingFootOIDArray
0xE51DE249,OrientationWarpingIKFootOIDArray
0x2B696239,OrientationWarpingMaxAngle
0x4EF7C40B,OrientationWarpingMinAngle
0x806357FB,OrientationWarpingMinVelocity
0xBCDB2678,OrientationWarpingSpineOIDArray
0x9E2A7BB4,OrientationWS
0x1A0F850E,OriginalColor
0x43306AE7,OriginalGBuffersSliceMap
0x0CC57911,OriginalMaterialNameHash
0x368A623A,OriginalPosition
0xD2323D97,OriginalUVCoordinates
0x1B73E583,OtherViewCreateFlag
0x4E437478,OuterAngle
0x47CAC8DB,OuterTexture0BlendType
0x534FB0D7,OuterTexture0MaskIntensity
0xC01E3EA6,OuterTexture0MirrorU
0xCCB73427,OuterTexture0MirrorV
0x730D543B,OuterTexture0Overwrite
0x7D089AF0,OuterTexture0ScrollOffset
0x83B45AAA,OuterTexture0ScrollSpeed
0xCAAA52E6,OuterTexture0Wrap
0x29A8927A,OuterTexture1BlendType
0x352D7A76,OuterTexture1MaskIntensity
0xA1FC0845,OuterTexture1MirrorU
0xAE94FDC6,OuterTexture1MirrorV
0x54EB1DDA,OuterTexture1Overwrite
0x5EE6648F,OuterTexture1ScrollOffset
0x65922449,OuterTexture1ScrollSpeed
0xAC881C85,OuterTexture1Wrap
0x0B865C19,OuterTexture2BlendType
0x170B4415,OuterTexture2MaskIntensity
0x83D9D1E4,OuterTexture2MirrorU
0x9072C765,OuterTexture2MirrorV
0x36C8E779,OuterTexture2Overwrite
0x40C42E2E,OuterTexture2ScrollOffset
0x476FEDE8,OuterTexture2ScrollSpeed
0x8E65E624,OuterTexture2Wrap
0xED6425B8,OuterTexture3BlendType
0xF8E90DB4,OuterTexture3MaskIntensity
0x65B79B83,OuterTexture3MirrorU
0x72509104,OuterTexture3MirrorV
0x18A6B118,OuterTexture3Overwrite
0x22A1F7CD,OuterTexture3ScrollOffset
0x294DB787,OuterTexture3ScrollSpeed
0x7043AFC3,OuterTexture3Wrap
0x02A2FB19,OuterTextureNameHash
0x2F310706,OuterTextureOffsetFrame
0x97DF5DA3,OuterTexturePointMappingPatternU
0x15B719A4,OuterTexturePointMappingPatternV
0xD25CA59C,OuterTextureResourceHash
0x0BC8A96F,OuterTextureSpotMappingPatternU
0x93F8E94E,OuterTextureSpotMappingPatternV
0x29763B3B,OuterTextureVariant
0xFED4AA53,OutGain
0x6E4DC0B0,OutlineAdditionShaderObjectHash
0x0000108E,OutlineAlphaTest
0x5CDA1BA6,OutlineCalcMode
0x2649C5BB,OutlineCameraReverse
0x5C8D7EA4,OutlineColorMode
0x8EF4EBF7,OutlineColorScale
0x2FCAA686,OutlineColorTexture
0x826C4960,OutlineFadeMinThickness
0xCA1B1FF8,OutlineHighlightDepthStencilTextureObjectNameHash
0xF57EDDED,OutlineIntensityMax
0x00001034,OutlineIntensityMax
0x567F8C3F,OutlineIntensityMin
0x00001030,OutlineIntensityMin
0x0000108F,OutlineNormalization
0xDC4A0E2B,OutlineThicknessConstantRatio
0x0000103C,OutlineThicknessConstantRatio
0xF5DF0F9B,OutlineThicknessFar
0x8B75BEBA,OutlineThicknessNear
0xE74D8D09,OutlineZDecayRatio
0x00001038,OutlineZDecayRatio
0xFE80308E,OutlineZScale
0xD73FD794,OutLpf
0x8B4A54E4,OutputColorSpace
0xFBAC63F3,OutsideFadeFlag
0xEC2753D4,OverwriteAfterPEEffectShaderObjectNameHash
0x1A2A667E,OverwriteParameterDstHashs
0x68093AB7,OverwriteParameterFlags
0xB12B9BFF,OverwriteParameterSrcHashs
0xDDF2029F,OwnerHash
0xB562E961,PadAnalog_Lhv_Rhv
0x84000002,PadKeys
0x68627970,PaletteInfoArray
0xF7A82AEB,PaletteNum
0xF4553A8D,PaletteObjectNameHash
0x0746AB90,ParallaxBias
0x59B65C4D,ParallaxScale
0xE956A9EE,ParallaxShowType
0x2068BEE2,ParallelParamObjectNameHash
0x5D9AD671,ParallelSortLightUnitNum
0x1BA8C540,ParallelSortPrimitiveUnitNum
0x71550276,ParallelStencilLightGroupMask
0xFACD5745,ParallelStencilLightGroupMaskForMS
0x9749A0C1,ParallelType
0xD787B5A5,ParallelUnitNum
0x35EE9656,ParameterBinary
0x237E3191,ParameterNameHashs
0xEBF381FD,ParameterType
0x49843D30,ParameterTypes
0x6DB9227A,ParamNameHash
0xAC0F96A1,ParentModel
0x401D7D33,ParentNodeIndexArray
0x5A703406,ParentNodeNum
0x3A8EBA3F,ParentNodeNumArray
0x3807D594,ParentObjectName
0x9A758182,ParentObjectNameHash
0x5CADAC04,ParentObjectNameHash_A
0xA6DF4545,ParentObjectNameHash_B
0x85906981,ParentObjectNames
0x785C7EA6,ParentRiverObjectNameHash
0xB7821682,ParentRoadObjectNameHash
0xD4B534C8,ParentSpriteNameHash
0x533C4629,ParentUsage
0x195DD95F,PartitionAlgorithmType
0x0D211686,PartsLodDistance0
0xD1B2F8A5,PartsLodDistance1
0x59207B00,PartsNameHashArray
0x1C537482,PartsSet
0x00BAE1C9,PartsSetContainerObjectNameHash
0x76D1EC3A,PartsSetObjectNameHash
0x78C06C23,PartsSetTypeContainerObjectNameHash
0x007BF503,PartsSpriteObjectNameHash
0xFD01B611,PathFinderObjectFolderNameHash
0x20DE8F83,PathFinderObjectNameHash
0x4A350790,PatternedOcclusionShaderObjectHash
0xE85CD997,PatternIDList
0x7AA42BF0,PB2DSAccumulatedSnowGbG1SFileResourceHash
0x3AF82377,PB2DSGbG1SFileResourceHash
0x7C5E00BF,PB2FE4LandG1SFileResourceHash
0x59FE1478,PB2FE4LandGBufferForDeferredShadingG1SFileResourceHash
0x21267077,PB2FE4LandGBufferForSGIDeferredShadingG1SFileResourceHash
0xFFA28EDA,PB2FE4LandGBufferG1SFileResourceHash
0xBFB83FC5,PB2FE4LandLightMapG1SFileResourceHash
0x37098A7E,PB2FE4LandLightMapGBufferForDeferredShadingG1SFileResourceHash
0x59D1777D,PB2FE4LandLightMapGBufferForSGIDeferredShadingG1SFileResourceHash
0x57C682E0,PB2FE4LandLightMapGBufferG1SFileResourceHash
0xCA7A12D8,PB2FE4LandLightMapPreLightG1SFileResourceHash
0xC00196D2,PB2FE4LandPreLightG1SFileResourceHash
0x2B24656C,PB2HairHighlightType
0xF5731E93,PB2RippleShaderObjectNameHash
0x61FC02F4,PB2WeatheringArray2Texture
0x6ACF7382,PB2WeatheringArray2Texture2
0x5BA07AE1,PB2WeatheringArray2Texture3
0x4C718240,PB2WeatheringArray2Texture4
0x3D42899F,PB2WeatheringArray2Texture5
0x2E1390FE,PB2WeatheringArray2Texture6
0x89351110,PB2WeatheringArrayTexture
0xBB0A56C2,PB2WeatheringArrayTexture2
0xF45B6783,PB2WeatheringArrayTexture3
0x2DAC7844,PB2WeatheringArrayTexture4
0x66FD8905,PB2WeatheringArrayTexture5
0xA04E99C6,PB2WeatheringArrayTexture6
0x358FA8D3,PBFE4LandG1SFileResourceHash
0x2C31B9FA,PBFE4LandGBufferForDeferredShadingG1SFileResourceHash
0x329E621B,PBFE4LandGBufferForSGIDeferredShadingG1SFileResourceHash
0x18C36B58,PBFE4LandGBufferG1SFileResourceHash
0x820E710D,PBFE4LandLightMapG1SFileResourceHash
0xD87C6B34,PBFE4LandLightMapGBufferForDeferredShadingG1SFileResourceHash
0xB8936255,PBFE4LandLightMapGBufferForSGIDeferredShadingG1SFileResourceHash
0x65EDDE92,PBFE4LandLightMapGBufferG1SFileResourceHash
0x170C6F9A,PBFE4LandLightMapPreLightG1SFileResourceHash
0xDCE78460,PBFE4LandPreLightG1SFileResourceHash
0x3063220A,PBRayTraceShaderObjectNameHash
0xA0180637,PBSVersion
0x8F4324B8,PeekOnlyUpperTaskDepthThreshold
0x3B01963B,PendulumDirection
0xD0C7956C,PendulumRadius
0xA729B054,PendulumWidth
0xA3417861,Persistence
0xDF71FE2D,PhysEntityObjectNameHash
0xA0B104C0,PhysEntityTreeObjectHash
0x93E14709,PhysicallyBasedVersion
0x0C4DC95D,PhysicsSceneObjectNameHash
0x2C441C20,PhysicsSceneParamObjectNameHash
0xE346488D,PhysSceneNameHash
0x10C0CC8E,PhysSceneObjectNameHash
0xDFC0819D,PictureEffectKind
0x54100690,PictureEffectStrength
0x614AA64D,PictureEffectStrengthFCurveAnimationDataObjectNameHash
0x9F36C705,PigmentMapInfoforModelArray
0xD5A478F3,PigmentMapRange
0x98DC53D7,PigmentMapStaticTex
0x4BE974C9,PigmentMapTex
0xDB339753,PigmentMapTexHandleHash
0xB7216660,Pitch
0x401DEF32,Pitches
0x308EB4A3,PixelFormat
0x92FDC95C,PixelNANCheckTarget
0xFA639B45,PlaceableCapacity
0x1DD0A479,PlaceableLocationManagerObjectPriorityUsage
0x23A9A00B,PlaceableLocationObjectOutwardFadeType
0x42D4E313,PlaceableLocationShowType
0x6492DAA7,PlaceableObjectNameHash
0x51FEA812,Placeables
0x17995DD5,PlanarArrayShadowMapObjectNameHash
0x8A1E0D42,PlanarReflectiveShadowmapArrayTexturesObjectNameHash
0xAF5E6467,PlaneShadowmapHeight
0x0F102A3A,PlaneShadowmapWidth
0x4680912A,PlanetRadius
0xEB3F56A7,PlayFrame
0x5AE826CD,PlayFrameNum
0x98F82626,PlayIntervalTime
0x8D04FE97,PlayMode
0x2F08CA14,PlayRate
0xA0B9AA8D,PlaySpeed
0x027C1B41,PlayTime
0xC1D5BDB4,PlayTimeOffset
0x888355EE,PlayType
0xA84C7C41,PointLightMarkerSize
0x221B7BE4,PolyAllIndexArray
0x6DFADA80,PolyAllVertexArray
0x84C8DB0E,PolygonalLightLutObjectNameHash
0xED764198,PolyhedronIDArray
0x8CB19187,PolyIndexNumArray
0x7B7772C3,PolyVertexNumArray
0x904BDB28,PortGenerationAABBFringe
0xCF84190A,PortGenerationEdgeCentersInsideRadius
0x991B5AEA,PortGenerationParallelEdgesDotProd
0xC609B7D5,PortGenerationPortMaxYLength
0x9B7D7572,PortGenerationVerticalEdgeSeparation
0xB53863B0,PortGenerationVerticalPortDotProd
0x2D190DDC,PortId
0x72B736D9,PortObjectNameHash
0x8DFAE179,PoseBlendContainerObjectNameHash
0x681EF857,PoseCacheTableCapacity
0xDAECD890,PoseGain
0x5F698B03,PoseScripCodeObjectNameHash
0x3E6831C9,Position
0x71971CE5,PositionAdjustmentHalflife
0x96DDDF7D,PositionAdjustmentMaxRatio
0x217AEBF0,PositionArray
0x2F93C2EC,PositionFCurveAnimationDataObjectNameHash
0x9023C7A0,PositionGainObjectNameHash
0x898397E5,PositionWS
0xF7FE1091,PostEffect2_5ObjectNameHash
0xE72A959E,PostEffect3HdrLutNameHashTable
0xA136AFA2,PostEffect3LdrLutNameHashTable
0xCE63C026,PostEffect3ObjectNameHash
0x668912BD,PostEffectModule
0x17916AA9,PostEffectObjectNameHash
0xA773922C,PostEffectParamObjectNameHash
0xC84F7F3B,Power
0x36B3361A,PQModelPeculiarInfoMarkerSize
0x32907CDB,PreDataObjectNameHash
0x37D42FC6,PrefetchableInfoAvailabilityFlag
0x5781A7B2,PreLightG1SFileResourceHash
0x258EE095,PreLightStatisticalOceanG1SFileResourceHash
0x608EBDA3,PreLightStatisticalRiverG1SFileResourceHash
0xCE0BC8B8,PrePEEffectShaderType
0x9CF48AF1,PrevDepthTextureForMultchView1ObjectNameHash
0xF77CC383,PrevDepthTextureObjectNameHash
0x7D03BC3D,PreviewDateTime
0x26685E81,PreviewDisplayAreaType
0xE9958141,PreviewExposureDial
0x6BC70B7C,PreviewMonthDay
0x275A3BB6,PreviewMoonAge
0x89EA5AE8,PreviewVisibilitySet
0x53315807,PrevNormalTextureObjectNameHash
0x665C5778,PrevRaytracingTextureObjectNameHash
0xF571106E,PrevRLRTextureObjectNameHash
0x7787EEB1,PrevTargetTextureObjectNameHash
0xF9668DBF,PrimitiveType
0xA1143062,Priorities
0xA1A53284,Priority
0x6033B84B,Probability
0x4A4A850D,ProbeFieldShadowMapSize
0x95790461,ProbeFillFlag
0x66EEECBB,ProbeInfoResNameHash
0x5F8F6D22,ProceduralPlacementCullingType
0x948E823B,ProceduralPlacementDefaultTransitionTime
0xD8E22E1D,ProceduralPlacementObjectResourceHash
0x2696E06D,ProceduralPlacementScanningType
0xBDBB2A49,ProceduralPlacementTransitionType
0x69E3D5B7,ProcessType
0x2C608A75,ProgId
0xA698F445,ProgId0
0x0E7A2124,ProgId1
0x765B4E03,ProgId2
0xDE3C7AE2,ProgId3
0x8DEC46F9,ProgramIdx
0x4D6E060E,ProgramIndex
0xC77F4CFC,ProgramIndexes
0xF981BC3D,QuadtreeFileResourceHash
0x9A6003BE,Quaternion
0xA575623E,QueryManagerNameHash
0xA7DB36D8,QuicklyChangedRotation
0x91414877,QuicklyChangedVelocity
0xFD37B7C3,RadBlurStrength
0xD5AF6735,RadenDebugMaxLevel
0xD90BAE56,RadenForceLimitLevel
0xB5E51BBF,RadenLimitLevelType
0x1DDF0D9D,RADENLODBiasGroup
0xB5C13AE6,RadenParmanentResidentLevelNum
0xBF64FB16,RadialBlurAmountEnds
0x92E4A315,RadialBlurAmountSpans
0xD6BF92EF,RadialBlurAmountStarts
0x8C2EBE26,RadialBlurDistanceExpEnds
0xBC833D87,RadialBlurDistanceExpSpans
0x1B2625ED,RadialBlurDistanceExpStarts
0x812930D2,RadialBlurSampleNumEnds
0xD5A81473,RadialBlurSampleNumSpans
0x3895DE59,RadialBlurSampleNumStarts
0x7B85308A,RadialBlurStrengthFCurveAnimationDataObjectNameHash
0x00BE282C,RadialBlurWeightDecayEnds
0x3112A78D,RadialBlurWeightDecaySpans
0x8FB58FF3,RadialBlurWeightDecayStarts
0x910A2DF2,Radius
0x000015C8,RainBlendSpeed
0x4F263346,RainDropBoundaryActiveUsageFlag
0x85D6B044,RainDropBoundaryShowType
0x4BE0B47B,RainDropObjectNameHash
0xE6D26600,RainDropShaderObjectNameHash
0xD9DA74CB,RainDropSplitDrawNum
0xDDFCD6DB,RainDropVlPrevPosShaderObjectNameHash
0x000015B4,RainEraseEnd
0x000015B0,RainEraseStart
0x000015C0,RainFlowSpeedX
0x000015C4,RainFlowSpeedZ
0x000015E0,RainMaskMapOffsetX
0x000015E4,RainMaskMapOffsetZ
0x000015D8,RainMaskMapScaleX
0x000015DC,RainMaskMapScaleZ
0x000015BC,RainScale
0x000015B8,RainSlopeLimit
0x000015CC,RainSpecularScale
0x7261DB29,Ramp_AOFade
0x80E02807,Ramp_EdgeBackDepthThreshold
0x89E01ADB,Ramp_EdgeBackRimScale
0x25C8EFC4,Ramp_EdgeBackRimSharpness
0xEA7002A3,Ramp_EdgeBackThickness
0x87158306,Ramp_EdgeCameraRimSharpness
0x03343BEE,Ramp_EdgeDepthThreshold
0x7080C2A7,Ramp_EdgeHighlightColor
0xEAA499BC,Ramp_EdgeHighlightRamp
0x3ADB7B29,Ramp_EdgeReflectScale
0xAE31C48A,Ramp_EdgeThickness
0x96F342CC,Ramp_HairHighlightColorScale
0x5348FBD0,Ramp_HairHighlightLightAzimuthRatio
0xBB391281,Ramp_HairHighlightLightElevationRatio
0x4489B8C5,Ramp_HairHighlightReflectionRatio
0x6F4C479A,Ramp_HairHighlightThreshold
0x4368D1CE,Ramp_IRShadowFade
0xC9BFB618,Ramp_LocalLightDiffuser
0x9BDA4572,Ramp_LocalLightScale
0x3D5A3A68,Ramp_OccThresForIRShadow
0x5DC0CD34,Ramp_RampCoef
0x29E3322F,Ramp_RampUBias
0x97A8659D,Ramp_RampURangeMax
0xB38FA50B,Ramp_RampURangeMin
0x8ACE841E,Ramp_RampUScaler
0x20FF70DD,Ramp_RimColorScales
0x6543DFD0,Ramp_RimDirectionType
0x229FCFB2,Ramp_RimScales
0x4FB7C03A,Ramp_RimSharpnesses
0xA513F5D7,Ramp_ShadowFade
0x6621A29E,Ramp_SubLightRampCoef
0x0AB8DC99,Ramp_SubLightRampUBias
0x63A6CF88,Ramp_SubLightRampUScaler
0x18986878,RandomDistance
0x0A6F91D2,RandomizerSeed
0xC2A9B3DE,RandomPower
0xDCA53245,RandomPowerSpeed
0x00769934,RandomSeed
0xB2386283,Range
0xBB942BF5,RangeMaxes
0xA9391FE2,RangeMins
0x83A9967B,RasterUVShaderObjectNameHash
0x05C57700,Rate
0x647F4421,RayGenerationShaderObjectNameHash
0x6C584BE7,Rayleigh
0x12F68AF8,RayleighExtinction
0x775522AE,RayleighHeight
0xAF5D6E6F,RaytracingObjectBuildType
0xC6BDD0C6,RaytracingOutputTextureObjectNameHash
0x0CABBD50,RayTracingReflectionTextureObjectNameHash
0x25ABDBBA,RaytracingRenderTargetManagerObjectNameHash
0xD28DF349,RaytracingShaderLibraryBinaryObjectNameHash
0x55260E8A,ReactiveMaskObjectHeaderNameHash
0x8A9D3577,Readwrite
0x2DE96DE3,RealtimeLocalReflectionShaderObjectHash
0xD249C9EA,RealtimeRigNativeCodeObjectHash
0x2B6EB4F6,RealtimeRigScriptCodeObjectHash
0x000015A3,ReceiveShadowmapFilter
0x2DAB8C43,ReceiveShadowType
0x000015A1,ReceiveShadowType
0xF9D1CCFE,RecieverArray
0x46F0E325,RectSize
0x43E0D635,RedSlime_AnimationSpeed
0xBA83280B,RedSlime_Area
0x21A2FC4C,RedSlime_DistortionValue
0x2F4615AB,RedSlime_EmissiveScale
0xAC8C48C9,RedSlime_NoiseUVScale
0x360EC48F,RedSlime_Omit
0x2D3B8482,RedSlime_Scale
0x22D6F1D0,RefDepth
0xDB33E498,ReferenceCameraObjectNameHash
0xB2E69A87,ReferenceHash
0xA691A8ED,ReferenceIDs
0x418A81B1,ReferredHostFunction
0x6274D665,ReferredObjectHashArray
0xBEF7C3E9,ReferredScriptCode
0x1B9BABC6,RefHeight
0x9FD9750A,ReflactionPower
0xFC908D14,Reflectance
0xFA5136BE,ReflectanceLinearRoughnessRenderTargetObjectNameHash
0x96439667,ReflectanceMapAScaler
0x32E9C27B,ReflectanceMapRGBScaler
0xE993103E,ReflectanceMapScaleX
0x02C4FB40,ReflectanceMapScaleZ
0x8D305C21,ReflectanceMapSpeedX
0xA6624723,ReflectanceMapSpeedZ
0x1337B920,ReflectanceMapTexturesRenderStateObjectHash
0xB282147E,ReflectanceScale
0x5C0FA9A8,ReflectanceTextureArraySlice
0xDF448E98,ReflectionIntensity
0x8B1CDE8E,ReflectionPassShaderObjectHash
0x329E5DF4,ReflectionProbeDenoiserSystemObject
0x45B82E95,ReflectionProbeSetupShaderObjectNameHash
0xBEB4831E,ReflectionProbeShaderObjectNameHash
0x1BE02794,ReflectionProbeSystemObjectNameHash
0x1BA2A872,ReflectionProbeTargetObjectNameHash
0x840460B3,ReflectionProbeTargetTextureIndex
0x2E74C21D,ReflectionProbeTargetTextureObjectNameHash
0x64882FB8,Reflections
0x5CF6491B,ReflectionsDelay
0xC52EE834,ReflectionTremor
0xC87D92E0,ReflectiveShadowMapG1SFileResourceHash
0x5AB9D6C0,ReflectiveShadowmapG1SFileResourceHash
0xE49BE35C,ReflectiveShadowmapTexturesEXObjectNameHash
0x8C527FEF,ReflectiveShadowmapTexturesObjectNameHash
0x000016B8,ReflectiveShadowmapType
0x5D16BF6B,RefLevelNum
0xD9987C20,ReflSceneTextureObjectNameHash
0xAEFEC76A,RefPixelFormat
0xAFEDED6C,RefractionDepthTextureForSplitRenderObjectNameHash
0x456F6B85,RefractionDepthTextureObjectNameHash
0x01C4B263,RefractionIndex
0xEF1BA0A7,RefractionTransparencyHalfReductionLength
0x9F81BC94,RefractiveFactor
0xF744A94F,RefrDepthTextureObjectNameHash
0xAFEB4BD3,RefWidth
0x7E4F5E14,Region
0x5969D75B,RegionIndexArray
0x4170DAC8,RegisterListContainerObjectNameHash
0x5B6918C2,RegisterNormalZDistanceBias
0x8994BC01,RegistrationSceneDBHash
0xB816CDB5,RelativePosition
0xF12BDAAA,RelativeQuaternion
0x113A4CEB,RelativeRetainingChild
0x07D1A7E5,RelativeRetainingParent
0x7F001CCC,ReleaseArrayCapacity
0xC1FC7D43,ReleaseTimeOf2D
0x087A0002,Remote desktop client disconnected.
0x20A95090,RenderGraphFileResourceHash
0x4FBFFF09,RenderGraphFileResourceHashArray
0x252312F6,RenderGraphTable
0x13911756,RenderingCellMax
0xCEB960BA,RenderingType
0x28C6B8C5,RenderNodeIndexForActivation
0xCEDB4446,RenderNodeIndexForDeactivation
0x95C18937,RenderResolutionRatio
0x11C235C2,RenderTargetManagerObjectNameHash
0xD41EAE9F,RenderTargetObjectNameHash
0xAE23ED33,RenderTargetResolution
0xAA654B1F,RenderTargetTextureObjectHash
0x87814C77,RenderTargetTexturesRenderStateObjectHash
0x3FFE3B4D,RenderTargetTextureUsage
0x3A2F627C,RenderTargetWriteMask
0x699B2DE2,RenderTextFlg
0x092BC250,RenderType
0x93DBD905,ReplaceSceneDatabaseNameArray
0x468D4B73,ReplaceSceneDatabaseNameHashArray
0x5F5DD34C,ReservedTextureTileOffset
0x9888ACD7,ReservedTextureTileOffsetL2Layer
0xB40D2C4C,Resolution
0xAF6426B6,ResolutionForDetailedScan
0x591E04F4,ResolutionX
0x68814FB2,ResolutionZ
0x7CB0481B,Resolve4KTemporaryTextureObjectNameHash
0x4DD57BC4,ResourceElementIndex
0x85F4C975,ResourceIndexArray
0x26614C7C,ResourceInfo
0xE8F4F178,ResourceKeeperObjectNameHash
0xCE2A6BEB,ResourceKeeperStartOffset
0x4A0AA0F2,ResourceMap
0xED2328EE,ResourceNameHashArray
0x2D10F1AF,ResourcePhysicsObjectNameHash
0x6C3B792D,ResourceSetMaterialsReference
0x4AA0AB5A,ResourceSetNameArray
0x072F0BC8,ResourceType
0x6AA1E976,Restitution
0x2AEEA9EF,RestitutionArray
0x034793CB,RetainingObjectNameHash
0x08719472,Reverb
0x3BDBE92F,ReverbDelay
0xC1E4517B,ReverbFadeTime
0x03B892CA,ReverbPresetNameHash
0xB3992E6C,ReverbVolume
0x65D53286,RigAngleRange
0xF2AFF338,RigAngleRange2
0x4C8B5D79,RigAngleRange3
0xA666C7BA,RigAngleRange4
0x4941B8DE,RigAngleRangeX
0x9EE7B536,RigAnimationDataObjectNameHash
0xC7E719C1,RigEffectorID
0x6A81F3D4,Rim_rmGScale3
0xF1099854,RipBubbleCoeff
0x04479580,RippingThreshold
0x7E1CB238,RippleDecalAsyncUse
0x5DEA946C,RippleFade
0xF6D3B047,RipplePeriodScale
0x810FC0D0,RippleRate
0x0272DE4D,RippleShaderObjectNameHash
0x4A0A6709,RippleSpeed
0xB7EBEB2D,RiverHeight
0xEE13517D,RiverShowType
0x00001090,RLRDepthFadeStart
0xE268CA34,RLRDistanceRenderTargetObjectNameHash
0xB74372E6,RLRDistanceTextureObjectNameHash
0x00001098,RLREdgeFadeRange
0xF55E4B9B,RLRExternalDistanceTextureObjectNameHash
0xD43C5510,RLRExternalTextureObjectNameHash
0x5FBDAB24,RLRFullSizeDistanceRenderTargetObjectNameHash
0xBB0581D6,RLRFullSizeDistanceTextureObjectNameHash
0xD12AD58B,RLRFullSizeExternalDistanceTextureObjectNameHash
0x1D369A00,RLRFullSizeExternalTextureObjectNameHash
0x62B3BE20,RLRFullSizeIntermediateRenderTargetObjectNameHash
0xC508E299,RLRFullSizeRenderTargetObjectNameHash
0x99E38B4B,RLRFullSizeTextureObjectNameHash
0x86AF9930,RLRIntermediateRenderTargetObjectNameHash
0x0000107C,RLRMaxRaySamples
0x190F2266,RLRMipmapType
0x00001084,RLRPixelsPerStep
0x9EA946A9,RLRRenderTargetObjectNameHash
0x00001080,RLRSampleFadeStart
0x8E08C15B,RLRTextureObjectNameHash
0x0000108C,RLRViewFadeEnd
0x00001088,RLRViewFadeStart
0x06E6D2F7,RoadShowType
0x0624AD1D,Roll
0x660FF83F,RolloffFactor
0x063421BB,Room
0xF8054239,RoomHF
0x6D2EB6C2,RootBlendHalflife
0x6D0FDB4F,RootJointOrientationLS
0x1A03BFEC,RootJointParamArray
0xF1B1B7C8,RootJointPositionLS
0x1D8615A1,RootRotationStiffness
0xD50810B0,RootTranslationStiffness
0x3DF7EA5E,Rotation
0x7126D57A,RotationAdjustmentHalflife
0x966D9812,RotationAdjustmentMaxRatio
0xA87D31E6,RotationContinuationTarget
0x4C3CF627,RotationFCurve
0x7C2072AD,RotationHalflife
0x8913507A,RotationWS
0xE6048AF0,RPBlockSize
0xD23BDA4A,RPBlockSizeL2
0x7D53937B,RPFieldPosition
0xD9BB7AE3,RPFieldSize
0x8EE7ED96,RPTextures
0xB9E4AA6F,RPTexturesL2Block
0x445D4FAD,RPTileSize
0x3699F182,RPTileSizeL2Layer
0x063668C1,RSMAlbedoTextureEXObjectNameHash
0x8D23EA0E,RSMAlbedoTextureObjectNameHash
0x4056D6A9,RSMClipVolumeSize
0x8FF1B411,RSMDepthTextureEXObjectNameHash
0x4B37BC6C,RSMLightedColorTextureEXObjectNameHash
0x19804FF9,RSMLightedColorTextureObjectNameHash
0x24158BD0,RSMLightGroupID
0xFFCF9ED3,RSMNormalTextureEXObjectNameHash
0x86BD2020,RSMNormalTextureObjectNameHash
0x95E287D7,RtRigCodeHash
0x59DB58F9,RTRigFlags
0xAE7298E9,RtRigParameterHash
0x8C617532,RTRigValidatorHash
0xEFC87BBE,S4TransmitTextureObjectNameHash
0xFFFFFF9C,s_fade
0xE4E72DAD,SafeAreaAspectRatioType
0xA220011E,SafeAreaDisplayType
0x03FA05AA,SamePoseTolerance
0x7616DAD3,SamplerFeedback
0x53E3FB09,SamplerFeedbackDebugMode
0x7CEA8021,SamplingNum
0x56BA8721,SamplingSpace
0xD40D74C8,SaturationScale
0x0AB5E645,SaturationScaleFCurveAnimationDataObjectNameHash
0xB278F6D6,Scale
0x000021F8,Scale
0xDC1B855D,ScaleBias
0x8FD7A7AD,ScaleFCurve
0xDA5AE47E,ScaleForCalcOfIndirectTexture
0x050C773B,ScaleForCalcOfIndirectTextureFCurveAnimationDataObjectNameHash
0xD5FB5A52,ScaleMap
0x42EAA36B,ScaleU
0x7FE3BB52,ScaleUArray
0x77D0DEAC,ScaleV
0xB4C9F693,ScaleVArray
0x0C988969,ScatterG
0xC8803F5B,Scattering2FogAccelTextureObjectNameHash
0x3B0FDD5F,Scattering2FogPrePassShaderObjectNameHash
0xC0A1115E,ScatteringFogAmbient
0xAA0CA921,ScatteringFogEnd
0xEEBB6F6D,ScatteringFogG
0x61B883CF,ScatteringFogMie
0x8815500B,ScatteringFogPower
0x2EBB7ADF,ScatteringFogRayleigh
0xA5A50F28,ScatteringFogStart
0x3B7F8C8C,ScatterScale
0xFC2EA256,SceneBufferTexture16FObjectNameHash
0xCB7227E7,SceneBufferTextureObjectNameHash
0x65B6C39A,SceneColorRange
0xC2250078,SceneColorTempTextureObjectNameHash
0x6FE615C4,SceneColorTextureObjectNameHash
0x0CD01E04,SceneDatabaseFileNameHash
0x67DDA9D9,SceneDatabaseNameHashArray
0x6D8EB6AB,SceneDatabaseResourceNameHashArray
0xDB928664,SceneDepthTextureObjectNameHash
0x51332A47,SceneTextureObjectNameHash
0x71564E51,SceneToneCurve
0x09297141,ScreenAlphaTextureObjectNameHash
0x6CD82083,ScreenLayoutColorTableCSVFileResourceHash
0xEA6C772E,ScreenLayoutColorTableObjectHash
0x483946F1,ScreenLayoutCommonTexturesObjectNameHash
0xEDB08EBE,ScreenLayoutDLDataCopyBufferSize
0x33F2904B,ScreenLayoutDLIndexBufferSize
0x663AC99E,ScreenLayoutDLMaxRegisterObjectNum
0xDD912EA3,ScreenLayoutDLVertexBufferSize
0x10FA95C2,ScreenLayoutKeyHashArray
0xCB3EC6E8,ScreenLayoutNameArray
0x91CE400E,ScreenLayoutObjectNameHash
0xB45B5E75,ScreenLayoutObjectNameHashArray
0x1BF404E7,ScreenLayoutSettingObjectNameHashArray
0x86A6D04B,ScreenLayoutShapeInfoResourceHash
0x2F610FEA,ScreenLayoutTexturePackObjectNameHash
0xAF260DD8,ScreenMapObjectNameHash
0xA4F720AE,ScreenSizeXY
0x39AE2832,ScriptArgumentAppendStartIndex
0x16B392B0,ScriptCodeObjectNameHash
0x05E6BB8A,ScriptParameterObjectNameHash
0x5C6659B5,SDFOcclusionShaderObjectNameHash
0x53457DEF,SDFResourceHash
0x443CA69D,SDFTextOutlineColor
0x00020005,SDFTextOutlineColor
0x254B8B33,SDFTextOutlineParam
0x8BAA2194,SDFUtilityShaderObjectNameHash
0xE28DF8AA,SearchMotionFlag
0x89A320CB,SearchRange
0x22E3BDFD,SearchTargetPriority
0x69DFC990,SecondaryAbsorbance
0x7FAC8469,SecondaryLightContainerObjectNameHash
0xC34F61B7,SecondaryLinearRoughness
0xB21FBE88,SecondaryProgId1
0x02C99C89,SecondaryProgId2
0x07B44AA6,SegmentIndexArray
0xF668216E,SelectedObjectsVisiblityFlag
0x1821A67C,SelectedObjectsVisiblityFlag2
0x3D78BA2E,SelectPolicy
0xBB607D92,SelectRenderParts
0x71DD9B9A,SelfHash
0x321985D6,SelfTiming
0x4D92A101,SeparateAlphaTestOnDrawLocalLightShadowmap
0x40347EB9,SeparateDepthOctGBuffer
0xDAA939ED,SeparationHeight
0x28FA4134,SequenceCallbackHash
0x09027ACD,SequenceKeyHashArray
0x43F1BBBC,SequenceManagerObjectNameHash
0x9BA92EF3,SequenceNameArray
0xFB4541F1,SequencePlayCommandNameHash
0x994F78B2,SequencePlayCommandObjectNameHash
0x91DA7CB0,SequenceResourceBinary
0x32734472,SequenceSettingObjectNameHashArray
0x22E64208,SetModelObjectDatabaseResourceNameHash
0x10856D68,SettingObjectDatabaseResourceNameHashArray
0x2C393211,SettingObjectNameHashArray
0x8F7E7718,ShaderAccessoryID
0x6ADAE7D2,ShaderLibraryObjectNameHash
0x8FBEBC27,ShadowAbsolutelyRenderDistanceH
0x02623A59,ShadowAbsolutelyRenderDistanceV
0xD3C00659,ShadowCasterAlphaThreshold
0x62C508EB,ShadowCastFlag
0xC3FA4505,ShadowClipDistance
0x95551591,ShadowClipScaleBiasMax
0xE392EDFF,ShadowClipScaleBiasMin
0x87EC2FBE,ShadowElevationClamp
0x75EDD64F,ShadowExponent
0xB7402B77,ShadowExponentBlurSize
0x0D8D3389,ShadowLightSize
0x4D0B6005,ShadowMapG1SFileResourceHash
0x4930FBE5,ShadowmapG1SFileResourceHash
0xA21C16EB,ShadowMapGeneralG1SFileResourceHash
0x9E41B2CB,ShadowmapGeneralG1SFileResourceHash
0xF7ABF8FD,ShadowmapHeight
0x679B61CC,ShadowMapLSPG1SFileResourceHash
0x63C0FDAC,ShadowmapLSPG1SFileResourceHash
0x8BA2E307,ShadowmapOnlyOBOROLightGroupTextureObjectNameHash
0x944A883A,ShadowmapResolutionForBake
0x657BDC77,ShadowMapTextureObjectNameHash
0x61A17857,ShadowmapTextureObjectNameHash
0x69749B4A,ShadowmapWidth
0x000010A4,ShadowMask_Fade
0xBF55DA5D,ShadowMaxPrimitiveNum
0x48A5BB85,ShadowMinimumVirtualNear
0x96BADA48,ShadowPartsObjectNameHash
0x8A96C17A,ShadowPrimitiveSortMethod
0xA3FB1464,ShadowSampleNum
0x30647C5C,ShadowSlopeBias
0x03319682,ShadowTargetViewMask
0x742A6E80,ShadowTreeDataObjectNameHash
0xEFB96BFB,ShadowTreeShaderObjectNameHash
0x9ADBCF1D,ShallowAmplifier
0xD051CDDD,ShapeDataObjectNameHash
0xE5D9CABE,ShapeTypeArray
0x3E3E3B62,SharedGraphicResourceObjectHash
0x071A8D91,Sharpnesses
0xDC491051,SheetTexturesRenderStateObjectHash
0x788AFD6F,ShiftAmplifier
0x19E3001A,ShoalingHeightMapHash
0x28E65053,ShoalingScale
0x603AAFC5,ShoreBubbleDensityScale
0xB261AC8A,ShoreBubbleDepth
0xDFCD65B2,ShoreBubbleThreshold
0x3774ED7B,ShowLightProbeLightGroupID
0xA4E92BC8,ShowParallelLightGroupID
0x8E14CADA,ShowViewObjectNameHash
0xF6538128,ShutterSpeedMinMaxV2
0x9B5DD62C,Side0EntityObjectNameHash
0x9D12AECB,Side1EntityObjectNameHash
0x9FA126B0,SideSpeed
0x75B4CDEC,Silhouette_Area
0x5737745B,Silhouette_NoiseUVScale1
0xDB67C15C,Silhouette_NoiseUVScale2
0xB77C6A88,SilhouetteColorTextureObjectNameHash
0xB3565F94,SilhouetteFade
0x264BFB7B,SilhouettePassShaderObjectHash
0x1A677713,SimpleAnimationParamObjectNameHash
0xAEBC9591,SimpleGhostInfo_CoatingCol
0x4F4B1701,SimpleGhostInfo_ExtendOffset
0xB51B7395,SimpleGhostInfo_Group
0xE72B3ECA,SimpleGhostInfo_PosScale
0x37FA8F5F,SimpleGhostInfo_ReflectionRate
0x5A534CC6,SimulationInitState
0xFBFBB748,SimulationSize
0x05C84F61,Size
0x38031CDE,SizeDepth
0x8C46344D,SizeParamArray
0xFFFD5FA2,SizeXY
0xA810DD85,SizeXYFCurveAnimationDataObjectNameHash
0x41300000,SK_R_Hand
0x37D5D8B9,SkeletonParentIDArray
0x387A3D9A,SkinDepth
0x54489708,Sky2AtmoAmb2dTableResourceHash
0x59FD9627,Sky2AtmoTTableHeight
0x4E513F7C,Sky2AtmoTTableResourceHash
0xB9AF5BFA,Sky2AtmoTTableWidth
0xF5743E16,Sky2PlaneG1SFileResourceHash
0xE1738D56,Sky2PlaneRenderTargetObjectNameHash
0xE67B59E3,Sky2PlaneSTATableMap
0xE0918EA2,Sky2StarG1SFileResourceHash
0x78051B9F,Sky2StarResourceHash
0xB6C262E1,SkyAmbientAlphaObjectNameHash
0x5F5A9EDD,SkyAmbientDiffuseObjectNameHash
0x3C39B64F,SkyAmbientObjectNameHash
0x94B0DC72,SkyAmbientSpecularObjectNameHash
0x4A4C0A04,SkyDomeDisplaysetObjectNameHash
0x063FA137,SkyDomeInterpolateType
0x15BCC238,SkyDomeLightGroupID
0x85D730F7,SkyDomeWorldPosition
0xE302BB6C,SkyDomeWorldQuaternion
0x00001004,SkyDomeWorldQuaternion
0x528FCA84,SkyDomeWorldScale
0x00001014,SkyDomeWorldScale
0xF3FC5400,SkyDownsampleSizeN
0x43305A63,SkylightAmbientType
0x01922B1A,SkylightInterpolateType
0x97F25DA4,SkyOccElevationAngle
0x4686371B,SkyPatternMapObjectNameHash
0xDEC0B5BA,SkyPlaneG1SFileResourceHash
0x672C4A9F,SkyPlaneLightGroupID
0xB1FDE80E,Slice
0x814EDD80,SliceIndex
0x756A8641,Slices
0x36DF0F43,SlideEndSpeed
0x64150EBD,SlideIntervalTime
0x2CFA4E0C,SlideMaxSpeed
0x279DBF9D,SlidePitches
0x20417013,SlideProgramIndexes
0x39907D18,SlideSlotFlags
0xDDF4920A,SlideStartSpeed
0x47C82A48,SlideVolumes
0x39E8AED7,SlopeScaledDepthBias
0x900370D7,SlotFlags
0x87E9E18C,SmallWavesSupressLength
0x88462195,SmoothCoeff
0x000010FC,SnowAlbedo
0x7AEFE5D0,SnowCoverFade
0xA3ADA59C,SnowDeformEditTextureManagerObjectNameHash
0xE9D7DC00,SnowDeformObjectNameHash
0x8F234045,SnowDeformShaderObjectNameHash
0x00001118,SnowDirFadeEnd
0x00001114,SnowDirFadeStart
0xE75424AF,SnowDropShaderObjectNameHash
0xDE7E958A,SnowDropVlPrevPosShaderObjectNameHash
0x0000110C,SnowGlossiness
0x00001120,SnowHeightFadeEnd
0x0000111C,SnowHeightFadeStart
0x00001144,SnowMaskMapOffsetX
0x00001148,SnowMaskMapOffsetZ
0x0000113C,SnowMaskMapScaleX
0x00001140,SnowMaskMapScaleZ
0x0000114C,SnowNormalBlurDepthThreshold
0x0000116C,SnowNormalBlurSamplingNum
0x00001134,SnowNormalMapOffsetX
0x00001138,SnowNormalMapOffsetZ
0x0000112C,SnowNormalMapScaleX
0x00001130,SnowNormalMapScaleZ
0x00001128,SnowOcclusionRate
0x000010EC,SnowQuaternion
0x00001124,SnowRateScale
0x00001108,SnowReflectance
0x15797D24,SnowScatteringShaderObjectNameHash
0xC4626414,SnowScatteringTextureObjectNameHash
0xCC0FFEA2,SocialDistance
0xFA7F3810,SortPolicy
0xD8623A5C,SortTargets
0x4D159055,SoundBankNameHashArray
0xE24F46E8,SoundBankObjectHash
0x7601529D,SoundBankObjectNameHash
0xE9A5C6E9,SoundHandle
0x5A85FE56,SoundId
0x28E7FBBE,SoundObjectDatabaseNameHash
0x1C1D6859,SoundPresetNameHash
0x983E4F79,SoundscapeMapDataObjectNameHash
0xBA8ECBD5,SoundscapeMapDataResourceHash
0x90D2CF18,SourceAirResistance
0xC2A775BD,SourceAlpha
0x46FA16F5,SourceBlue
0x09D4DF4F,SourceCharge
0x131E3698,SourceColor
0xD1B88E38,SourceGreen
0x51E76D41,SourceLifeSpan
0x9AA523CF,SourceMass
0xC012D2AA,SourceRed
0xFC207611,SourceScale
0x3ACD54F4,SourceSpeed
0xC32CA328,SourceTextureObjectNameHash
0xC6E47836,SourceUser0
0xCE961D95,SourceUser1
0x98017909,SourceUVs
0x66825D5A,SparseShadowTreeResourceHash
0x75E0473D,SpecifiedFrame
0x44362A95,SpecifyUsingPE3Technique
0x1FBFC9CE,SpecifyUsingPE3TechniqueFlags
0x81361DE3,Specular
0x3E1F6709,SpecularDecay
0xF3432FAB,SpecularScaler
0xD464DCDB,SpecularTrans
0xD074D36A,Speed1
0x055B0EAB,Speed2
0x100E0713,SplineReserveMemorySize
0x58030291,SpotLightMarkerSize
0x553A0053,Spread
0x474D2814,SpringArray
0x39820FA2,SpriteDepth
0x8D2E5EB6,SrcAlbedoTextureObjectNameHash
0x9EE605A2,SrcAnimationDataObjectNameHash
0x286E2DED,SrcBlend
0xD78BB36F,SrcBlendAlpha
0xC5E2C9CC,SrcDepthTextureObjectNameHash
0x5F684453,SrcPosition
0x000012E0,SSAOAngleBias
0x00001308,SSAOBlurAtHalfSize
0x00001304,SSAOBlurLinearFilter
0x00001300,SSAOBlurSharpness
0x000012FC,SSAOBlurSize
0x000012D8,SSAOContrast
0x000012DC,SSAOMaxOcclusion
0x000012D4,SSAOMaxRadiusRate
0x000012E4,SSAOQuality
0x000012C4,SSAORadius
0x000012F4,SSAORayNum
0x000012E8,SSAOResolution
0xD7B0F360,SSAOShaderObjectHash
0x000012F8,SSAOStepNum
0x000012EC,SSAOUseNormal
0x000012F0,SSAOUseViewDepth
0x6FAFCA6B,SSFadeSaturationShaderObjectNameHash
0xB9421465,SSFogShaderObjectNameHash
0x237DF2B0,SSSColor
0x4424B3DA,SSSDmfp
0x86BC1FF2,SSSMethodType
0x9D3B7CAC,SSSSamplingNum
0xD7F18012,SSSSShaderObjectHash
0x1C6625D5,SSSWeight
0xFDDF4981,StackExtendDepth
0x56CB1959,StackMaxDepth
0x7FA4150B,Stacks
0x04781136,StageKeyHashArray
0xEC35AD94,StageMin
0x2E0C3ED0,StageNameArray
0x6BE8A454,StagesAnimParamListContainerObjectNameHash
0x1A281891,StagesArgumentObjectNameHashArray
0x786E89B6,StagesContainerParamsObjectNameHash
0x43EE345E,StageSettingObjectDatabaseNameArray
0xAF2F9C4C,StageSettingObjectDatabaseNameHashArray
0xB0EB31B1,StageSettingObjectNameHashArray
0x26E011C7,StagesTimelinePlayCommandObjectNameHash
0xD7415831,StampFrameArray
0xF28A9354,StampImageResourceHash
0x04A4E374,StarAlpha
0xD76190B9,StarEx0ResourceHash
0x3F42BD98,StarEx1ResourceHash
0xA723EA77,StarEx2ResourceHash
0x1D506B51,StarG1SFileResourceHash
0x17E3FECE,StarResourceHash
0x5349E8C8,StarScale
0xCC6674FE,Start
0x06FD5682,StarTexturesRenderStateObjectHash
0x750E63CB,StartFrame
0xDE5B3032,StartFrameArray
0xD9A17479,StartLocalPositionArray
0x7457A763,StateFlag
0x47D4FA3A,StateHashArray
0x41352FAF,StateNameHashArray
0x9DB503BB,StateObjectHashArray
0x5EE6A0E9,StateSetObjectNameHash
0xE61255CE,StateTypeArray
0xAA117B97,StaticDopeSheetObjectNameHash
0x9B0F211A,StaticFlag
0x4D0B08FA,StaticGBufferTextureObjectNameHash
0xCA75FFCD,StaticNatureObjectNameHash
0xC6E534D4,StaticScreenLayoutCommonTexturesObjectHash
0xDA7D5749,StaticScreenLayoutTexturesObjectHash
0x747E4F21,StaticTerrainObjectNameHash
0x0320147F,StaticTextureObjectHashArray
0x80DBF720,StatisticalOceanAmplitude
0x6572ADC1,StatisticalOceanChoppyFactor
0x9C7312C8,StatisticalOceanColorH
0xAB297456,StatisticalOceanColorV
0x601A5D90,StatisticalOceanCycleTime
0x8AA68524,StatisticalOceanDiffuseColor
0x0CAE2711,StatisticalOceanFlatDistance
0x9389F1C2,StatisticalOceanG1SFileResourceHash
0xD9A416FE,StatisticalOceanGradTime
0x9E838FF5,StatisticalOceanGravity
0x2E869D58,StatisticalOceanLightGroupMask
0x9731A846,StatisticalOceanLODLevel
0x00F058B8,StatisticalOceanNoRefractionG1SFileResourceHash
0x7852C9D5,StatisticalOceanNormalMapNoiseTextureRenderStateObjectHash
0xD322225E,StatisticalOceanNormalMapTexturesRenderStateObjectHash
0xFE8FC87B,StatisticalOceanReflectionIntensity
0x511CF646,StatisticalOceanRefractionIndex
0x27EE7E2F,StatisticalOceanResolution
0x75DF5C31,StatisticalOceanResolutionXZ
0xCE5ADEC6,StatisticalOceanSizeXZ
0x0838B36F,StatisticalOceanSmallWavesSupressLength
0xD604FADB,StatisticalOceanSpecColor
0x9CEFD8E8,StatisticalOceanSurfaceEffectFovScale
0xAE5641C9,StatisticalOceanSurfaceWaterLevel
0xD625408C,StatisticalOceanSurfaceWindXZ
0x8E20031B,StatisticalOceanTransparency
0x3D15694C,StatisticalOceanTremor
0x6AC6BCD0,StatisticalRiverG1SFileResourceHash
0xFF2B493D,StatisticalRiverResolution
0x91A41AD2,Status
0x349AC1A4,Stencil
0x09A14502,StencilBackFaceDepthFailOp
0xAF9F9B41,StencilBackFaceFailOp
0x2CF33CBC,StencilBackFaceFunc
0x3456F56E,StencilBackFacePassOp
0x349F5648,StencilFrontFaceDepthFailOp
0x4E6BC7E9,StencilFrontFaceFailOp
0x7B8C55CE,StencilFrontFaceFunc
0x609FB35C,StencilFrontFacePassOp
0x58D991C0,StencilFunc
0x77006D18,StencilMask
0x778716E2,StencilReadMask
0x669F2A17,StencilRef
0xDEB922FA,StencilSurfaceForLightSceneObjectNameHash
0x0FEE08EF,StencilWriteMask
0x987B427E,StepIntervalTime
0x2B595D4F,StepMaxSpeed
0x1AA8F59E,StepPitches
0x33325E68,StepProgramIndexes
0x12FB1CC3,StepSlotFlags
0x043D2177,StepSpeedTraceTime
0xC76B0168,StepThresholdSpeed
0x55810993,StepVolumes
0x2D158192,StitchDepthMax
0xB971A800,StitchDepthMin
0x8C8CA6A5,StopMode
0x7B692A64,StreamsetNum
0x57F12EA1,Strength
0x8F773279,Stride
0x4C4B75C1,SubShadowMapDepthBufferObjectNameHash
0xBC31BFD4,SubShadowMapObjectNameHash
0x6E6647A8,SubShadowMapTargetID
0x4405E3E3,SubStepCount
0x89E8907D,SuperSamplingResolutionRatio
0x55238D4E,SuperSamplingSetting
0x93399944,SuperSamplingType
0x8E1FF211,SurfaceDiffuseMax
0x53A51905,SurfaceEffectFovScale
0xF80FB55F,SurfaceMapTexturesRenderStateObjectHash
0x6CD24AA5,SurfaceTextureAScaler
0x097876B9,SurfaceTextureRGBScaler
0xC021C47C,SurfaceTextureScaleX
0xD953AF7E,SurfaceTextureScaleZ
0x63BF105F,SurfaceTextureSpeedX
0x7CF0FB61,SurfaceTextureSpeedZ
0x019363E6,SurfaceWaterLevel
0xAA4D66C3,SurfaceWindX
0x875373C5,SurfaceWindZ
0x3CEC6113,SurfBubbleBase
0xC7BBE84F,SurfBubbleDamper
0x8F8BEEC4,SurfBubbleDensityScale
0xD7B0FEA3,SVAOShaderObjectHash
0x6930F46D,SwingMaxY
0x5D7A658C,SwingMaxZ
0x9DC6282B,SwitchingCameraIdArray
0xD269392E,SystemUsage
0x444298E2,TAA3ColorWork1ForMultchView1ObjectNameHash
0x1A43CDF4,TAA3ColorWork1ObjectNameHash
0x9E1E0323,TAA3ColorWork2ForMultchView1ObjectNameHash
0x741F3835,TAA3ColorWork2ObjectNameHash
0x2EF59442,TAA3DepthWork1ForMultchView1ObjectNameHash
0x04F6C954,TAA3DepthWork1ObjectNameHash
0x88D0FE83,TAA3DepthWork2ForMultchView1ObjectNameHash
0x5ED23395,TAA3DepthWork2ObjectNameHash
0x8E3C23FA,TAA3InternalTexture16FObjectNameHash
0xA7695089,TAA3InternalTextureObjectNameHash
0xFFFF17FF,TAAInputPrevVelocity
0x7FFFFFFF,TAAInputVelocity
0xFFFF03FF,TAAInputVelocity
0xD457A535,TableExpandMode
0xAA8D0DB1,Target
0xED4543FC,TargetClothID
0x0CAF8874,TargetComponent
0xD8D66F37,TargetGroupID
0x1C3C9DCE,TargetHairID
0x347E35AC,TargetId
0x1790EFD3,TargetIdArray
0x56809A75,TargetLightGroupID
0xACDB46E0,TargetLimbIKID
0xE5A970B1,TargetNameHashArray
0xFCEAF4C5,TargetOccluderId
0xEAA275C6,TargetPonytailID
0x48CA7958,TargetSoftBodyID
0x54A2D16E,TargetSubShadowmapIDBits
0x7324420B,TargetType
0x41580F26,TargetUserData
0xACF79102,TargetViewMask
0xF1D230FF,TaskGraphFileResourceHash
0x7988E847,TCubicExponentialShadowmapArrayTextureObjectNameHash
0xB0603860,TCubicShadowmapArrayTextureObjectNameHash
0xF8B692ED,TCubicShadowmapTextureObjectNameHash
0xCD34FEAF,TCubicShadowmapZSurfaceObjectNameHash
0x72B09F90,Technique
0x6641708D,Temp2ByteIndexBufferSize
0x69AB21CB,Temp4ByteIndexBufferSize
0x339CE875,TempBufferSize
0xF72BA924,TempDepthTextureObjectNameHash
0xCDB4F7AA,TempInstanceBufferSize
0x01972099,TemplatePreset
0xD4FD1861,TempMeshletMatrixPaletteBufferSize
0x2A8DC1CC,Temporary0TextureObjectNameHash
0xBF72748D,Temporary1TextureObjectNameHash
0xEA631222,TemporaryTextureObjectNameHash
0x703D2C6E,TempSkeletonBufSizeA
0x3ABB4D39,TempVertexBufferSize
0x4E40A554,Terrain2DetailZ
0x580259C7,Terrain2FarEndZ
0x6EBC140E,Terrain2FarStartZ
0x82DA8AD9,Terrain2ResourceHash
0x1C627618,TerrainDisplayLists
0x4512671D,TerrainParallaxShowType
0x163C296F,TerrainResourceHash
0x3099EC23,TerrainSplineShowType
0x4B80CFB1,TerrainType
0x03BB19B1,TessBiasArray
0xD2A48180,TessScaleArray
0xE7B79157,TexBombingRotation
0xF28D67CF,TexBombingScale
0xC2DF020E,TexBombingThreshold
0x9297B1BE,TexCoordOfBlendTexture1
0x8E99409D,TexCoordOfBlendTexture2
0x3C9279A3,TexCoordOfMainTexture
0xA69BBD47,TexScaleUArray
0x9AE52E66,TexScaleVArray
0x069AB84D,Text
0xF146FE38,TextBorderColor_FCurveAnimationDataObjectNameHash
0x2055924F,TextDataObjectNameHash
0x6EEED2BB,TextLineArrangeType
0xD08D152F,TextRenderTextureNameHash
0xEF8F94EA,TextSpriteObjectNameHash
0xB2006795,TextureAnimationFlag
0x981CA157,TextureAnimationSpeedU
0xE24E3A98,TextureAnimationSpeedV
0x7A1E1EF8,TextureBindTableCSVFileResourceHash
0xBD0F5F15,TextureCompositionDatabaseObjectKeyHashArray
0xD968BEA9,TextureCompositionDatabaseObjectNameHashArray
0xE0D37F7E,TextureIndexArray
0x5D984714,TextureLoopTime
0x440F9A13,TextureNameArray
0xF9B63DF2,TextureNumArray
0x21451EC5,TextureNumPerObj
0x8D16812D,TextureObjectNameHash
0x16AC4D88,TexturePackAssetKeyHashArray
0xC4F8EFEB,TexturePackDBResourceHashArray
0xE88C8D60,TexturePackKeyHashArray
0x34CBB458,TexturePackObjectHashArray
0x39187761,TexturePackObjectKeyHashArray
0x4066624D,TexturePackObjectNameHashArray
0x35851775,TexturePackSettingsObjectHashArray
0x458F2240,TexturePattern_BlendTexture1FCurveAnimationDataObjectNameHash
0x6EDF06C1,TexturePattern_BlendTexture2FCurveAnimationDataObjectNameHash
0x95708E3B,TexturePattern_MainTextureFCurveAnimationDataObjectNameHash
0xB5869388,TexturePatternAnimDataObjectNameHash
0xC7D27E12,TexturePatternIndex_OfBlendTexture1
0x3C11B671,TexturePatternIndex_OfBlendTexture2
0x800F9677,TexturePatternIndex_OfMainTexture
0xF2A78CDF,TextureRepeatU
0x4C82F720,TextureRepeatV
0x608AC926,TextureRepeatVLength
0x81EA90B6,TextureResourceFilePath
0x6DA98089,TextureResourceHash
0xF35CAD58,Textures
0xA5248E1A,TextureScaleU
0x870257B9,TextureScaleV
0x9B01A164,TextureSize
0x00080039,TextureSizeRcp
0xF92C5190,TexturesRenderStateObjectHash
0xE49690E5,TextureZScrollSpeed
0x5692BB6E,ThinSurfaceBSDFDepthFilterType
0xFD4C0435,ThinSurfaceBSDFDispersion
0xF4BAA840,ThinSurfaceBSDFFilterSize
0xD5222D67,ThinSurfaceBSDFFilterType
0xA29E490D,ThinSurfaceBSDFResolution
0xE6BF4D63,ThinSurfaceBSDFTransFresnelMode
0x8A59099A,ThreePointsFogColor
0x8551FD62,ThreePointsFogEnd
0x05BD11B2,ThreePointsFogMiddle
0xDA9F09CF,ThreePointsFogMiddleColor
0x3EDD40EA,ThreePointsFogMiddleDensity
0xFCC6583B,ThreePointsFogStart
0x3112AC75,ThresholdAcceleration
0x3F816FFC,ThresholdSpeed
0x6221B6A6,ThroughRatio
0x00200571,TID
0x51E81155,TileIndexArray
0x66D43B64,TileLightIndexNum
0x85E5731A,TileMaxLightNum
0x61E546D8,TileMaxSpotlightNum
0xF2F52268,TileNum
0x4621A92F,TileSize
0xDEC1E833,TimeLength
0x657EC019,TimeStep
0x0A51B02A,Timing
0x2DB8C9B3,Tolerance
0xF3C3DA09,ToleranceForDetailedScan
0x06E8AAE8,ToonEdge2Color
0x4E12FF39,ToonEdge2Thickness
0xCE24BBDD,TopCap
0xBDD30F8C,TouchDistance
0x62DDF12A,TouchObjectNames
0x3A06D761,TPlanarExponentialShadowmapArrayTextureObjectNameHash
0xDE198A68,TPlanarShadowmapArrayTextureObjectNameHash
0xA08E817B,TPlanarShadowmapTextureObjectNameHash
0x5BDD8DF9,TPlanarShadowmapZSurfaceObjectNameHash
0xD828798C,TransDstStateNameHashArray
0xE47A5A09,TransitionBlendLogicArray
0x407B511A,TransitionCondition
0x608513A7,TransitionConditionNumArray
0x591F3544,TransitionConditionsReverseArray
0x9B87A4FF,TransitionCurveArray
0xAD4B5985,TransitionDstAnimOffsetArray
0x669C4750,TransitionDurationArray
0x7D9E72DB,TransitionEvalStartTimeArray
0x997EDD93,TransitionFCurveHashArray
0xEA3133CA,TransitionHashArray
0x51EC35AF,TransitionRuleConditionArray
0xCDF45551,TransitionRuleScriptHashArray
0xEAE85D0E,TranslateFrequency
0x2E5DD818,TranslateInterpolateEasingType
0x773B0BE0,TranslateInterpolateTime
0xAB78AAA1,TranslateSeed
0xB68C798F,Translation
0x5199B815,TranslationBoneOID
0xA26BA507,TranslationContinuationTarget
0x4B82ED26,TranslationFCurve
0x1F5E2225,TranslucentSpecularRenderTargetObjectNameHash
0x7AA5F8D7,TranslucentSpecularTextureObjectNameHash
0x6904AB7D,TransNumOfStateArray
0x62DE0938,Transparency
0xC3C650DB,TransparencyFCurveAnimationDataObjectNameHash
0x6B1D6F0E,TransparencyScale
0xCB57A007,Tree2WindShaderObjectNameHash
0x349DED1E,TreeWindObjectNameHash
0x18C57985,TriangleColor
0x1FEB495E,TriggerObjectName
0x0B331B30,TriggerObjectNameHash
0x15AD2A37,TriggerSymbolNameHash
0x5D343CD6,TriggerSymbolType
0x2B11D8F6,TriggerThresholdRange
0x2FF4255C,TriggerThresholdRangeType
0x00040000,TS_BINDLESS_UP
0x61D12026,TsbBackDepthTextureObjectNameHash
0x05C30818,Tune
0x921E165D,TwistMax
0x7530D084,TwistMaxArray
0x067B274B,TwistMin
0xE98DE172,TwistMinArray
0x05C3FFDA,Type
0xCA014F47,Types
0xC57E8C83,UC_InstancingType
0x32BC569B,UC_IsOnlyReferencedForInstancing
0x81000001,UC_IsOnlyReferencedForInstancing
0xBC1AE4DE,UC_XX_AlphaThresholdFCurveAnimationDataObjectNameHash
0xD572A2F3,UC_XX_SizeXYFCurveAnimationDataObjectNameHash
0xC75DBDC9,UC_XX_TransparencyFCurveAnimationDataObjectNameHash
0xA0374C43,UC_XX_VisibilityFCurveAnimationDataObjectNameHash
0x0C079B13,UC_XX_WorldPosFCurveAnimationDataObjectNameHash
0xB65B7A9B,UC_XX_WorldRotationFCurveAnimationDataObjectNameHash
0xC2BCC649,UC_XX_WorldScaleFCurveAnimationDataObjectNameHash
0xD36AF934,UCAMParamNameHash
0x80507B77,UltraMarineActivityFlag
0x10B6685A,UltraMarineObjectNameHash
0xF6FD9EEC,UMInitFetchLevelCapacity
0x5769E41D,UMInitFrustumModelMargin
0xDA33364A,UMInitFrustumModelPower
0x43ADF992,UMInitFrustumModelSliceVertNum
0x5C5129DC,UMInitFrustumModelStackVertNum
0x88956635,UMInitFrustumModelSurfaceWaterLevel
0x74DA9599,UMInitViewFlag
0x352059DC,UMRenderHeightmapShaderObjectNameHash
0x09F41ED2,UMShadersObjectNameHash
0x9AD6E389,UMWaveBakeG1SFileResourceHash
0xC2D1BEAD,UnifiedBufferSize
0xA7546720,UnifiedBufferSlice
0xC932E0FB,UniformShadowmapBiasType
0xC6BAC283,UnifyResultsAvoidThresholdLowerLimit
0x62AB3802,UnifyResultsAvoidThresholdUpperLimit
0x2D81E760,UnifyResultsMergeThresholdLowerLimit
0xC9725CDF,UnifyResultsMergeThresholdUpperLimit
0x75E67FD7,UnionType
0x77D759D1,UnitCoef
0x2E4BB6B9,UnitLengthValue
0x3A2EACB3,UniversalJointAngleMinMaxArray
0xC724D5FC,UnmergedModelNameHashArray
0xA1150849,UnmergedModelVSetArray
0xE40496B9,UnormIntermediateLutObjectNameHash
0xCB98562F,UnormInterpolatedLutObjectNameHash
0xD00D63CF,UnormInterpolatedOptionalLut0ObjectNameHash
0xD0BA0F6E,UnormInterpolatedOptionalLut1ObjectNameHash
0x62C6F98E,UpdateContainerCapacity
0x79C02FFE,UpdateDistance
0x82845EA1,UpdateStepFlag
0xFFFFFFFC,UpScaleConstants2
0xB8168E9E,UpVector
0xB232BD9F,Usage
0xEE8F8A38,UsageVertexNormalTangentGBufferType
0xCE9BCA00,UseAlbedo
0x7CB3D822,UseAmbientOcc
0x55D7C452,UseAmbientOcc0
0xAFB32E93,UseAmbientOcc1
0x098E98D4,UseAmbientOcc2
0x636A0315,UseAmbientOcc3
0x701D3A5D,UseAnimation
0x59895117,UseCellBombing
0x5588E3F8,UseEmitterOcc
0xF343034C,UseG1NColorIndex
0xAED24F7A,UseG1NFontIndex
0x0CF5179D,UseGlobalAlbedo
0xCD68AB3C,UseGlobalHalfReductionLength
0x2B32BCE1,UseGlobalLinearRoughness
0x5BCF1BC2,UseGlobalReflectance
0x633E0BF4,UseGlobalWaveLengthRange
0x6A4EC3C1,UseGlobalWindIntensity
0xA520F033,UseLightMap
0x7409C077,UserInterfaceManagerObjectNameHash
0x4BEB81A4,UseRTPC
0x4F01861A,UseSmoothOcc
0xA89753EA,UseSmoothOcc0
0x8A751D89,UseSmoothOcc1
0x6C52E728,UseSmoothOcc2
0x4E30B0C7,UseSmoothOcc3
0xC3FEF9ED,UseStaticGBufferResources
0xD9528D74,UseTexture
0x15096564,UseUnifiedGBuffer
0xD9768D64,Util2MapObjectNameHash
0xDB2B6603,Util3MapObjectNameHash
0xDCE03EA2,Util4MapObjectNameHash
0x3BC0516E,UtilMapObjectNameHash
0x253BBA26,UVCoordinates
0xC9FC3AAA,UVRotation_BlendTexture1FCurveAnimationDataObjectNameHash
0x4E2C87AB,UVRotation_BlendTexture2FCurveAnimationDataObjectNameHash
0x8050DC25,UVRotation_MainTextureFCurveAnimationDataObjectNameHash
0x6BD570F0,UVRotation_OfBlendTexture1
0xA52681B1,UVRotation_OfBlendTexture2
0x227962EB,UVRotation_OfMainTexture
0xC5BDBE8B,UVScaleXY_BlendTexture1FCurveAnimationDataObjectNameHash
0xC1BF4D6A,UVScaleXY_BlendTexture2FCurveAnimationDataObjectNameHash
0xD3E181B0,UVScaleXY_MainTextureFCurveAnimationDataObjectNameHash
0x7861A785,UVScaleXY_OfBlendTexture1
0x7A3AFAA4,UVScaleXY_OfBlendTexture2
0x8ECA0A2A,UVScaleXY_OfMainTexture
0xDEAE7E2D,UVTransXY_BlendTexture1FCurveAnimationDataObjectNameHash
0xDAB00D0C,UVTransXY_BlendTexture2FCurveAnimationDataObjectNameHash
0xECD24152,UVTransXY_MainTextureFCurveAnimationDataObjectNameHash
0x91526727,UVTransXY_OfBlendTexture1
0x932BBA46,UVTransXY_OfBlendTexture2
0xA7BAC9CC,UVTransXY_OfMainTexture
0x22AB0EFD,ValuesByConstant
0xBB99DE1F,ValuesByConstantOnHorizontalMirror
0xC88EE74A,ValuesByCurve
0xA31D3B68,ValuesByCurveOnHorizontalMirror
0x0FEB7E97,VariableId
0x23340C5C,VariableNameHashArray
0xF70790D2,VariationId
0x1A1B1F85,VariousTexturesObjectNameHash
0x0517B3DD,VCAfterReprojectionStencilHalfRenderTargetObjectNameHash
0x69AE9435,VCBayerMotionVectorBlendWeightRenderTargetObjectNameHash
0x919CA516,VCBayerMotionVectorMultiLayerRenderTargetObjectNameHash
0xFE6D800E,VCBayerMotionVectorRenderTargetObjectNameHash
0x74881DE7,VCBayerRenderTargetObjectNameHash
0xA0D0D540,VCBayerSplitARenderTargetObjectNameHash
0x4A1CF814,VCBayerSplitRGBRenderTargetObjectNameHash
0xCC89C1EE,VCReprojectionRenderTargetObjectNameHash
0xD39DC475,VCReprojectionSplitARenderTargetObjectNameHash
0x4B408B21,VCReprojectionSplitRGBRenderTargetObjectNameHash
0x107BC800,Vector4ParameterValueArray
0xAD4E62FA,Vector4ParameterValues
0xC636368C,VelocityHalflife
0x2B1AB26A,VelocityTextureObjectNameHash
0xD3291459,VelocityWS
0xF915A554,Vertex0
0x60F6D233,Vertex1
0xBBD6536B,VertexArray
0x0DCCE3AB,VertexColorLB
0xC9ED9068,VertexColorLBFCurveAnimationDataObjectNameHash
0xEF6510D9,VertexColorLT
0xAB85BD96,VertexColorLTFCurveAnimationDataObjectNameHash
0xA4DF0AB1,VertexColorRB
0x60FFB76E,VertexColorRBFCurveAnimationDataObjectNameHash
0x867737DF,VertexColorRT
0x4297E49C,VertexColorRTFCurveAnimationDataObjectNameHash
0x79A746DF,VertexControllerObjectNameHashArray
0x8040835F,VertexID
0x63533D86,VertexIDArray
0xEC04CD1E,VertexNum
0xD90AF21F,VerticalAngleDataType
0x94EC0490,VerticalAnglesNum
0xBCC4D914,VerticalDiffuse
0xB1E3803A,VFInjectionShadowMapDepthBufferObjectNameHash
0xA4F4074D,VFInjectionShadowMapObjectNameHash
0x6DEA46FA,VideoMemoryKeeperObjectNameHash
0xD35CF68E,VideoStreamsetResourceNameHash
0x61C46F78,VideoTextureObjectNameHash
0x4E443D22,ViewColor
0x170926ED,ViewCreateFlag
0xA3DAE7DA,ViewDistance
0xD32B53B1,viewFlag
0x9075EDA0,ViewID
0x06AB90D3,ViewIDOffset
0x72DB7EBD,ViewObjectNameHash
0x03464480,ViewParamObjectNameHash
0x4929D408,ViewRange
0x3D905A18,ViewSDFObjectNameHash
0x91AB044F,VirtualField
0x84E2B274,VirtualShadowMapPassShaderObjectHash
0x6A90046E,VirtualShadowMapShaderObjectNameHash
0xB2D8EEB8,VirtualShadowMapSystemObjectNameHash
0x02DAEF5E,VirtualShadowMapTextureObjectNameHash
0x3E48377E,VirtualShadowmapTextureObjectNameHash
0xC097D185,VirtualShadowMapTileLifeSpan
0x1416EE72,Visibility
0x9EB85899,VisibilityBitFlag
0x20ACDC59,VisibilityBitMask
0x68A2C2D5,VisibilityFCurveAnimationDataObjectNameHash
0x50D21E09,VisibilityInGame
0xC9821E7E,VisibilityMask
0xCB022397,VisibilitySetFlags
0xD3D01478,VisibilitySetObjectNameHash
0xFA301F6E,Visible
0x74C9D1B9,VisiblityFlag
0x03D885BB,VisualizeOBOROSDFThreshold
0x49039BC6,VisualMaxScale
0xE6AF2898,VisualTau
0x9F791D7A,Volume
0x19B1874A,Volume0
0x8192B429,Volume1
0xE973E108,Volume2
0x49A045A7,Volumes
0xD410F2AE,VolumetricCloudCSG1SFileResourceHash
0x32AE949E,VolumetricCloudG1SFileResourceHash
0xECA29824,VolumetricFogScatterShaderObjectHash
0xD5FAA29A,VolumetricFogType
0x456448E2,VoronoiTextureNameHash
0xFB043449,VoronoiTexturesObjectHash
0xE4C177A6,VoxelizeShaderOffset
0x94FCCCEC,VSetPartsNameHashArray
0xDD2E9FC8,WaitFinish
0xD81D68A9,WaitPrecedent
0x87A18179,WarmupFrameNum
0x67BD45B1,WaterfallAmplitude
0xFDB3DD8D,WaterfallBubbleOpacity
0x788F64E3,WaterfallFlowVelocity
0xCD65995E,WaterfallRangeOffset
0x49962ACC,WaterfallRangeSize
0x43C6C774,WaterfallTextureScaleU
0x8DF860B5,WaterfallTextureScaleV
0xBCFCBCF1,WaveBubbleParamArray
0xE8733CA2,WaveLengthRange
0x727EF6D0,WaveReflectionParamArray
0x3A65D113,WaveShoreBubbleAlphaThreshold
0x7CA5A75D,WaveShoreBubbleAnimationSpeed
0xA85666A9,WaveShoreBubbleBanishingScale
0x48488EBD,WaveShoreBubbleBubbleTextureScaleX
0x15FA0E3F,WaveShoreBubbleBubbleTextureScaleZ
0x3D3A8F43,WaveShoreBubbleColor
0x652EF1A2,WaveShoreBubbleColorA
0xB5D9CC93,WaveShoreBubbleDisplacementScale
0xF76586AA,WaveShoreBubbleGlossiness
0xDD07F1B8,WaveShoreBubbleGlossinessDumping
0x9F2AEF83,WaveShoreBubbleNormalScale
0xE46CC7E4,WaveShoreBubbleNormalThreshold
0x5E630DEC,WaveShoreBubbleReflectance
0x209123B0,WaveShoreBubbleRoughness
0x6C648245,WaveShoreBubbleWaterTransparencyDampScale
0x000010AC,Weathering_albedoFade
0x000011A4,Weathering_dirtAParamAlb
0x000011B8,Weathering_dirtAParamGlsA
0x000011D0,Weathering_dirtAParamNmlW
0x000011C4,Weathering_dirtAParamNmlX
0x000011C8,Weathering_dirtAParamNmlY
0x000011CC,Weathering_dirtAParamNmlZ
0x000011BC,Weathering_dirtAParamOccR
0x000011C0,Weathering_dirtAParamRflA
0x000011B4,Weathering_dirtAParamRflR
0x00001164,Weathering_dirtBParamAlb
0x00001178,Weathering_dirtBParamGlsA
0x00001190,Weathering_dirtBParamNmlW
0x00001184,Weathering_dirtBParamNmlX
0x00001188,Weathering_dirtBParamNmlY
0x0000118C,Weathering_dirtBParamNmlZ
0x0000117C,Weathering_dirtBParamOccR
0x00001180,Weathering_dirtBParamRflA
0x00001174,Weathering_dirtBParamRflR
0x00001150,Weathering_dirtGParamNmlW
0x000010D0,Weathering_dirtMaskFadeDebugA
0x000010CC,Weathering_dirtMaskFadeDebugB
0x000010C8,Weathering_dirtMaskFadeDebugG
0x000010C4,Weathering_dirtMaskFadeDebugR
0x000010E4,Weathering_dirtRParamAlb
0x000010F8,Weathering_dirtRParamGlsA
0x00001110,Weathering_dirtRParamNmlW
0x00001104,Weathering_dirtRParamNmlX
0x00001100,Weathering_dirtRParamRflA
0x000010F4,Weathering_dirtRParamRflR
0x000010E0,Weathering_dirtTextureRepeatA
0x000010DC,Weathering_dirtTextureRepeatB
0x000010D8,Weathering_dirtTextureRepeatG
0x000010D4,Weathering_dirtTextureRepeatR
0x000010B4,Weathering_glossinessFade
0x000010B0,Weathering_reflectanceFade
0x000011E8,Weathering_textureBlendFadeDebug
0x000011E4,Weathering_textureBlendIdDebug
0x000010B8,Weathering_wetDebug
0x000010BC,Weathering_wetDebugType
0x000010C0,Weathering_wetScaler
0xB9A2CE8B,WeatheringNodeID
0x6343E033,WeightCorrectPower
0x80D39F50,WeightCorrectStart
0xFB38F36B,WeightMaskForOptionalLutObjectHeaderNameHash
0x1D858DEE,WeightScale
0xE9B99AAD,WetDamper
0xFB685B1C,WetShift
0xD021CBF3,WettabilityBase
0x5106AA4F,WettabilityThreshold
0x5686CB93,WhiteColorInterpolationFCurveAnimationDataObjectNameHash
0x742D0FE2,WhiteColorInterpolationRGBA
0xB809B0DA,Width
0x000021F0,Width
0xCD63FDC9,WidthCount
0x79A19325,WidthDivNum
0x4F575AEE,WidthForIniPostEffect
0x340C2D0D,WindDeform
0x255DCAC1,WindElasticity
0x2A5A2DEC,WindFrequency
0xD52C84E1,WindIndividualRate
0xA5971A35,WindIntensity
0x4A195E24,WindOscDeform
0x0970BCE5,WindOscFrequency
0x2C8EFA6C,WindowContainerMode
0xF6E79F61,WorkDepthTextureObjectNameHash
0xCF4A6DA5,WorldPosFCurveAnimationDataObjectNameHash
0x27D889E5,WorldPosition
0x00003150,WorldPosition
0x1D402DDF,WorldPositionOnSampling
0xEFA9D8AE,WorldPQModelObjectNameHash
0xF52EA910,WorldQuaternion
0x00003168,WorldQuaternion
0xB65C0542,WorldQuaternion2
0x0705E343,WorldQuaternion3
0x57AFC144,WorldQuaternion4
0x2F3D368A,WorldQuaternionOnSampling
0x839DE670,WorldRotation
0x1078A722,WorldRotation2
0x6A541163,WorldRotation3
0xC42F7BA4,WorldRotation4
0x3FBE932D,WorldRotationFCurveAnimationDataObjectNameHash
0xFEA9E4F8,WorldScale
0x5335B95B,WorldScaleFCurveAnimationDataObjectNameHash
0x58C3533E,WorldScaleOnSampling
0x2856A1B3,WrapStaticScreenLayoutTexturesObjectHash
0x636CA9AE,WriteBackMask
0xD1AF5D42,WriteDepthBoundingVolume
0xBAAC2717,XCount
0x642A6605,XPoints
0xBAAC2736,YCount
0x1F8133EA,YrgbIntermediateLutObjectNameHash
0xB35CADB4,YrgbInterpolatedLutObjectNameHash
0xAB3F6C14,YrgbInterpolatedOptionalLut0ObjectNameHash
0xD48F5095,YrgbInterpolatedOptionalLut1ObjectNameHash
0xBAAC2755,ZCount
0xD69D6C64,ZeroLevel
0x642A6643,ZPoints
0x1E4B77DB,ZStorageType
0x0BAB5358,ARPSSSUniSppMethod
0x58E07062,AccumulatedSnowAlbedo
0x94E93AD3,AccumulatedSnowAlbedoOcclusionMap
0x9E7475F3,AccumulatedSnowAtDistance
0xC9383C15,AccumulatedSnowBlurInterpolateRate
0xF6A69F51,AccumulatedSnowBlurMode
0x9EACCE51,AccumulatedSnowBlurRangePixelNum
0x06271290,AccumulatedSnowBlurSampleWidth
0x7AEF8A41,AccumulatedSnowDeformDetailMap
0xB66D6697,AccumulatedSnowDeformDetailMapScale
0xA63182E7,AccumulatedSnowDeformEditTexture
0xEBC783B4,AccumulatedSnowDeformMinThickness
0x561D1904,AccumulatedSnowDepthBlurDecayCoeff
0x600D2605,AccumulatedSnowDepthBlurPixelNum
0x1063E8C6,AccumulatedSnowDetailMap
0xC53B3D9C,AccumulatedSnowDetailMapScale
0xAC9EA61E,AccumulatedSnowDiffTrans
0x69DA52DA,AccumulatedSnowDrawSnowCoverBelow
0xB656C86F,AccumulatedSnowEnableDisplacementMapping
0x18930890,AccumulatedSnowEnableGroundTessellation
0xD27013DD,AccumulatedSnowEnablePseudoTsb
0x82E3E1BD,AccumulatedSnowHeightMapSampleMode
0x86B612A6,AccumulatedSnowLinearRoughness
0x4B4E14D7,AccumulatedSnowMap
0xADF61632,AccumulatedSnowMapOffsetX
0xB1A8BC70,AccumulatedSnowMapOffsetZ
0x66BDBA85,AccumulatedSnowMapScaleX
0x6F1E5487,AccumulatedSnowMapScaleZ
0x3BDCB150,AccumulatedSnowMieScatteringEccentricity
0xCAB27A7A,AccumulatedSnowMieScatteringSaturation
0xC03306F0,AccumulatedSnowNormalMap
0x38ED580B,AccumulatedSnowNormalMapOffsetX
0x494DD7C9,AccumulatedSnowNormalMapOffsetZ
0xA50F321E,AccumulatedSnowNormalMapScaleX
0xCEE0C2A0,AccumulatedSnowNormalMapScaleZ
0x6C25FC88,AccumulatedSnowOcclusion
0x826CCFC8,AccumulatedSnowPseudoTsbAtDistance
0x4388FF98,AccumulatedSnowPseudoTsbTransparency
0xAF285CD2,AccumulatedSnowRainDropBoundaryFade
0x68E1198D,AccumulatedSnowRainDropBoundaryMethod
0x57122506,AccumulatedSnowRaisedEdgePixelNum
0x98016BD8,AccumulatedSnowRaisedEdgePixelStep
0xEA299730,AccumulatedSnowRaisedEdgeThicknessScale
0x6D8C96F3,AccumulatedSnowRaisedEdgeThicknessSinkImpact
0xDA6E04C7,AccumulatedSnowReflectance
0xEA01D718,AccumulatedSnowReflectanceLinearRoughnessMap
0x29BB280C,AccumulatedSnowScatteringAttenuationBeginThickness
0xE7AE7DA3,AccumulatedSnowScatteringAttenuationNormalPower
0x6C99235B,AccumulatedSnowScatteringAttenuationNormalRateOffset
0x7F19DB1A,AccumulatedSnowScatteringAttenuationNormalSaturation
0xEA72690C,AccumulatedSnowScatteringBlurSampleNum
0xF55E7FEF,AccumulatedSnowScatteringBlurStrength
0x81DF7456,AccumulatedSnowScatteringBlurWidth
0x2E61EDE2,AccumulatedSnowScatteringConstantThicknessWithoutTsb
0x99193207,AccumulatedSnowScatteringMaxThickness
0x76A73E7C,AccumulatedSnowScatteringPower
0x19869B01,AccumulatedSnowScatteringThicknessScale
0x42F376A8,AccumulatedSnowShadingMode
0x483820CE,AccumulatedSnowStartApplyMaskThreshold
0x4B029222,AccumulatedSnowStartCompleteThickness
0xE1EE8CC4,AccumulatedSnowStartDisplacementMappingFactorOffset
0xAAFDC041,AccumulatedSnowStartDisplacementMappingFactorScale
0xA472EA37,AccumulatedSnowStartFadeDisplacementMappingBeginThickness
0xDFA383A9,AccumulatedSnowStartFadeDisplacementMappingEndThickness
0xC08AA29A,AccumulatedSnowStartFadeMaskThreshold
0x3362109C,AccumulatedSnowStartFixThickness
0x3DF22FAD,AccumulatedSnowStartMaskMap
0x77D684B2,AccumulatedSnowStartMaskMapOffsetX
0x45880434,AccumulatedSnowStartMaskMapOffsetZ
0xEF370DBF,AccumulatedSnowStartMaskMapScaleX
0x697695FD,AccumulatedSnowStartMaskMapScaleZ
0xF420D116,AccumulatedSnowStartSpeed
0x9CA681B8,AccumulatedSnowThicknessMapOffsetX
0x6A58013A,AccumulatedSnowThicknessMapOffsetZ
0x14070AC5,AccumulatedSnowThicknessMapScaleX
0x8E469303,AccumulatedSnowThicknessMapScaleZ
0x695DF622,AccumulatedSnowThicknessOffset
0x7610EE85,AccumulatedSnowThicknessScale
0xCD8B987F,AdaptedRate
0x006572B3,AlbedoBlendNormalMethodAngle
0x7FFFFFFF,AlbedoRetouch
0x06C1D212,AlbedoRetouch2DarkRimAngle
0x023037B8,AlbedoRetouch2DarkRimCorrectionStartDistance
0x09041121,AlbedoRetouch2FirstToonRimFalloffScale
0x5C54F76A,AlbedoRetouch2FirstToonRimFalloffScaledOffset
0x8C0825F3,AlbedoRetouch2GlobalMaskTexture
0xFC010718,AlbedoRetouch2PB2HairHighlightRampThreshold
0x23AC4918,AlbedoRetouch2Rim2Color
0xAF771B0C,AlbedoRetouch2RimColor
0x6278E8A1,AlbedoRetouch2SecondToonRimFalloffScale
0x7944CB78,AlbedoRetouch2SecondToonRimFalloffScaledOffset
0x9BD8D816,AlbedoRetouch2SpecularAzimuth
0x13B18605,AlbedoRetouch2SpecularElevation
0x9B3BB76F,AlbedoRetouch2SpecularLightColor
0x97CE7848,AlbedoRetouch2SpecularLightDirRelativeMode
0x306A949D,AlbedoRetouch2SpecularPower
0x3D4D870E,AlbedoRetouch2ToonLightOption
0x78789D05,AlbedoRetouch2ToonLightQuaternion
0xFAFD2A0F,AlbedoRetouch2ToonRimAzimuth
0x516F8240,AlbedoRetouch2ToonRimElevation
0x2C847B96,AlbedoRetouch2ToonRimLightColor
0xF299BB9D,AlbedoRetouch2ToonRimLightDirRelativeMode
0xB53291BB,AlbedoRetouch_EnvMap
0xAE1E2F02,AlbedoRetouch_falloffScale
0x9F277ACB,AlbedoRetouch_falloffScaledOffset
0x2AD2EAB3,AlbedoRetouch_reflectionFade
0x95F67262,AlbedoRetouch_rimAzimuth
0xD0768B13,AlbedoRetouch_rimElevation
0x46799F69,AlbedoRetouch_rimLightColor
0x08C5FAF0,AlbedoRetouch_rimLightDirRelativeMode
0xACCD4B44,AlbedoRetouch_shadowColorLimit
0x99A64163,AlbedoRetouch_specularAzimuth
0x117EEF52,AlbedoRetouch_specularElevation
0x990920BC,AlbedoRetouch_specularLightColor
0x959BE195,AlbedoRetouch_specularLightDirRelativeMode
0x2E37FDEA,AlbedoRetouch_specularPower
0xB33722BA,AlbedoRetouch_toonAzimuth
0xC8BA2029,AlbedoRetouch_toonElevation
0x9A58ABEC,AlbedoRetouch_toonLightDirRelativeMode
0x0E264D18,Ale_albScale
0x210824EE,Ale_emiScale
0x0C1E8B82,Altitude
0x82BD5C3E,AmbientSpecularMapAngleLimitOnWaterSurface
0x567DDBE4,AnamorphicAttenuation
0xE97FF353,AnamorphicBloomWeight
0x05BD6766,AnamorphicStarLength
0x9BBDFAF8,AnamorphicStarWeight
0xCF80E1E7,Animation
0xBAE710B0,Aperture
0x5B88333A,Area
0x66ECB240,Area
0x3CBF21A2,Area
0x00554400,AreaBorderLine
0x2EB79141,Array
0xA70685F8,Aspect
0x3F800000,AtDistance
0x670747EF,AutoExposureScaleFactor2
0xEB3794F0,AutoExposureScaleFactor3
0xD9862EAB,AutoExposureScaleOffset2
0x5DB67BAC,AutoExposureScaleOffset3
0x81744A57,AutoExposureScaleOption
0x8D9DC825,AutomatonRigScriptCodeObjectHash
0xB8D8A994,BVHFile
0x5FC125C0,BakedShadowEnableCascadeNum
0x8CB677F2,BakedShadowMode
0x72D6BC97,BakedShadowSparseShadowTree
0xBCAACB02,BeginEmpty
0xE41BACC9,BiasForShadowBiasAccessory
0x7F594C4C,BiasForShadowCascade1BiasAccessory
0x05DF06EB,BiasForShadowCascade2BiasAccessory
0x8C64C18A,BiasForShadowCascade3BiasAccessory
0x67E24188,BiasForSubShadowBiasAccessory1
0x7CCB09C9,BiasForSubShadowBiasAccessory2
0x91B3D20A,BiasForSubShadowBiasAccessory3
0xA69C9A4B,BiasForSubShadowBiasAccessory4
0xD7F47FB1,BinaryFile
0x78E5679D,Blend
0xB9EEA163,BlendMap
0x159397A4,BlendMapNoiseTexture
0x6426C3FE,BlendMapPlacement
0xC96AEEA5,BloomWeight
0x3AC444DA,CameraRigChangedCount
0x60E8DA52,CameraRigEnable
0x8EACAEFC,Capsule
0x64047F3A,CausticsCastAngleAjust
0xB8EA717C,CausticsCharacterFade
0x89741487,CausticsClearly
0xDB9A4149,CausticsEndDepth
0x9790B39D,CausticsFade
0xF66D1EA2,CausticsFadingLengthHigh
0xDA27462C,CausticsFadingLengthLow
0x8834FB05,CausticsMap
0xED0E63E2,CausticsMaxPower
0x6DE3F43C,CausticsPower
0x6B9F2142,CausticsRangeHigh
0x4BD200F8,CausticsRangeLow
0x8BAF5C87,CausticsRaycastCount
0x98DE41BD,CausticsTextureSizeX
0xB2102CBF,CausticsTextureSizeZ
0x0836BED6,CausticsThreshold
0x616C9D19,CausticsVirtualDepth
0x8509C9D3,CelestialOption
0x7B4B0CC4,Chain
0xD56988BE,Chain
0x0115D17F,Chain
0x94D04521,Chain
0x30736F3B,Chain
0x1236947A,Chain
0x8F601AB1,Chain
0x82CB14E6,Chain
0x603A7CD0,Chain
0x5F98C084,Chain
0x2C012245,Chain
0x5E6109DF,Chain
0x58562535,ClothCollision
0xC8415043,Cloud2ndWindX
0x8BFCE381,Cloud2ndWindZ
0x14E1056A,CloudAttenuationDistance
0xB664AAEB,CloudAttenuationScale
0x556610FA,CloudCircleAttenuationDistance
0x64FB1F1E,CloudCircleBacklitShadingRange
0x74F0C3F3,CloudCircleBottomColor
0x76261470,CloudCircleBottomShadingAttenuation
0x0B299EB9,CloudCircleBottomShadingSharpness
0x247D6F26,CloudCircleBottomShadingThickness
0xB4BAE25F,CloudCircleCenterY
0x7B4230DE,CloudCircleColor
0xECB9E9BF,CloudCircleFadeInEndV
0x71AB41C6,CloudCircleFadeInStartV
0xA0023168,CloudCircleFadeOutEndV
0xB93BDA41,CloudCircleFadeOutStartV
0x227E0D74,CloudCircleHeight
0x93BFC7C2,CloudCircleHeightNoiseSeedFreqScaleU
0xA7679B43,CloudCircleHeightNoiseSeedFreqScaleV
0x051FB7CF,CloudCircleHeightNoiseSeedOctave
0xEF7FA2E0,CloudCircleHeightNoiseSeedPersistence
0xF0424915,CloudCircleHeightNoiseSeedScale
0x8631FB57,CloudCircleLightGroupID
0xD2864F57,CloudCircleMaxDensity
0x6484E6A1,CloudCircleMaxRayTraceDeltaUV
0x7F364219,CloudCircleNoiseMap
0xC8A4EAB0,CloudCircleNormalMap
0x420E3469,CloudCircleRadius
0x306BF206,CloudCircleRayTraceNum
0xFC81E0B7,CloudCircleScatteringAttenuationScale
0xA6EB96C7,CloudCircleShadingContrast
0x2A705A51,CloudCircleShadingSmoothing
0x2E249479,CloudCircleTextureFreqU
0x2A262358,CloudCircleTextureFreqV
0x7A7A480E,CloudCircleTextureScrollU
0x7C539B2D,CloudCircleTextureScrollV
0xA128B4EF,CloudCircleThickness
0x3166B163,CloudCircleTransparency
0x5ABBE04E,CloudColor
0xF22A7D9C,CloudDecalMap
0x11AB34C0,CloudDecalMapFrequencyX
0x09AE527E,CloudDecalMapFrequencyZ
0x76E7B693,CloudDensity
0x2291AF97,CloudDensityMap
0x64C12DBB,CloudDensityMapFrequencyX
0x6873D3F9,CloudDensityMapFrequencyZ
0xB0CC31D5,CloudDensityNoiseMap
0xB409EA31,CloudDensityNoiseMapFrequencyX
0xDDDB7AB3,CloudDensityNoiseMapFrequencyZ
0x0C2B7D58,CloudHeightMultiChannelNoiseSeedFreqScaleU0
0xCF17E6B7,CloudHeightMultiChannelNoiseSeedFreqScaleU1
0x92045016,CloudHeightMultiChannelNoiseSeedFreqScaleU2
0x54F0B975,CloudHeightMultiChannelNoiseSeedFreqScaleU3
0xF16CEC19,CloudHeightMultiChannelNoiseSeedFreqScaleV0
0xB4595578,CloudHeightMultiChannelNoiseSeedFreqScaleV1
0x7745BED7,CloudHeightMultiChannelNoiseSeedFreqScaleV2
0x3A322836,CloudHeightMultiChannelNoiseSeedFreqScaleV3
0x0AD1D7A5,CloudHeightMultiChannelNoiseSeedOctave0
0x61EFC884,CloudHeightMultiChannelNoiseSeedOctave1
0xB90DB963,CloudHeightMultiChannelNoiseSeedOctave2
0x102BAA42,CloudHeightMultiChannelNoiseSeedOctave3
0xF626C056,CloudHeightMultiChannelNoiseSeedPersistence0
0x90C782D7,CloudHeightMultiChannelNoiseSeedPersistence1
0x2B684558,CloudHeightMultiChannelNoiseSeedPersistence2
0xC60907D9,CloudHeightMultiChannelNoiseSeedPersistence3
0xCD890ECB,CloudHeightMultiChannelNoiseSeedScale0
0x968A060C,CloudHeightMultiChannelNoiseSeedScale1
0x5F8AFD4D,CloudHeightMultiChannelNoiseSeedScale2
0x288BF48E,CloudHeightMultiChannelNoiseSeedScale3
0xC45B16A7,CloudHeightNoiseChangeSpeed
0xA2C479E2,CloudHeightNoiseMap
0xAA532DB4,CloudHeightNoiseScale
0xAB5D7232,CloudHeightNoiseSeedFreqScaleU
0xC0463A73,CloudHeightNoiseSeedFreqScaleV
0x5F41AFFF,CloudHeightNoiseSeedOctave
0x5E6F7BD0,CloudHeightNoiseSeedPersistence
0xB6E42DC5,CloudHeightNoiseSeedScale
0x3232529E,CloudHeightScale0
0xF6C434BD,CloudHeightScale1
0xBB5616DC,CloudHeightScale2
0x7FE7F8FB,CloudHeightScale3
0xD235EA45,CloudHeightSharpness
0xE6B8CDD2,CloudHeightTargetSize
0x9E0F3987,CloudLightGroupID
0xC29EE451,CloudMaxRayTraceDeltaUV
0x9C3F140A,CloudMultiChannelHeightSharpness1
0xD95ED829,CloudMultiChannelHeightSharpness2
0x167E9C48,CloudMultiChannelHeightSharpness3
0x2CC42B73,CloudMultiChannelWindScale0
0x1D9532D2,CloudMultiChannelWindScale1
0x0E663A31,CloudMultiChannelWindScale2
0xFF374190,CloudMultiChannelWindScale3
0x5CC6B31B,CloudNoiseScale
0x5E965C11,CloudOffsetY
0x400C71A8,CloudParticleColor
0x013891CE,CloudParticleEmissive
0xA956ACBF,CloudParticleExistRange
0x447C577F,CloudParticleExtinctRange
0xBE42815F,CloudParticleFadeoutScaler
0x4E3381E1,CloudParticleLightGroupID
0xE6B423C3,CloudParticleMaxNum
0xBFA7FEFA,CloudParticleNormalMap
0xE56E804B,CloudParticleNum
0x3164B2D5,CloudParticleRenderType
0x1443880F,CloudParticleScale
0x86623579,CloudParticleThickness
0x6FF32C1D,CloudParticleViewRange
0x4786A295,CloudParticleWindX
0xE2DB6617,CloudParticleWindZ
0xD267965B,CloudRayTraceLayerNum
0x9DF79F76,CloudRayTraceNum
0x3FAA9E7B,CloudRenderType
0x720EA6E7,CloudScatteringAttenuationScale
0x153225AF,CloudShadingType
0x46D194A5,CloudShadowCasterType
0xE5AACEE0,CloudTextureType
0x0097051F,CloudThickness
0x8ACADFC3,CloudViewRange
0x97984E3B,CloudWindX
0xC161B3BD,CloudWindZ
0x0AB376BC,ClusterFarLimitZ
0xE836FC0A,ClusterNearestZ
0x33F8CDE9,Collision
0x1A29A667,CollisionVisualizer
0x1658638B,ColorGradingBaseTvNit
0x2F101A92,ColorGradingHdrTvNit
0xBA41042E,ColorGradingNeutralBlackIn
0x7547C33B,ColorGradingNeutralBlackOut
0xF831A043,ColorGradingNeutralWhiteClip
0x9D3BB618,ColorGradingNeutralWhiteIn
0x34A50C6F,ColorGradingNeutralWhiteLevel
0x58427525,ColorGradingNeutralWhiteOut
0x0B3B7FAD,ColorGradingTonemapType
0x16B54787,ColorScale
0x00001964,ColorTemperature
0x00008000,CommonViewSetting
0x00004740,CommonViewSetting
0x000425F0,CommonViewSetting
0xEF3D849D,CommonViewSetting
0x40000000,CopyDepthRT
0x95C65DA1,CrestEdgeCoefficient
0x379F1A97,CrestEdgeThreshold
0xCA59E986,CubicArrayExponentialShadowMap
0x1A0BEA53,CubicArrayShadowMap
0x8DBADC47,CylinderPrimitive
0x00007C00,DOF2ShapeInfo
0x4CFD293A,DOFDistantBlurIntensity
0x09D8471E,DOFDistantBlurZThreshold
0xFFA618FE,DOFHexInclination
0xEA3ADA96,DOFHexScale
0xF3CBBCAB,DOFType
0x800DB8FF,DarkAdaptedScale
0x0B97F17E,DarkMapEmissiveTexture
0x016ABD7B,DateTime
0x00009139,Debug
0x40000000,DebugFSR3CopyUpscaledDepth
0x04C49E64,Decal
0x443E4656,DecalAlbedoMap
0x5980729E,DecalBlendNum
0x8FECBBD4,DecalDisableGBuffer
0xA8E20E38,DecalEmissiveMap
0xDEFA3BA6,DecalEmissiveScale
0x268C5D16,DecalFastSamplingType
0x51BB3539,DecalGlossinessMap
0x3C623FE8,DecalNormalMap
0x3CEF2583,DecalReflectanceMap
0x40B6CF64,DecalRoad
0x7C57AA06,DecalRoad
0xCD266273,DepthStencil
0x3EDE08EF,DestructionModel
0x4C403289,DirtArrayTexture
0xCB173E65,Distance
0x148974FD,DistanceAttenuation2
0x21226A7E,DistanceAttenuation3
0x83C22BFA,DistanceFogColor
0xF62B0D32,DistanceFogEnd
0x4AAD93D4,DistanceFogMode
0xAD24669C,DistanceFogPower
0x3EE348F9,DistanceFogStart
0x00554400,DrawScreenMap
0xAD718107,EdgeDistanceThreshold
0xA1C1508A,EdgeStrengthDP
0x66D8F1FD,EdgeStrengthNM
0xBDFBE709,EdgeThickness
0x7059F916,Edit
0x974FDBAB,EditTerrainSplineTool
0xE563D34D,EditTerrainSplineToolNode
0x40000000,EffReduction
0xEC5647E9,Effect
0x6AC5C206,EffectColorScaler
0x5666EA5B,EffectCustomRefractionMap
0xFE4B77C7,EffectDecalAlbedoMap
0xC7FE4E29,EffectDecalEmissiveMap
0xF204706A,EffectDecalGlossinessMap
0x2B1E7BD9,EffectDecalNormalMap
0x8D118134,EffectDecalReflectanceMap
0xD59E90DB,EffectDepthOffset
0x4B46A4D3,EffectLowResoCustomFlags1
0x4D1FF7F2,EffectLowResoCustomFlags2
0x4EF94B11,EffectLowResoCustomFlags3
0x958D4E9B,EffectLowResoCustomFlagsIsEnableDependsAppSetting
0xDB26FE5C,EffectLowResoRenderLevel
0x79B00847,EffectLowResoScale1
0x6151DEA6,EffectLowResoScale2
0x48F3B505,EffectLowResoScale3
0x00441100,EffectMergeShrinkBuffer
0x8ABF2620,EffectMixResoThreshold1
0x86C0B4FF,EffectMixResoThreshold2
0x82C243DE,EffectMixResoThreshold3
0x5D3A4AC0,EffectMotionVectorScale
0x60B9D2C1,EffectRenderLevelTable0
0x5CBB61A0,EffectRenderLevelTable1
0x58BCF07F,EffectRenderLevelTable2
0x54BE7F5E,EffectRenderLevelTable3
0x4AB1DD68,EffectRenderLevelTableIsEnableDependsAppSetting
0x44541DDD,EffectToneMapHDR
0x988A1907,EffectToneMapRate
0x088DBFA1,EffectWindScaler
0x58F9A6DB,Effect_PB2_Ale_albScale
0xFFDBAD45,Effect_PB2_Ale_emiScale
0x4CA4C271,Empty
0xF1FBFFBA,Empty
0xFCFE3E10,EndEmpty
0x3E554A05,EnvmapScale
0x8F655A89,EventCustomFlag
0xB90D1027,Exposure
0x13AC572E,ExposureRangeMax
0xF9989A1C,ExposureRangeMin
0x40000000,ExtendStencil%s
0x6EA6BF70,EyeTwinkle2_calcMode
0xD120BDC8,EyeTwinkle2_globalElevationScale
0x3950CBE6,EyeTwinkle2_globalExponentFade
0x11EE9EA0,EyeTwinkle2_globalExponentScale
0x93711F17,EyeTwinkle2_globalFade
0x50424BD1,EyeTwinkle2_globalScale
0x05288AA2,EyeTwinkleCubeArrayTexture
0x84E351E4,EyeTwinkle_globalExponentScale
0xE1BCBA93,EyeTwinkle_globalScale
0x7D117C8D,EyeTwinkle_globalShadowFade
0xFE6E4545,Eyet_eyetLSEAlphaFade
0x7CA93A36,Eyet_eyetLSERGBFade
0xEF3D849D,FSR3
0x350DC6CE,FXAAEdgeSharpness
0x307216E4,FXAAEdgeThreshold
0x77CBE856,FXAAEdgeThresholdMin
0x20196D95,FXAAEnable
0xE9D823E9,FXAAPixelRange
0x54A05D41,FXAAQualityEdgeThreshold
0xDF0F678F,FXAAQualityEdgeThresholdMin
0x4DCC7F17,FXAAQualityLevel
0x07D11283,FXAAQualityPerformance
0xBEB97EB5,FXAAQualitySubpixSharpness
0x855F598C,FXAAType
0xCE4CBC9B,FadeInOutWeight
0xBA7543EA,FieldOfView
0xB1CBCF80,FilmicTonemaLinearWhite
0xF21A095C,FilmicTonemapWeight
0x27549519,FluFile
0x248AB281,Fluid
0x04C1A415,FocalLength
0x63026395,Folder
0x2EEA1225,ForBake
0x1CC1E54A,FracturePattern
0x821EE447,Frame
0xD89E8DAA,FrameCaptureTarget
0x54738C76,G1COFile
0xA8D88566,G1COXFile
0xDB0AE0AA,G1IIFile
0xAFBEC60C,G1IIFile
0x17614AF5,G1MXFile
0x786DCD84,G1NFile
0x79C724C2,G1PFile
0x7BCD279F,G1SFile
0xA1BDB205,G2NFile
0x96C74B4F,G2NGlyphSetFile
0xABB91759,Gamma
0xEA48345A,Ghost
0x97AD7F04,GlobalSDFExtent
0x045EC93B,GlobalSDFOffset
0x916EAAA2,Grass
0xB78575A6,GrassLightGroupID
0xC32486AB,GrassModel
0xDA23710B,GrassPigmentBlendType
0x472F573F,GrassPigmentDiffuseColorScaler
0x6473EABA,GrassPigmentMap
0x56E8DF7E,GrassPigmentScaler
0xACF1B206,GrassVertexDisplacementBendChangeRate
0x6ECC4CB1,GrassVertexDisplacementBendLimit
0xCD219496,GrassVertexDisplacementBendRate
0x74886A4C,GrassVertexDisplacementBufferRange
0x368F5861,GrassVertexDisplacementDirChangeThreshold
0x23320F35,GrassVertexDisplacementFadeStart
0xA0540758,GrassVertexDisplacementRecoveryChagneRate
0xF12826EF,GrassWindPowerScaler
0xCADABDF6,Group
0xA2C1E33C,GustDelayTimeRange
0x8510B38F,GustIntervalPower
0x95CD7C37,GustIntervalRandomRate
0x98BA0001,GustIntervalTime
0xDB67A6E4,GustIntervalTimeRandom
0xF5997D31,GustNoiseFrequency
0xDE09ADB5,GustNoiseRate
0x105016AA,GustPower
0x66B95B5B,GustPowerMaxTime
0x640F1927,GustPowerRandom
0x8781E6DD,GustPowerToIntervalTime
0xA28C4EA0,GustPowerToMaxTime
0x349E2198,GustRandomDirIntensity
0x149DBBA2,GustRandomDirRange
0xB5CA685E,GustTargetQuaternion
0x5A4FB3E6,GustUseAdvanced
0x847BF693,HLPixelShader
0xD4E265BF,HLVertexShader
0x91D918DC,HatchingShadow_IndexedRampScale
0x4317ED8E,HatchingShadow_OccFade
0xFFE91A48,HatchingShadow_OccScale
0xEFDF70B5,HatchingShadow_RampFade
0xCD33DB3B,HatchingShadow_RampScale
0xDB5D92E7,HatchingShadow_UVRepeat
0xB9D15939,HatchingShadow_UVRot
0xD2BA5E74,HatchingShadow_UVUpdateInterval
0xA6C9CB25,HatchingShadow_UVVelocity
0xAFA78DC7,Height
0xFA95C232,HeightAmbient_GroundColor
0xB0CC8850,HeightAmbient_SkyColor
0x4A36F705,HeightFogAccessorySkyOption
0xAA3EE8E3,HeightFogFadeInEnd
0x56F94E85,HeightFogFadeInMode
0x2155E92A,HeightFogFadeInStart
0x6E7C90E9,HeightFogLayer0ApplyTarget
0x1705652D,HeightFogLayer0Color
0x4F68ABFF,HeightFogLayer0ColorTable
0x55CA7471,HeightFogLayer0ColorTableIndex
0x7B2AEA65,HeightFogLayer0End
0xFDAD2B5E,HeightFogLayer0Fluc0EffectHeight
0x24B0FEA6,HeightFogLayer0Fluc0xScaler
0xCEBD7551,HeightFogLayer0Fluc0xVelocity
0x31BC73E4,HeightFogLayer0Fluc0zScaler
0xDBC8EA8F,HeightFogLayer0Fluc0zVelocity
0x0A4620DF,HeightFogLayer0Fluc1EffectHeight
0x3149F427,HeightFogLayer0Fluc1xScaler
0xDB566AD2,HeightFogLayer0Fluc1xVelocity
0x3E556965,HeightFogLayer0Fluc1zScaler
0xE861E010,HeightFogLayer0Fluc1zVelocity
0x16DF1660,HeightFogLayer0Fluc2EffectHeight
0x3DE2E9A8,HeightFogLayer0Fluc2xScaler
0xE7EF6053,HeightFogLayer0Fluc2xVelocity
0x4AEE5EE6,HeightFogLayer0Fluc2zScaler
0xF4FAD591,HeightFogLayer0Fluc2zVelocity
0x23780BE1,HeightFogLayer0Fluc3EffectHeight
0x4A7BDF29,HeightFogLayer0Fluc3xScaler
0xF48855D4,HeightFogLayer0Fluc3xVelocity
0x57875467,HeightFogLayer0Fluc3zScaler
0x0193CB12,HeightFogLayer0Fluc3zVelocity
0xF12DD891,HeightFogLayer0FlucVelocityScaler
0x27E55007,HeightFogLayer0Mode
0xF241EAAC,HeightFogLayer0Start
0x500E6EC8,HeightFogLayer1ApplyTarget
0xF897430C,HeightFogLayer1Color
0x30FA89DE,HeightFogLayer1ColorTable
0x375C5250,HeightFogLayer1ColorTableIndex
0x5CBCC844,HeightFogLayer1End
0x64D3B703,HeightFogLayer1FadeInEnd
0x6D1FDB25,HeightFogLayer1FadeInMode
0x9A85260A,HeightFogLayer1FadeInStart
0xDF3F093D,HeightFogLayer1Fluc0EffectHeight
0x0642DC85,HeightFogLayer1Fluc0xScaler
0xB04F5330,HeightFogLayer1Fluc0xVelocity
0x134E51C3,HeightFogLayer1Fluc0zScaler
0xBD5AC86E,HeightFogLayer1Fluc0zVelocity
0xEBD7FEBE,HeightFogLayer1Fluc1EffectHeight
0x12DBD206,HeightFogLayer1Fluc1xScaler
0xBCE848B1,HeightFogLayer1Fluc1xVelocity
0x1FE74744,HeightFogLayer1Fluc1zScaler
0xC9F3BDEF,HeightFogLayer1Fluc1zVelocity
0xF870F43F,HeightFogLayer1Fluc2EffectHeight
0x1F74C787,HeightFogLayer1Fluc2xScaler
0xC9813E32,HeightFogLayer1Fluc2xVelocity
0x2C803CC5,HeightFogLayer1Fluc2zScaler
0xD68CB370,HeightFogLayer1Fluc2zVelocity
0x0509E9C0,HeightFogLayer1Fluc3EffectHeight
0x2C0DBD08,HeightFogLayer1Fluc3xScaler
0xD61A33B3,HeightFogLayer1Fluc3xVelocity
0x39193246,HeightFogLayer1Fluc3zScaler
0xE325A8F1,HeightFogLayer1Fluc3zVelocity
0xD2BFB670,HeightFogLayer1FlucVelocityScaler
0x09772DE6,HeightFogLayer1Mode
0xD3D3C88B,HeightFogLayer1Start
0x31A04CA7,HeightFogLayer2ApplyTarget
0xDA2920EB,HeightFogLayer2Color
0x128C67BD,HeightFogLayer2ColorTable
0x18EE302F,HeightFogLayer2ColorTableIndex
0x3E4EA623,HeightFogLayer2End
0x466594E2,HeightFogLayer2FadeInEnd
0x4EB1B904,HeightFogLayer2FadeInMode
0x7C1703E9,HeightFogLayer2FadeInStart
0xC0D0E71C,HeightFogLayer2Fluc0EffectHeight
0xE7D4BA64,HeightFogLayer2Fluc0xScaler
0x91E1310F,HeightFogLayer2Fluc0xVelocity
0xF4E02FA2,HeightFogLayer2Fluc0zScaler
0x9EECA64D,HeightFogLayer2Fluc0zVelocity
0xCD69DC9D,HeightFogLayer2Fluc1EffectHeight
0xF46DAFE5,HeightFogLayer2Fluc1xScaler
0x9E7A2690,HeightFogLayer2Fluc1xVelocity
0x01792523,HeightFogLayer2Fluc1zScaler
0xAB859BCE,HeightFogLayer2Fluc1zVelocity
0xDA02D21E,HeightFogLayer2Fluc2EffectHeight
0x0106A566,HeightFogLayer2Fluc2xScaler
0xAB131C11,HeightFogLayer2Fluc2xVelocity
0x0E121AA4,HeightFogLayer2Fluc2zScaler
0xB81E914F,HeightFogLayer2Fluc2zVelocity
0xE69BC79F,HeightFogLayer2Fluc3EffectHeight
0x0D9F9AE7,HeightFogLayer2Fluc3xScaler
0xB7AC1192,HeightFogLayer2Fluc3xVelocity
0x1AAB1025,HeightFogLayer2Fluc3zScaler
0xC4B786D0,HeightFogLayer2Fluc3zVelocity
0xB451944F,HeightFogLayer2FlucVelocityScaler
0xEB090BC5,HeightFogLayer2Mode
0xB565A66A,HeightFogLayer2Start
0xB3B03D99,HeightFogMaskMap
0x644867E2,HeightFogMaskOffsetX
0x7D7A52E4,HeightFogMaskOffsetZ
0x896A1BAF,HeightFogMaskScaleX
0x58ADC86D,HeightFogMaskScaleZ
0xFA43900C,HeightFogMaskTarget
0x94E50774,HeightFogOption
0xC1EC91E6,HeightFogSkyLayer0Color
0xAADB01D4,HeightFogSkyLayer0ColorTable
0x57F80C22,HeightFogSkyLayer0ColorTableIndex
0xEC3661AE,HeightFogSkyLayer0End
0x7B6F80CC,HeightFogSkyLayer0Mode
0x89DFA807,HeightFogSkyLayer0Start
0x8F96F3A7,HeightFogSkyLayer1Color
0x78856395,HeightFogSkyLayer1ColorTable
0x25A26DE3,HeightFogSkyLayer1ColorTableIndex
0xB9E0C36F,HeightFogSkyLayer1End
0x4919E28D,HeightFogSkyLayer1Mode
0x578A09C8,HeightFogSkyLayer1Start
0x5D415568,HeightFogSkyLayer2Color
0x462FC556,HeightFogSkyLayer2ColorTable
0xF34CCFA4,HeightFogSkyLayer2ColorTableIndex
0x878B2530,HeightFogSkyLayer2End
0x16C4444E,HeightFogSkyLayer2Mode
0x25346B89,HeightFogSkyLayer2Start
0xCD71F63F,HeightFogSkyOption
0xA5F933FA,HemisphereLightScale
0x7E904003,IDLFadeForTranslucent
0x663875EC,IDLScalerOfAmbientDiffuseMapColorRGB
0xFA46A692,IDLScalerOfAmbientDiffuseMapForTranslucent
0x63A238B4,IDLScalerOfRefprobeNormalWeight
0xB5B7B522,IDLScalerOfRefprobeOcc
0x0D4249B6,IESLightAttenuationSlopeScale
0x9148D7AD,IESLightProfilesMap
0x4ACCDB45,IRim_edgeThickness
0xB03D8ABC,IRim_edgeThreshold
0xA9702012,IRim_rflScalerLocalAndAmbient0
0xBE58E853,IRim_rflScalerLocalAndAmbient1
0x4764E223,IRim_rflScalerLocalAndAmbient10
0xCF952202,IRim_rflScalerLocalAndAmbient11
0x57C561E1,IRim_rflScalerLocalAndAmbient12
0xDFF5A1C0,IRim_rflScalerLocalAndAmbient13
0x6825E19F,IRim_rflScalerLocalAndAmbient14
0xF056217E,IRim_rflScalerLocalAndAmbient15
0xD341B094,IRim_rflScalerLocalAndAmbient2
0xE82A78D5,IRim_rflScalerLocalAndAmbient3
0xFD134116,IRim_rflScalerLocalAndAmbient4
0x11FC0957,IRim_rflScalerLocalAndAmbient5
0x26E4D198,IRim_rflScalerLocalAndAmbient6
0x3BCD99D9,IRim_rflScalerLocalAndAmbient7
0x50B6621A,IRim_rflScalerLocalAndAmbient8
0x659F2A5B,IRim_rflScalerLocalAndAmbient9
0xF5D5FE80,IRim_rflScalerMainAndSub0
0xF7AF519F,IRim_rflScalerMainAndSub1
0xB6E275CF,IRim_rflScalerMainAndSub10
0xF0338690,IRim_rflScalerMainAndSub11
0x29849751,IRim_rflScalerMainAndSub12
0x62D5A812,IRim_rflScalerMainAndSub13
0x9C26B8D3,IRim_rflScalerMainAndSub14
0xD577C994,IRim_rflScalerMainAndSub15
0xF988A4BE,IRim_rflScalerMainAndSub2
0xFB61F7DD,IRim_rflScalerMainAndSub3
0xFD3B4AFC,IRim_rflScalerMainAndSub4
0xFF149E1B,IRim_rflScalerMainAndSub5
0x00EDF13A,IRim_rflScalerMainAndSub6
0x02C74459,IRim_rflScalerMainAndSub7
0x04A09778,IRim_rflScalerMainAndSub8
0x0679EA97,IRim_rflScalerMainAndSub9
0x9A960DB2,IRim_rmExtIndex0
0xEB3FEBB3,IRim_rmExtIndex1
0xC69A5183,IRim_rmExtIndex10
0x8B2C33A2,IRim_rmExtIndex11
0x4FBE15C1,IRim_rmExtIndex12
0x144FF7E0,IRim_rmExtIndex13
0xD8E1D9FF,IRim_rmExtIndex14
0x9D73BC1E,IRim_rmExtIndex15
0x3BE9C9B4,IRim_rmExtIndex2
0x8C93A7B5,IRim_rmExtIndex3
0xDD3D85B6,IRim_rmExtIndex4
0x2DE763B7,IRim_rmExtIndex5
0x7E9141B8,IRim_rmExtIndex6
0xCF3B1FB9,IRim_rmExtIndex7
0x1FE4FDBA,IRim_rmExtIndex8
0x708EDBBB,IRim_rmExtIndex9
0xE11E9440,IRim_rmMode0
0xCFA19AC1,IRim_rmMode1
0x29376891,IRim_rmMode10
0x0B153230,IRim_rmMode11
0xECF2FBCF,IRim_rmMode12
0xCED0C56E,IRim_rmMode13
0xB0AE8F0D,IRim_rmMode14
0x928C58AC,IRim_rmMode15
0xBE24A142,IRim_rmMode2
0xACA7A7C3,IRim_rmMode3
0x9B2AAE44,IRim_rmMode4
0x89ADB4C5,IRim_rmMode5
0x7830BB46,IRim_rmMode6
0x66B3C1C7,IRim_rmMode7
0x5536C848,IRim_rmMode8
0x43B9CEC9,IRim_rmMode9
0x9573F2F5,IRim_rmOnlyInEdge0
0x631E54B6,IRim_rmOnlyInEdge1
0xD1768686,IRim_rmOnlyInEdge10
0xB9185CE5,IRim_rmOnlyInEdge11
0xA0BA3344,IRim_rmOnlyInEdge12
0x885C09A3,IRim_rmOnlyInEdge13
0x6FFDE002,IRim_rmOnlyInEdge14
0x579FB661,IRim_rmOnlyInEdge15
0x30C8B677,IRim_rmOnlyInEdge2
0xFE731838,IRim_rmOnlyInEdge3
0xCC1D79F9,IRim_rmOnlyInEdge4
0x99C7DBBA,IRim_rmOnlyInEdge5
0x67723D7B,IRim_rmOnlyInEdge6
0x351C9F3C,IRim_rmOnlyInEdge7
0x02C700FD,IRim_rmOnlyInEdge8
0xD07162BE,IRim_rmOnlyInEdge9
0x0304E0B2,IRim_rmOnlyInShadow0
0x0F9DD633,IRim_rmOnlyInShadow1
0x48B0D403,IRim_rmOnlyInShadow10
0xCF368EA2,IRim_rmOnlyInShadow11
0x55BC4941,IRim_rmOnlyInShadow12
0xDC4203E0,IRim_rmOnlyInShadow13
0x62C7BE7F,IRim_rmOnlyInShadow14
0xE94D791E,IRim_rmOnlyInShadow15
0x1C36CBB4,IRim_rmOnlyInShadow2
0x28CFC135,IRim_rmOnlyInShadow3
0x3568B6B6,IRim_rmOnlyInShadow4
0x4201AC37,IRim_rmOnlyInShadow5
0x4E9AA1B8,IRim_rmOnlyInShadow6
0x5B339739,IRim_rmOnlyInShadow7
0x67CC8CBA,IRim_rmOnlyInShadow8
0x7465823B,IRim_rmOnlyInShadow9
0x59A21FD2,IRim_rmTarget0
0xB37D8A13,IRim_rmTarget1
0xFED723E3,IRim_rmTarget10
0xE06901C2,IRim_rmTarget11
0xC1FADFA1,IRim_rmTarget12
0xA38CBD80,IRim_rmTarget13
0x851E9B5F,IRim_rmTarget14
0x66B0793E,IRim_rmTarget15
0x0D58F454,IRim_rmTarget2
0x67345E95,IRim_rmTarget3
0xC10FC8D6,IRim_rmTarget4
0x1AEB3317,IRim_rmTarget5
0x74C69D58,IRim_rmTarget6
0xCEA20799,IRim_rmTarget7
0x287D71DA,IRim_rmTarget8
0x8258DC1B,IRim_rmTarget9
0xBBD74026,IRim_tkEmiCurveParam0
0x425CFAC5,IRim_tkEmiCurveParam1
0x2BA9B6F5,IRim_tkEmiCurveParam10
0x75DB5036,IRim_tkEmiCurveParam11
0xC00CE977,IRim_tkEmiCurveParam12
0x0A3E82B8,IRim_tkEmiCurveParam13
0x54701BF9,IRim_tkEmiCurveParam14
0x9EA1B53A,IRim_tkEmiCurveParam15
0xC8E2B564,IRim_tkEmiCurveParam2
0x4F687003,IRim_tkEmiCurveParam3
0xD5EE2AA2,IRim_tkEmiCurveParam4
0x5C73E541,IRim_tkEmiCurveParam5
0xE2F99FE0,IRim_tkEmiCurveParam6
0x697F5A7F,IRim_tkEmiCurveParam7
0xF005151E,IRim_tkEmiCurveParam8
0x768ACFBD,IRim_tkEmiCurveParam9
0xAA47A5FB,IRim_tkEmiParam0
0xFAF183FC,IRim_tkEmiParam1
0xD64BE9CC,IRim_tkEmiParam10
0x9ADDCBEB,IRim_tkEmiParam11
0x5F6FAE0A,IRim_tkEmiParam12
0x24019029,IRim_tkEmiParam13
0xE8937248,IRim_tkEmiParam14
0xAD255467,IRim_tkEmiParam15
0x4B9B61FD,IRim_tkEmiParam2
0x9C453FFE,IRim_tkEmiParam3
0xECEF1DFF,IRim_tkEmiParam4
0x3D98FC00,IRim_tkEmiParam5
0x8E42DA01,IRim_tkEmiParam6
0xDEECB802,IRim_tkEmiParam7
0x2F969603,IRim_tkEmiParam8
0x80407404,IRim_tkEmiParam9
0x3B0ABA5B,IRim_trsScaler0
0x1C9C983A,IRim_trsScaler1
0x3C76386A,IRim_trsScaler10
0x8D20166B,IRim_trsScaler11
0xDDC9F46C,IRim_trsScaler12
0x2E73D26D,IRim_trsScaler13
0x7F1DB06E,IRim_trsScaler14
0xCFC78E6F,IRim_trsScaler15
0xFE2E7619,IRim_trsScaler2
0xDFC053F8,IRim_trsScaler3
0xC15231D7,IRim_trsScaler4
0xA2E40FB6,IRim_trsScaler5
0x8475ED95,IRim_trsScaler6
0x6607CB74,IRim_trsScaler7
0x4799A953,IRim_trsScaler8
0x292B8732,IRim_trsScaler9
0x7E907852,ISLFadeForTranslucent
0x952A6114,ISLScalerOfAmbientSpecularMapColorRGB
0x82E2452E,ISLScalerOfAmbientSpecularMapForTranslucent
0x63B8CA1F,IllusionParamsObjectNameHash
0x8E299EA4,IllustrationGlobalMaskTexture
0xEC179996,Illustration_ambientDiffuseUpScale
0x80597C7B,Illustration_ambientLightDownScale
0x1C1B8839,Illustration_fogColorRGB
0x93F16EC0,Illustration_fogUpScale
0x8D9BF8A0,IndexedRamp11_azimuth0
0xD7CD91E1,IndexedRamp11_azimuth1
0x18185BB1,IndexedRamp11_azimuth10
0x1419EA90,IndexedRamp11_azimuth11
0x101B796F,IndexedRamp11_azimuth12
0x0C1D084E,IndexedRamp11_azimuth13
0x081E972D,IndexedRamp11_azimuth14
0x0420260C,IndexedRamp11_azimuth15
0x21FF2B22,IndexedRamp11_azimuth2
0x6C30C463,IndexedRamp11_azimuth3
0xB6625DA4,IndexedRamp11_azimuth4
0x0093F6E5,IndexedRamp11_azimuth5
0x4AC59026,IndexedRamp11_azimuth6
0x94F72967,IndexedRamp11_azimuth7
0xDF28C2A8,IndexedRamp11_azimuth8
0x295A5BE9,IndexedRamp11_azimuth9
0x888FA620,IndexedRamp11_azimuth_group0
0xB1DF8AA1,IndexedRamp11_azimuth_group1
0xDB2F6F22,IndexedRamp11_azimuth_group2
0x047F53A3,IndexedRamp11_azimuth_group3
0x12D3AE38,IndexedRamp11_edgeBackDepthThreshold0
0x74264AD7,IndexedRamp11_edgeBackDepthThreshold1
0x2454A707,IndexedRamp11_edgeBackDepthThreshold10
0xED559E48,IndexedRamp11_edgeBackDepthThreshold11
0xB6569589,IndexedRamp11_edgeBackDepthThreshold12
0x7F578CCA,IndexedRamp11_edgeBackDepthThreshold13
0x4858840B,IndexedRamp11_edgeBackDepthThreshold14
0x11597B4C,IndexedRamp11_edgeBackDepthThreshold15
0xD578E776,IndexedRamp11_edgeBackDepthThreshold2
0x36CB8415,IndexedRamp11_edgeBackDepthThreshold3
0x981E20B4,IndexedRamp11_edgeBackDepthThreshold4
0xF970BD53,IndexedRamp11_edgeBackDepthThreshold5
0x5AC359F2,IndexedRamp11_edgeBackDepthThreshold6
0xBC15F691,IndexedRamp11_edgeBackDepthThreshold7
0x1D689330,IndexedRamp11_edgeBackDepthThreshold8
0x7EBB2FCF,IndexedRamp11_edgeBackDepthThreshold9
0xBC0445E4,IndexedRamp11_edgeBackRimScale0
0x443485C3,IndexedRamp11_edgeBackRimScale1
0xDCA7C5F3,IndexedRamp11_edgeBackRimScale10
0x5A7F81F4,IndexedRamp11_edgeBackRimScale11
0xD8573DF5,IndexedRamp11_edgeBackRimScale12
0x562EF9F6,IndexedRamp11_edgeBackRimScale13
0xD406B5F7,IndexedRamp11_edgeBackRimScale14
0x51DE71F8,IndexedRamp11_edgeBackRimScale15
0xCC64C5A2,IndexedRamp11_edgeBackRimScale2
0x54950581,IndexedRamp11_edgeBackRimScale3
0xDCC54560,IndexedRamp11_edgeBackRimScale4
0x64F5853F,IndexedRamp11_edgeBackRimScale5
0xED25C51E,IndexedRamp11_edgeBackRimScale6
0x755604FD,IndexedRamp11_edgeBackRimScale7
0xFD8644DC,IndexedRamp11_edgeBackRimScale8
0x85B684BB,IndexedRamp11_edgeBackRimScale9
0x70707F1B,IndexedRamp11_edgeBackRimSharpness0
0xE4AFB77A,IndexedRamp11_edgeBackRimSharpness1
0x94275FAA,IndexedRamp11_edgeBackRimSharpness10
0xA7CF332B,IndexedRamp11_edgeBackRimSharpness11
0xBB7706AC,IndexedRamp11_edgeBackRimSharpness12
0xCF1EDA2D,IndexedRamp11_edgeBackRimSharpness13
0xE2C6ADAE,IndexedRamp11_edgeBackRimSharpness14
0xF66E812F,IndexedRamp11_edgeBackRimSharpness15
0x58EEEFD9,IndexedRamp11_edgeBackRimSharpness2
0xCD2E2838,IndexedRamp11_edgeBackRimSharpness3
0x416D6097,IndexedRamp11_edgeBackRimSharpness4
0xB5AC98F6,IndexedRamp11_edgeBackRimSharpness5
0x29EBD155,IndexedRamp11_edgeBackRimSharpness6
0x9E2B09B4,IndexedRamp11_edgeBackRimSharpness7
0x126A4213,IndexedRamp11_edgeBackRimSharpness8
0x86A97A72,IndexedRamp11_edgeBackRimSharpness9
0xBA2FE57C,IndexedRamp11_edgeBackThickness0
0x3807A17D,IndexedRamp11_edgeBackThickness1
0xADFC674D,IndexedRamp11_edgeBackThickness10
0xEB1C2B6C,IndexedRamp11_edgeBackThickness11
0x283BEF8B,IndexedRamp11_edgeBackThickness12
0x655BB3AA,IndexedRamp11_edgeBackThickness13
0xA27B77C9,IndexedRamp11_edgeBackThickness14
0xDF9B3BE8,IndexedRamp11_edgeBackThickness15
0xB5DF5D7E,IndexedRamp11_edgeBackThickness2
0x33B7197F,IndexedRamp11_edgeBackThickness3
0xB18ED580,IndexedRamp11_edgeBackThickness4
0x2F669181,IndexedRamp11_edgeBackThickness5
0xAD3E4D82,IndexedRamp11_edgeBackThickness6
0x2B160983,IndexedRamp11_edgeBackThickness7
0xA8EDC584,IndexedRamp11_edgeBackThickness8
0x26C58185,IndexedRamp11_edgeBackThickness9
0x5F2B4219,IndexedRamp11_edgeCameraRimSharpness0
0xC07DDEB8,IndexedRamp11_edgeCameraRimSharpness1
0x70AC3AE8,IndexedRamp11_edgeCameraRimSharpness10
0x39AD3229,IndexedRamp11_edgeCameraRimSharpness11
0x02AE296A,IndexedRamp11_edgeCameraRimSharpness12
0xCBAF20AB,IndexedRamp11_edgeCameraRimSharpness13
0x94B017EC,IndexedRamp11_edgeCameraRimSharpness14
0x5DB10F2D,IndexedRamp11_edgeCameraRimSharpness15
0x21D07B57,IndexedRamp11_edgeCameraRimSharpness2
0x832317F6,IndexedRamp11_edgeCameraRimSharpness3
0xE475B495,IndexedRamp11_edgeCameraRimSharpness4
0x45C85134,IndexedRamp11_edgeCameraRimSharpness5
0xA71AEDD3,IndexedRamp11_edgeCameraRimSharpness6
0x086D8A72,IndexedRamp11_edgeCameraRimSharpness7
0x69C02711,IndexedRamp11_edgeCameraRimSharpness8
0xCB12C3B0,IndexedRamp11_edgeCameraRimSharpness9
0x1BB6E499,IndexedRamp11_edgeCameraRimSharpness_group0
0xDEA34DF8,IndexedRamp11_edgeCameraRimSharpness_group1
0xA18FB757,IndexedRamp11_edgeCameraRimSharpness_group2
0x647C20B6,IndexedRamp11_edgeCameraRimSharpness_group3
0x07217631,IndexedRamp11_edgeDepthThreshold0
0x44413A50,IndexedRamp11_edgeDepthThreshold1
0x8CE52E80,IndexedRamp11_edgeDepthThreshold10
0xF3BDEE41,IndexedRamp11_edgeDepthThreshold11
0x5A96AE02,IndexedRamp11_edgeDepthThreshold12
0xC16F6DC3,IndexedRamp11_edgeDepthThreshold13
0x28482D84,IndexedRamp11_edgeDepthThreshold14
0x8F20ED45,IndexedRamp11_edgeDepthThreshold15
0x8160FE6F,IndexedRamp11_edgeDepthThreshold2
0xBE80C28E,IndexedRamp11_edgeDepthThreshold3
0xFBA086AD,IndexedRamp11_edgeDepthThreshold4
0x38C04ACC,IndexedRamp11_edgeDepthThreshold5
0x75E00EEB,IndexedRamp11_edgeDepthThreshold6
0xB2FFD30A,IndexedRamp11_edgeDepthThreshold7
0xF01F9729,IndexedRamp11_edgeDepthThreshold8
0x2D3F5B48,IndexedRamp11_edgeDepthThreshold9
0xABE258B1,IndexedRamp11_edgeDepthThreshold_group0
0x03004990,IndexedRamp11_edgeDepthThreshold_group1
0x5A1E3A6F,IndexedRamp11_edgeDepthThreshold_group2
0xB13C2B4E,IndexedRamp11_edgeDepthThreshold_group3
0x6D551521,IndexedRamp11_edgeDetectionMode0
0xEB2CD122,IndexedRamp11_edgeDetectionMode1
0x612196F2,IndexedRamp11_edgeDetectionMode10
0x9E415B11,IndexedRamp11_edgeDetectionMode11
0xDB611F30,IndexedRamp11_edgeDetectionMode12
0x1880E34F,IndexedRamp11_edgeDetectionMode13
0x55A0A76E,IndexedRamp11_edgeDetectionMode14
0x92C06B8D,IndexedRamp11_edgeDetectionMode15
0x69048D23,IndexedRamp11_edgeDetectionMode2
0xE6DC4924,IndexedRamp11_edgeDetectionMode3
0x64B40525,IndexedRamp11_edgeDetectionMode4
0xE28BC126,IndexedRamp11_edgeDetectionMode5
0x60637D27,IndexedRamp11_edgeDetectionMode6
0xDE3B3928,IndexedRamp11_edgeDetectionMode7
0x5C12F529,IndexedRamp11_edgeDetectionMode8
0xD9EAB12A,IndexedRamp11_edgeDetectionMode9
0x93ADE2A1,IndexedRamp11_edgeDetectionMode_group0
0x5CAED9E2,IndexedRamp11_edgeDetectionMode_group1
0x25AFD123,IndexedRamp11_edgeDetectionMode_group2
0xEEB0C864,IndexedRamp11_edgeDetectionMode_group3
0xC99E6F98,IndexedRamp11_edgeHighlightColor0
0x06BE33B7,IndexedRamp11_edgeHighlightColor1
0x4F6227E7,IndexedRamp11_edgeHighlightColor10
0xB63AE7A8,IndexedRamp11_edgeHighlightColor11
0x1D13A769,IndexedRamp11_edgeHighlightColor12
0x83EC672A,IndexedRamp11_edgeHighlightColor13
0xEAC526EB,IndexedRamp11_edgeHighlightColor14
0x519DE6AC,IndexedRamp11_edgeHighlightColor15
0x43DDF7D6,IndexedRamp11_edgeHighlightColor2
0x80FDBBF5,IndexedRamp11_edgeHighlightColor3
0xBE1D8014,IndexedRamp11_edgeHighlightColor4
0xFB3D4433,IndexedRamp11_edgeHighlightColor5
0x385D0852,IndexedRamp11_edgeHighlightColor6
0x757CCC71,IndexedRamp11_edgeHighlightColor7
0xB29C9090,IndexedRamp11_edgeHighlightColor8
0xEFBC54AF,IndexedRamp11_edgeHighlightColor9
0x6E5F5218,IndexedRamp11_edgeHighlightColor_group0
0xC57D42F7,IndexedRamp11_edgeHighlightColor_group1
0x1C9B33D6,IndexedRamp11_edgeHighlightColor_group2
0x73B924B5,IndexedRamp11_edgeHighlightColor_group3
0xE1613A83,IndexedRamp11_edgeHighlightRamp0
0x5F38F684,IndexedRamp11_edgeHighlightRamp1
0xD52DBC54,IndexedRamp11_edgeHighlightRamp10
0x124D8073,IndexedRamp11_edgeHighlightRamp11
0x4F6D4492,IndexedRamp11_edgeHighlightRamp12
0x8C8D08B1,IndexedRamp11_edgeHighlightRamp13
0xC9ACCCD0,IndexedRamp11_edgeHighlightRamp14
0x06CC90EF,IndexedRamp11_edgeHighlightRamp15
0xDD10B285,IndexedRamp11_edgeHighlightRamp2
0x5AE86E86,IndexedRamp11_edgeHighlightRamp3
0xD8C02A87,IndexedRamp11_edgeHighlightRamp4
0x5697E688,IndexedRamp11_edgeHighlightRamp5
0xD46FA289,IndexedRamp11_edgeHighlightRamp6
0x52475E8A,IndexedRamp11_edgeHighlightRamp7
0xD01F1A8B,IndexedRamp11_edgeHighlightRamp8
0x4DF6D68C,IndexedRamp11_edgeHighlightRamp9
0x07BA0803,IndexedRamp11_edgeHighlightRamp_group0
0xD0BAFF44,IndexedRamp11_edgeHighlightRamp_group1
0x99BBF685,IndexedRamp11_edgeHighlightRamp_group2
0x62BCEDC6,IndexedRamp11_edgeHighlightRamp_group3
0xEE355D56,IndexedRamp11_edgeReflectScale0
0x76659D35,IndexedRamp11_edgeReflectScale1
0x0ED8DD65,IndexedRamp11_edgeReflectScale10
0x8CB09966,IndexedRamp11_edgeReflectScale11
0x0A885567,IndexedRamp11_edgeReflectScale12
0x88601168,IndexedRamp11_edgeReflectScale13
0x0637CD69,IndexedRamp11_edgeReflectScale14
0x840F896A,IndexedRamp11_edgeReflectScale15
0xFE95DD14,IndexedRamp11_edgeReflectScale2
0x86C61CF3,IndexedRamp11_edgeReflectScale3
0x0EF65CD2,IndexedRamp11_edgeReflectScale4
0x97269CB1,IndexedRamp11_edgeReflectScale5
0x1F56DC90,IndexedRamp11_edgeReflectScale6
0xA7871C6F,IndexedRamp11_edgeReflectScale7
0x2FB75C4E,IndexedRamp11_edgeReflectScale8
0xB7E79C2D,IndexedRamp11_edgeReflectScale9
0x5ACCDFD6,IndexedRamp11_edgeReflectScale_group0
0xBC1F7C75,IndexedRamp11_edgeReflectScale_group1
0x1D721914,IndexedRamp11_edgeReflectScale_group2
0x7EC4B5B3,IndexedRamp11_edgeReflectScale_group3
0x92A3EF75,IndexedRamp11_edgeThickness0
0xBBF3D3F6,IndexedRamp11_edgeThickness1
0xDC5401C6,IndexedRamp11_edgeThickness10
0xDD00AD65,IndexedRamp11_edgeThickness11
0xDDAD5904,IndexedRamp11_edgeThickness12
0xDE5A04A3,IndexedRamp11_edgeThickness13
0xDF06B042,IndexedRamp11_edgeThickness14
0xDFB35BE1,IndexedRamp11_edgeThickness15
0xE543B877,IndexedRamp11_edgeThickness2
0x0E939CF8,IndexedRamp11_edgeThickness3
0x37E38179,IndexedRamp11_edgeThickness4
0x613365FA,IndexedRamp11_edgeThickness5
0x8A834A7B,IndexedRamp11_edgeThickness6
0xB3D32EFC,IndexedRamp11_edgeThickness7
0xDD23137D,IndexedRamp11_edgeThickness8
0x0672F7FE,IndexedRamp11_edgeThickness9
0x547F7CF5,IndexedRamp11_edgeThickness_group0
0xBB583CB6,IndexedRamp11_edgeThickness_group1
0x2230FC77,IndexedRamp11_edgeThickness_group2
0x8909BC38,IndexedRamp11_edgeThickness_group3
0x951EB98F,IndexedRamp11_elevation0
0x194F0690,IndexedRamp11_elevation1
0x720E9C60,IndexedRamp11_elevation10
0x73E7EF7F,IndexedRamp11_elevation11
0x75C1429E,IndexedRamp11_elevation12
0x779A95BD,IndexedRamp11_elevation13
0x7973E8DC,IndexedRamp11_elevation14
0x7B4D3BFB,IndexedRamp11_elevation15
0x9D7F5391,IndexedRamp11_elevation2
0x21AFA092,IndexedRamp11_elevation3
0xA5DFED93,IndexedRamp11_elevation4
0x2A103A94,IndexedRamp11_elevation5
0xAE408795,IndexedRamp11_elevation6
0x3270D496,IndexedRamp11_elevation7
0xB6A12197,IndexedRamp11_elevation8
0x3AD16E98,IndexedRamp11_elevation9
0xA1DD070F,IndexedRamp11_elevation_group0
0xB6C5CF50,IndexedRamp11_elevation_group1
0xCBAE9791,IndexedRamp11_elevation_group2
0xE0975FD2,IndexedRamp11_elevation_group3
0x4F594572,IndexedRamp11_extIndices0
0x51329891,IndexedRamp11_extIndices1
0x1065BCC1,IndexedRamp11_extIndices10
0x49B6CD82,IndexedRamp11_extIndices11
0x8307DE43,IndexedRamp11_extIndices12
0xBC58EF04,IndexedRamp11_extIndices13
0xF5A9FFC5,IndexedRamp11_extIndices14
0x2EFB1086,IndexedRamp11_extIndices15
0x530BEBB0,IndexedRamp11_extIndices2
0x54E53ECF,IndexedRamp11_extIndices3
0x56BE91EE,IndexedRamp11_extIndices4
0x5897E50D,IndexedRamp11_extIndices5
0x5A71382C,IndexedRamp11_extIndices6
0x5C4A8B4B,IndexedRamp11_extIndices7
0x5E23DE6A,IndexedRamp11_extIndices8
0x5FFD3189,IndexedRamp11_extIndices9
0xDA64A7F2,IndexedRamp11_extIndices_group0
0x6294E7D1,IndexedRamp11_extIndices_group1
0xEAC527B0,IndexedRamp11_extIndices_group2
0x72F5678F,IndexedRamp11_extIndices_group3
0xB0E491DC,IndexedRamp11_shadowGradient0
0xB1913D7B,IndexedRamp11_shadowGradient1
0x9D36C9AB,IndexedRamp11_shadowGradient10
0xB21F91EC,IndexedRamp11_shadowGradient11
0xC7085A2D,IndexedRamp11_shadowGradient12
0xDBF1226E,IndexedRamp11_shadowGradient13
0xF0D9EAAF,IndexedRamp11_shadowGradient14
0x05C2B2F0,IndexedRamp11_shadowGradient15
0xB23DE91A,IndexedRamp11_shadowGradient2
0xB2EA94B9,IndexedRamp11_shadowGradient3
0xB3974058,IndexedRamp11_shadowGradient4
0xB443EBF7,IndexedRamp11_shadowGradient5
0xB4F09796,IndexedRamp11_shadowGradient6
0xB59D4335,IndexedRamp11_shadowGradient7
0xB649EED4,IndexedRamp11_shadowGradient8
0xB6F69A73,IndexedRamp11_shadowGradient9
0x2A7AB45C,IndexedRamp11_shadowGradient_group0
0x9EB9ECBB,IndexedRamp11_shadowGradient_group1
0x12F9251A,IndexedRamp11_shadowGradient_group2
0x87385D79,IndexedRamp11_shadowGradient_group3
0x8380F5A2,IndexedRamp_SDOccFade
0x4A531908,IndexedRamp_edgeBackDepthThreshold
0xD7580FB4,IndexedRamp_edgeBackRimScale
0x8B8A92AB,IndexedRamp_edgeBackRimSharpness
0xDF5156EC,IndexedRamp_edgeBackThickness
0x71903129,IndexedRamp_edgeCameraRimSharpness
0xB4032341,IndexedRamp_edgeDepthThreshold
0xE86D4A68,IndexedRamp_edgeHighlightColor
0xF31241B3,IndexedRamp_edgeHighlightRamp
0x3D6C5BA6,IndexedRamp_edgeReflectScale
0x0F73F325,IndexedRamp_edgeThickness
0x01719D65,IndexedRamp_firstLightRampCoordinateBias
0xD31F8134,IndexedRamp_hairSecondaryRimAzimuth
0xDE545E15,IndexedRamp_hairSecondaryRimColorScaler
0x01F3BFE3,IndexedRamp_hairSecondaryRimElevation
0x65A33188,IndexedRamp_hairSecondaryRimScaler
0x2FA98CFF,IndexedRamp_hairSecondaryRimSharpness
0x1255B656,IndexedRamp_maskUVelocity
0xD6E79875,IndexedRamp_maskVVelocity
0x414D50C3,IndexedRamp_parallelSubLightsRampCoordinateBias
0x27AB3B9E,IndexedRamp_pseudoShadowActualSizeDistance
0x27D889E5,IndexedRamp_pseudoShadowActualSizeDistance
0x9DE4B2AA,IndexedRamp_pseudoShadowEndDistance
0xEDBEDBAB,IndexedRamp_pseudoShadowFaceDirectionAffectionRate
0x6A13D437,IndexedRamp_pseudoShadowLightAffectionRate
0x90215B83,IndexedRamp_pseudoShadowStartDistance
0xC75E160D,IndexedRamp_pseudoShadowUserIndicatedAffectionRate
0x20174021,IndexedRamp_pseudoShadowUserIndicatedDirectionX
0x59E1E200,IndexedRamp_pseudoShadowUserIndicatedDirectionY
0xC76FBD1F,IndexedRamp_rimDirectionType
0x2591C7F2,IndexedRamp_secondaryRimAzimuth
0x4AB23D53,IndexedRamp_secondaryRimColorScaler
0x09F6B621,IndexedRamp_secondaryRimElevation
0xE882C246,IndexedRamp_secondaryRimScaler
0x6AF7713D,IndexedRamp_secondaryRimSharpness
0x188A7042,Instances
0xE714BDE1,InterpolateASADSurfacePerFrameNum
0x403FF1D5,IsEnableAttenuation2
0x4CD8E756,IsEnableAttenuation3
0x4B80007C,IsSplitIndirectScaleForTranslucent
0x5599AA51,KSCLFile
0x6FA91671,KTGL
0xA46F421A,LASDiffuseScale
0x2EB832A9,LASSpecularScale
0x7EDA1FC0,LODModel
0x4F875F29,LPVAmdMergeEnd
0x983F9AF0,LPVAmdMergeStart
0x6A3711F0,LPVAmdMergeStartRate
0x3291EE94,LPVAmdMergeType
0x1FCCF6E1,LPVBoxelSize
0x292329D8,LPVCascadeScale
0x22CF5C51,LPVDepth
0xA470D786,LPVDiffuseScale
0x23E83697,LPVDisplacement
0x67C7C8E9,LPVFluxAmp
0x1B941647,LPVHeight
0xA73D5B7F,LPVInjectionType
0xCA813E3D,LPVInjectionWeight
0xFEA3D492,LPVInterpolateRange
0x9C871D85,LPVIterationNum
0xD0FA3FFA,LPVLightScale
0x0D76B8AD,LPVLocalLightScale
0xD40FA47C,LPVLocalLightScatterInj
0xA56C09B7,LPVOcclusionAmp
0xF1077CA1,LPVPeripheryFadeFactor
0x2CBE4B75,LPVPeripheryFadeRange
0x59B456E7,LPVReflectAmp
0xDA2324D9,LPVSHBlendFactor
0xDC8C7167,LPVScatterInj
0x3D322CE1,LPVUpdateFrequency
0xAFE3B654,LPVWidth
0x8E1ECB72,Landscape
0x468415D9,LandscapeComposition
0x774DDC07,LandscapeComposition
0xC388EA58,LandscapePalette
0x0C1E638C,Latitude
0x87CEBAEE,LayeredBRDFLy1Absorbance0
0x89A80E0D,LayeredBRDFLy1Absorbance1
0x8B81612C,LayeredBRDFLy1Absorbance2
0x8D5AB44B,LayeredBRDFLy1Absorbance3
0x8FD86068,LayeredBRDFLy1Glossiness0
0x91B1B387,LayeredBRDFLy1Glossiness1
0x938B06A6,LayeredBRDFLy1Glossiness2
0x956459C5,LayeredBRDFLy1Glossiness3
0x847AC606,LayeredBRDFLy1Ior0
0x522527C7,LayeredBRDFLy1Ior1
0x1FCF8988,LayeredBRDFLy1Ior2
0xED79EB49,LayeredBRDFLy1Ior3
0xB014F15E,LayeredBRDFLy1Thickness0
0x34453E5F,LayeredBRDFLy1Thickness1
0xB8758B60,LayeredBRDFLy1Thickness2
0x3CA5D861,LayeredBRDFLy1Thickness3
0x6251EDF0,LayeredBRDFLy2IorI0
0x49F3C44F,LayeredBRDFLy2IorI1
0x31959AAE,LayeredBRDFLy2IorI2
0x1937710D,LayeredBRDFLy2IorI3
0x9D4F5DB9,LayeredBRDFLy2IorR0
0x84F13418,LayeredBRDFLy2IorR1
0x6C930A77,LayeredBRDFLy2IorR2
0x5434E0D6,LayeredBRDFLy2IorR3
0xE8B074B7,LayeredBRDF_Ly1AbsorbanceScale0
0x70E0B496,LayeredBRDF_Ly1AbsorbanceScale1
0xF910F475,LayeredBRDF_Ly1AbsorbanceScale2
0x81413454,LayeredBRDF_Ly1AbsorbanceScale3
0xE1DB7E7D,LayeredBRDF_Ly1GlossinessScale0
0x6A0BBE5C,LayeredBRDF_Ly1GlossinessScale1
0xF23BFE3B,LayeredBRDF_Ly1GlossinessScale2
0x7A6C3E1A,LayeredBRDF_Ly1GlossinessScale3
0xD7251CCB,LayeredBRDF_Ly1IorScale0
0x5B5569CC,LayeredBRDF_Ly1IorScale1
0xDF85B6CD,LayeredBRDF_Ly1IorScale2
0x63B603CE,LayeredBRDF_Ly1IorScale3
0x5A899175,LayeredBRDF_Ly2IorIScale0
0x5C62E494,LayeredBRDF_Ly2IorIScale1
0x5E3C37B3,LayeredBRDF_Ly2IorIScale2
0x60158AD2,LayeredBRDF_Ly2IorIScale3
0x7F3A1ACC,LayeredBRDF_Ly2IorRScale0
0x81136DEB,LayeredBRDF_Ly2IorRScale1
0x82ECC10A,LayeredBRDF_Ly2IorRScale2
0x84C61429,LayeredBRDF_Ly2IorRScale3
0xA0E5DA98,LensFlareWeight
0x0286381A,LensSimulationAberraAmount
0x6DA5B0FC,LensSimulationAberraType
0xA925B2FF,LensSimulationAnamorphicFlag
0x409532E2,LensSimulationArtisticStarBurstScale
0x69C17F10,LensSimulationBloomRadius
0x8130A3AC,LensSimulationBloomScale
0xC81F204D,LensSimulationBloomThreshold
0x119CC5BA,LensSimulationBloomThresholdSoftKnee
0xC33E91F7,LensSimulationColorCorrectionIntensity
0xDD69E8A8,LensSimulationColorCorrectionInterpolationRate
0xBC94863E,LensSimulationColorCorrectionLut1
0xF9B44A5D,LensSimulationColorCorrectionLut2
0x39FE6CF0,LensSimulationColorSaturation
0x28A60BB6,LensSimulationColorTemperature
0x356841BC,LensSimulationCrossFilterAberration
0x9DC863D7,LensSimulationCrossFilterAttenuation
0xE7F79A0F,LensSimulationCrossFilterInclination
0x2AF009C7,LensSimulationCrossFilterLength
0x3A35E6F5,LensSimulationCrossFilterWeight
0xAF6D3DFC,LensSimulationDOF3Circular
0x182ED000,LensSimulationDOFCompareBrightness
0x03C0227E,LensSimulationDOFFlag
0xC7585A9D,LensSimulationDOFHeatSimmerCycle
0x48ECAF7E,LensSimulationDOFHeatSimmerSpeed
0xF2555D35,LensSimulationDOFHeatSimmerVibra
0x4C1DAA58,LensSimulationDiaphragmBladeCounts
0x4A2FDB62,LensSimulationDistortionSampleScale
0xB3FD8FB3,LensSimulationDistortionStrength0
0xF11D53D2,LensSimulationDistortionStrength1
0x3D48FABE,LensSimulationDramaticHdrLutIntensity0
0x0649F1FF,LensSimulationDramaticHdrLutIntensity1
0x40CCCE43,LensSimulationDramaticHdrLutMaskDepthCurveType0
0x7A977022,LensSimulationDramaticHdrLutMaskDepthCurveType1
0xE8B1AAD5,LensSimulationDramaticHdrLutMaskDepthEnd0
0xF016DFF4,LensSimulationDramaticHdrLutMaskDepthEnd1
0xA1A3F7DC,LensSimulationDramaticHdrLutMaskDepthStart0
0x6490613B,LensSimulationDramaticHdrLutMaskDepthStart1
0x49B0CB3B,LensSimulationDramaticHdrLutMaskHeightCurveType0
0x493A653C,LensSimulationDramaticHdrLutMaskHeightCurveType1
0x9E6780E9,LensSimulationDramaticHdrLutMaskHeightEnd0
0x83A8EFAA,LensSimulationDramaticHdrLutMaskHeightEnd1
0x03BED4C2,LensSimulationDramaticHdrLutMaskHeightStart0
0x9E5F9743,LensSimulationDramaticHdrLutMaskHeightStart1
0xF6C0B94A,LensSimulationDramaticHdrLutMaskIntensity0
0xDC02280B,LensSimulationDramaticHdrLutMaskIntensity1
0x650A59F7,LensSimulationDramaticHdrLutMaskType0
0xC65CF696,LensSimulationDramaticHdrLutMaskType1
0x6E0A7F00,LensSimulationEnableFixBanding
0x6934EE7C,LensSimulationExposureDial
0xEAA43A55,LensSimulationExposureMaskCenterX
0x27C3FE74,LensSimulationExposureMaskCenterY
0x36A9B9EE,LensSimulationExposureMaskMinWeight
0x72D5172A,LensSimulationExposureMaskRadius
0xC651B23A,LensSimulationExtensionFlag
0x04CFDD5D,LensSimulationFStop
0x6B7FBFDC,LensSimulationGhostNum
0x3278E4A0,LensSimulationGhostScale
0x60B60FF7,LensSimulationHaloScale
0x9401515A,LensSimulationHdrLutColorGradingFactor
0xE25ECAAE,LensSimulationHdrLutTonemapConfig
0x4C05D973,LensSimulationHighBrightnessPercent
0x9F7C7CD9,LensSimulationHighPassStrength
0x995A7B0E,LensSimulationInfiniteFocalLength
0x0D04C5AC,LensSimulationLdrGradingIntensity
0x80119D80,LensSimulationLensFlareThreshold
0x202D477E,LensSimulationLightShaft2BlendScale
0xD66E4FA5,LensSimulationLowBrightnessPercent
0x752C9273,LensSimulationLowLuminanceBloomingFix
0x84CB7A7B,LensSimulationLutTransitionSpan
0x67E49830,LensSimulationMaxBrightness
0x3F80B302,LensSimulationMinBrightness
0xBA6FD68F,LensSimulationMotionBlur2CharacterScale
0x77D3CEED,LensSimulationMotionBlur2Enable
0x58F11068,LensSimulationMotionBlur2EnableCharacterStencilTest
0xF1C140BC,LensSimulationMotionBlur2EnableDepthReplace
0xA5576295,LensSimulationMotionBlur2SampleCount
0x91904651,LensSimulationMotionBlur2ShutterSpeedLimit
0x04C1A415,LensSimulationMotionBlur2ShutterSpeedLimit
0x59FCA54B,LensSimulationMotionBlurForceDisableDirectionThreshold
0x5762AB5D,LensSimulationMotionBlurForceDisablePositionThreshold
0x61C53E9A,LensSimulationNoiseGridScaleU
0x6271EA39,LensSimulationNoiseGridScaleV
0x8E1F91CA,LensSimulationNoiseStrength
0xEE9D93F9,LensSimulationObjectDistance
0xB6ACA96C,LensSimulationRenewApplyDofForDramaticColorGrading
0x0776131F,LensSimulationRenewDOFModule
0xF2B45C7F,LensSimulationShutterSpeed
0x8CC2593A,LensSimulationSpriteDOFThreshold
0xEB8B5927,LensSimulationSunRadius
0xB2AB3C2B,LensSimulationTemporalAA3BaseWeight
0xADF86C71,LensSimulationTemporalAA3DepthDiffThreshold
0x9ED83F62,LensSimulationTemporalAA3EdgeThreshold
0xD33B835F,LensSimulationTemporalAA3EnableDepthFix
0x590FC81F,LensSimulationTemporalAA3EnableStencilTest
0xAF39496E,LensSimulationTemporalAA3NewWeightForEffectStencil
0x647E3CF6,LensSimulationTemporalAA3QualityMode
0xD2622628,LensSimulationTemporalAA3RefinedColor
0x7CFFF4DF,LensSimulationTemporalAA3TonemapMethod
0x2A86A871,LensSimulationTemporalAA3UseTonemap
0x5BEEB01F,LensSimulationTemporalAA3VelocityWeight
0x5DC0E0AE,LensSimulationTemporalAA3forKTSSDepthThreshold
0x0E8A7670,LensSimulationTemporalAABaseWeight
0xCC53256A,LensSimulationTemporalAADepthDiffThreshold
0xB406C48A,LensSimulationTemporalAAEnable
0x70EB2773,LensSimulationTemporalAAJitter
0x59B28F69,LensSimulationTemporalAAJitterPatternNum
0x55BE0F01,LensSimulationTemporalAAType
0x4DCEB3FC,LensSimulationTemporalAAVelocityWeight
0x8FF0CAAB,LensSimulationUseExposureMask
0xBADEA999,LensSimulationVerticalLimbDarkenningBottomInfo
0xF38A80DD,LensSimulationVerticalLimbDarkenningTopInfo
0x2508391A,LensSimulationVerticalLimbDarkenningType
0x7729E0F8,LensSimulationVignettingFade
0xE01606F4,Light
0x907B67C1,LightAdaptedScale
0xA1BF2EED,LightColorAccessoryDepthFadeFarScale
0x18DF97F8,LightColorAccessoryDepthFadeNearScale
0x2C17381A,LightColorAccessoryDepthFadeRate
0x423766A0,LightColorAccessoryOffsetX
0xB4D98822,LightColorAccessoryOffsetZ
0x14515444,LightGroupLumiScale
0xDB86C1F7,LightGroupSaturationFade
0x740E879D,LightGroupSaturationFadeTargetGroupMask
0xEBA9F018,LightMapAmbientDiffuseScaler
0xEDE00FED,LightMapDOFade
0x523AEFE4,LightMapParam
0x3EE1624A,LightOuterTexture
0x41C4B441,LightShaftColor
0xB2EB70EA,LightShaftLength
0xEBCADD79,LightShaftLightDistance
0x5AE536A8,LightShaftLightGroupID
0x4168C674,LightShaftLightSceneType
0x834DC2A6,LightShaftNoiseFrequency
0x9CBC0FA6,LightShaftNoiseMap
0xAD7E9994,LightShaftNoiseScale
0x7AD72492,LightShaftNoiseWeight
0x468E5E0A,LimbDarkeningEnd
0x4226C411,LimbDarkeningStart
0xD66B33B7,LimbDarkeningWeight
0x4AE7CABD,Line
0xB527C14A,LineList
0xA7DFA945,ListContainerObjectNameHash
0x5737EFA3,LocalAmbientSpecularMap
0x053A9DF4,LocalAmbientSpecularMap
0x991BBEF3,LocalLightFlickerRate
0x39E925DD,LocalLightFlickerScale
0x716D5320,LocalSpaceSubLightColor2
0xF59DA021,LocalSpaceSubLightColor3
0x251D99AA,LocalWindBufferRange
0xFDB51C85,LocalizedPostEffect3ParamsObjectNameHash
0x1F900D78,LocalizedSkylightObjectNameHash
0xF041CE62,Location
0xFDF00E20,LocationManager
0x76FD51D1,Longitude
0x462994C1,LumiMax
0x3DF6821A,LumiThreshold
0x64DD27B6,ManipulateBone
0xC1242145,Material
0xB340861A,MaterialGroupBindTableBinaryFile
0x3FAEAC18,MergedPatternMap
0xEBB0D574,MicroShadows_Fade
0xC353D9F6,MicroShadows_Type
0x62AA34F8,MiddleGray
0x7732FCDA,MinBrightnessAdjustmentCurveKeysAndValues
0xBD8171CF,MinPrimitiveNumSS
0xD40B3C8F,Model
0x563BDEF1,ModelData
0xD1A68A61,ModelGroup
0x7C539F6F,ModelIllusionGroupCapacity
0xF5E77292,ModelIllusionModelsCapacity
0x658D05C8,ModelIllusionParams
0x07B0B080,ModelIllusionParams
0xA9A72FFA,ModelProperty
0xA1E036DE,ModelPropertyAnimation
0x6C01215E,ModelRenderPartsSetTypeContainer
0x35E0871C,MonthDay
0xB9A5C422,MoonAge
0x773831C4,MotionData
0x2A7F3F74,MotionNoiseSet
0xA3A57DCE,MotorFilePathBased
0xA30EB4C8,MotorFilePathBased
0xE2E5D9A1,MotorWeatheringBake
0x1D00AB9D,MultiProjectionEmissiveMap
0xB6B9C55E,MultiProjectionGlossinessMap
0xFF0D8F34,MultiProjectionMap
0x73F2814D,MultiProjectionNormalMap
0xEFDD6128,MultiProjectionReflectanceMap
0x2EF7520E,MultiwayLightingEmissiveGradientTexture
0xBF6B52C7,NameDatabaseFile
0xD9D15973,NatureRippleFade
0x06741408,Near
0x1094AECC,NoiseParameter
0x73BAA302,None
0x670CB6A8,NorthDir
0x751FD3AD,OBOROCaptureOnlyFixModel
0xFE2DACFD,OBORODeferredReflection
0xFBE39084,OBOROEnable
0x4D5580D7,OBOROGlobalKeyLightScale
0x52DD5C77,OBOROLightGroupIDFlag
0xE678288B,OBOROOpenSpaceValidLevel
0x3E007C19,OBOROProbeFieldBaseOffset
0x22ED363A,OBOROProbeFieldCellSize
0x3B0FA02E,OBOROProbeFieldTileSize
0x7549596D,OBOROSearchCapturePosPriority
0x70716680,OBOROSearchRangeL0
0x3E1BC841,OBOROSearchRangeL1
0x0BC62A02,OBOROSearchRangeL2
0x1AB40AE8,OIDBindTableBinaryFile
0xE6A3C3BB,OIDBindTableBinaryFileEx
0x580EE072,OOCCDiffuseMaxRayLength
0xDBB25903,OOCCDiffuseOccScale
0x26C2876F,OOCCSpecularMaxRayLength
0xB88CF9A4,OOCCSpecularMinAngle
0x178E20FE,OOCCSpecularOccScale
0x20A6A0BB,ObjectDatabaseFile
0x1FDCAA40,ObjectDatabaseFile
0xB1630F51,ObjectDatabaseFile
0xC16ECA12,ObstructorClipCenterAlpha
0x4F8E9435,ObstructorClipFadeStart
0x9C7D528D,ObstructorClipRadius
0xD3EB557C,ObstructorClipRadiusScaleY
0x5026FD8F,ObstructorClipTargetMode
0xFAE0AFB3,OcclusionSystemTarget
0x6427BC47,Occlusion_AlbedoFade
0xF7FC66CC,Occlusion_ApplyToColor
0xCF9F896F,Occlusion_Color
0xF5DBCFF3,Occlusion_ColorMax
0x11C30F61,Occlusion_ColorMin
0xABC4988E,Occlusion_SSAODepthFadeFarScale
0x156374A3,Occlusion_SSAODepthFadeNearScale
0x76CCC741,Occlusion_SSAODepthFadeRate
0xAEE9F013,Occlusion_SSAOEndRadius
0x482B4C1C,Occlusion_SSAOLerpEnd
0xE5D49275,Occlusion_SSAOLerpStart
0x9C41AE45,OceanRipple
0xFD361911,OfflinePatternMap
0x3E35E50A,Ortho
0x40653B87,OutlineAmbientLightEffectScaler
0x4B9B4B94,OutlineAutoHDRScaleExposure
0x5CDA1BA6,OutlineCalcMode
0x2649C5BB,OutlineCameraReverse
0x5C8D7EA4,OutlineColorMode
0x01F9CF2F,OutlineColorSaturationFade
0x24D473E9,OutlineColorScaler
0x826C4960,OutlineFadeMinThickness
0xCEABBBBC,OutlineFog
0x9B7B5EA9,OutlineLPVEffectScaler
0x47113921,OutlineLightEffectFade
0xF73E3F9B,OutlineNormalization
0xFCA82A76,OutlinePatternMapFade
0xFAB30F55,OutlineScreenSpaceTextureScaler
0xF5DF0F9B,OutlineThicknessFar
0x8B75BEBA,OutlineThicknessNear
0xF09AA849,OutlineThicknessProjScaleMax
0x983D847A,OutlineThicknessScaler
0xFE80308E,OutlineZScale
0xDC253887,PB2Hh_indirectRoughnessScale
0xD75C9E4C,PB2Hh_translucencyFade
0xC3DA41A8,PB2S4_DTermScale0
0x886C23C7,PB2S4_DTermScale1
0x49F63E66,PB2S4_dualLobeSpecularEnable
0xDDEDB98C,PB2S4_lobe0RoughnessScaler
0xE59F5EEB,PB2S4_lobe1RoughnessScaler
0xC945F0DE,PB2S4_lobeBlendRatio
0x61FC02F4,PB2WeatheringArray2Texture
0x6ACF7382,PB2WeatheringArray2Texture2
0x5BA07AE1,PB2WeatheringArray2Texture3
0x4C718240,PB2WeatheringArray2Texture4
0x3D42899F,PB2WeatheringArray2Texture5
0x2E1390FE,PB2WeatheringArray2Texture6
0x89351110,PB2WeatheringArrayTexture
0xBB0A56C2,PB2WeatheringArrayTexture2
0xF45B6783,PB2WeatheringArrayTexture3
0x2DAC7844,PB2WeatheringArrayTexture4
0x66FD8905,PB2WeatheringArrayTexture5
0xA04E99C6,PB2WeatheringArrayTexture6
0xA37748A9,PB2Weathering_maskFade0
0x9F78D788,PB2Weathering_maskFade1
0x688747B8,PB2Weathering_maskFade10
0xECB794B9,PB2Weathering_maskFade11
0x70E7E1BA,PB2Weathering_maskFade12
0xF5182EBB,PB2Weathering_maskFade13
0x79487BBC,PB2Weathering_maskFade14
0xFD78C8BD,PB2Weathering_maskFade15
0x81A915BE,PB2Weathering_maskFade16
0x05D962BF,PB2Weathering_maskFade17
0x8A09AFC0,PB2Weathering_maskFade18
0x0E39FCC1,PB2Weathering_maskFade19
0x9B7A6667,PB2Weathering_maskFade2
0x6488D697,PB2Weathering_maskFade20
0xE8B92398,PB2Weathering_maskFade21
0x6CE97099,PB2Weathering_maskFade22
0xF119BD9A,PB2Weathering_maskFade23
0x977BF546,PB2Weathering_maskFade3
0x937D8425,PB2Weathering_maskFade4
0x8F7F1304,PB2Weathering_maskFade5
0x8B80A1E3,PB2Weathering_maskFade6
0x878230C2,PB2Weathering_maskFade7
0x8383BFA1,PB2Weathering_maskFade8
0x7F854E80,PB2Weathering_maskFade9
0xF208E8D7,PB2Weathering_maskFadeMin0
0x2B59F998,PB2Weathering_maskFadeMin1
0x528B5B68,PB2Weathering_maskFadeMin10
0x435C62C7,PB2Weathering_maskFadeMin11
0x342D6A26,PB2Weathering_maskFadeMin12
0x24FE7185,PB2Weathering_maskFadeMin13
0x15CF78E4,PB2Weathering_maskFadeMin14
0x06A08043,PB2Weathering_maskFadeMin15
0xF77187A2,PB2Weathering_maskFadeMin16
0xE8428F01,PB2Weathering_maskFadeMin17
0xD9139660,PB2Weathering_maskFadeMin18
0xC9E49DBF,PB2Weathering_maskFadeMin19
0x64AB0A59,PB2Weathering_maskFadeMin2
0x8BDC6C29,PB2Weathering_maskFadeMin20
0x7CAD7388,PB2Weathering_maskFadeMin21
0x6D7E7AE7,PB2Weathering_maskFadeMin22
0x5E4F8246,PB2Weathering_maskFadeMin23
0x9DFC1B1A,PB2Weathering_maskFadeMin3
0xD74D2BDB,PB2Weathering_maskFadeMin4
0x109E3C9C,PB2Weathering_maskFadeMin5
0x49EF4D5D,PB2Weathering_maskFadeMin6
0x83405E1E,PB2Weathering_maskFadeMin7
0xBC916EDF,PB2Weathering_maskFadeMin8
0xF5E27FA0,PB2Weathering_maskFadeMin9
0xEDDA84F3,Parallel
0x56EFE45C,PartsModelGroupBindTableBinaryFile
0x35884FC0,PatternMapAzimuth
0x38FFA464,PatternMapDepthFadeFar
0x0344ACE5,PatternMapDepthFadeNear
0xD12BB6ED,PatternMapDepthFadeRate
0xC3FB2C2F,PatternMapElevation
0x448A1A29,PatternMapRoll
0x2280A0FA,PatternMapScaleX
0xC3D45CFC,PatternMapScaleZ
0x700D565D,PatternMapSpeedX
0x1161125F,PatternMapSpeedZ
0x41C71D09,PeriodicEmissionGroupCapacity
0xEA3F87CE,PeriodicEmissionPlaceablesCapacity
0x23E7C64E,Perspective
0x2D4CC9AF,PlaceableLocationManagerObjectNameHash
0x8D5AA14A,PlanarArrayExponentialShadowMap
0x33E8BA1D,PlanarArrayShadowMap
0x4D636D79,Point
0x0AB9B5DD,Point
0xEFD13E9F,Point
0x9291E5DA,PollutedEnemy_EmissiveValue
0xA221477A,PollutedEnemy_ScrollSpeed
0x44FDE3DC,PollutedEnemy_Thresholds
0x46298CB3,PollutedEnemy_VolumeTexture
0x5E5F2BA5,PostEffect2ColorCorrectionTexture
0x74845F12,PostEffect3DramaticHdrLut0
0xADD56FD3,PostEffect3DramaticHdrLut1
0xF49BFD86,PostEffect3DramaticHdrLutMask0
0x0984C5C7,PostEffect3DramaticHdrLutMask1
0xE0C70CE1,PostEffect3ExternalDiaphragmImage
0xFD3DD206,PostEffect3ExternalStarBurstImage
0x2572A4E9,PostEffect3HdrLut
0xDF7EBEED,PostEffect3LdrLut
0xA4541BE1,PostEffect3LensPreset
0xEA69FA13,PostEffect3Shader
0x1D8D8BB6,PostEffectShader
0x0FDE5768,Prism
0x1A83479F,ProceduralPlacement
0xEA5D6D4F,ProceduralPlacementNoiseTexture
0xF81B8617,ProceduralPlacementTool
0x45207EA7,ProjectionMapPlane
0x295BCA80,Quadrangle
0x37D6E4D3,QuadrangleEx
0x193D2E44,RBFData
0x27BC54B7,RBFData
0x0F9DF658,RLRAvoidPenetrationType
0x56AA7920,RLRContactHardeningType
0x0EA9FB0C,RLRDepthFadeEnd
0xDCF93825,RLRDepthFadeStart
0x6C04332C,RLREdgeFadeRange
0xBB56D773,RLRExceptHitTarget
0x306730DC,RLRExtMergeThreshold
0xEF1B18DE,RLRFogApplyType
0xA5060C10,RLRLODCollectedMostDetailLevel
0x24C1A42D,RLRLODCollectionStartWeight
0x134DEF8B,RLRMaxRaySamples
0x89DB0607,RLROceanFadeEnd
0x582A4320,RLROceanFadeStart
0xCB72ECA4,RLRPixelsPerStep
0xE858BC55,RLRRayMarchType
0x949B1BC4,RLRReflectFarPlaneType
0xC91C4DDC,RLRResolution
0x1BED2A44,RLRSampleFadeStart
0x127966A8,RLRSkipMaskThreshold
0x7603A583,RLRSkipMaskType
0x3288E073,RLRTAABlendWeight
0x2C8C4022,RLRTAAClipScale
0x9DD995E2,RLRViewFadeEnd
0xE691D1A9,RLRViewFadeStart
0xA63FEF7A,RLRVisible
0xC6834C5E,RLRWeightSourceLevelLimit
0x40EF01BE,RadialBlurAmount
0xA3321663,RadialBlurCenterX
0x67C3F882,RadialBlurCenterY
0xCCA6A07E,RadialBlurDistanceExp
0xA74BB2BD,RadialBlurProcessType
0x1E65C92A,RadialBlurSampleNum
0x41360A84,RadialBlurWeightDecay
0x5781F63B,RainDrop
0x0207A7F4,RainDropAdaptiveMaxBufferSize
0x04FC129C,RainDropAlbedo
0xEB02A24D,RainDropAngleRange
0x84733D73,RainDropAreaMode
0xC689BE2B,RainDropAtDistance
0x3CEF738E,RainDropBottom
0x9DD803EA,RainDropBoundary
0x1F5E45BB,RainDropCameraMotionBlurScale
0x7C7EAA9B,RainDropCameraVelocityScale
0x6B75323E,RainDropClipNearRange
0xE4757B54,RainDropCollisionDepth
0x62203CC6,RainDropCollisionProbability
0x8EF49860,RainDropDiffTrans
0x28A555FE,RainDropEnableCameraVelocityScale
0xBF8336D9,RainDropGlossiness
0xF57F839A,RainDropHeightMaskMap
0x0C035EF1,RainDropHeightMaskOffsetX
0x0FB6052F,RainDropHeightMaskOffsetZ
0xC4CB0344,RainDropHeightMaskScaleX
0xCD2B9D46,RainDropHeightMaskScaleZ
0xBC1AF74D,RainDropHeightMode
0x668B54CD,RainDropHeightRange
0x3E652B49,RainDropInterpolateNormalToEyeEndAngle
0xD87EB82D,RainDropInterpolateNormalToEyeMaxRate
0xFB402362,RainDropInterpolateNormalToEyeStartAngle
0x6EA5A887,RainDropLightGroupID
0x7992B4D8,RainDropLinearRoughness
0x33D957C7,RainDropMap
0x23455238,RainDropMaxDrawRange
0xDE1FBEA2,RainDropMaxPrecipitation
0x13E80595,RainDropMinimumPixelWidth
0x8D994257,RainDropNormalDisplacementScale
0xD35643C0,RainDropPrecipitation
0xA46E75D7,RainDropReflectance
0xFFCB9B36,RainDropRefractiveIndex
0xFA0F62F6,RainDropRippleDecalAlbedoBlendWeight
0x1006657C,RainDropRippleDecalDisplayTargetMode
0xF1627B4A,RainDropRippleDecalFade
0x7A0BFA19,RainDropRippleDecalGlossinessBlendWeight
0x226E3508,RainDropRippleDecalNormalBlendWeight
0x6BDD9669,RainDropRippleDecalReflectanceBlendWeight
0x1EAB2A7A,RainDropRippleDecalTexArrayNum
0x31AE4281,RainDropRippleDecalTexArrayOffset
0x9CABE383,RainDropRippleDecalTexUDivNum
0x98AD7262,RainDropRippleDecalTexVDivNum
0xFA49C647,RainDropRippleFadeEndAngle
0x348D5BE0,RainDropRippleFadeStartAngle
0xB0950619,RainDropRippleLifeSpan
0x85BF748B,RainDropRipplePB2DecalAbsNormalFade
0x9F91FCC1,RainDropRipplePB2DecalAlbedoOverlayScaler
0x85350FC1,RainDropRipplePB2DecalAlbedoScaler
0x7A9F36EA,RainDropRipplePB2DecalAutoHDRScaleExposure
0x127442E0,RainDropRipplePB2DecalBaseNormalScaler
0x7852A4F5,RainDropRipplePB2DecalBlendType
0xEF79A71F,RainDropRipplePB2DecalEmissiveScaler
0xE6B276E5,RainDropRipplePB2DecalEmissiveSlice
0xB3A94BFA,RainDropRipplePB2DecalGeometryScaler
0x6B6D758A,RainDropRippleSizeScale
0x283E7EA9,RainDropRippleSlopeFadeRange
0x5CA646D3,RainDropShutterSpeedScale
0xA5C4E3C1,RainDropSizeHeightScale
0x2BB3A4E8,RainDropSizeWidthScale
0x82EA6523,RainDropSplashAlbedo
0x7CE6E972,RainDropSplashAtDistance
0xE63BF59F,RainDropSplashCorrectionBlendWeight
0xDEC5C686,RainDropSplashCorrectionQuaternion
0xCFF087E7,RainDropSplashDiffTrans
0xE8737AAA,RainDropSplashEmitAngle
0xF762A7A0,RainDropSplashGlossiness
0x16B064EF,RainDropSplashIncidenceBlendWeight
0xD94E2590,RainDropSplashLifeSpan
0xC6756A5F,RainDropSplashLinearRoughness
0x48ABDE0E,RainDropSplashMap
0xF36331FB,RainDropSplashMaterialSpan
0x996B6C28,RainDropSplashNormalBlendWeight
0x7ED6301E,RainDropSplashReflectance
0x0873923D,RainDropSplashRefractiveIndex
0x09590688,RainDropSplashSizeHeightScale
0x86860E6F,RainDropSplashSizeWidthScale
0x44B59D42,RainDropSplashTransparency
0x6D1F8DFB,RainDropTransparency
0x5FFCE8D6,RainDropVelocityScale
0x4B320191,Rasterizer
0x66EE6675,RayTracingMaxTLASDistance
0x17C7BD9B,RayTracingMode
0xCC7C9048,RayTracingReflectionFadeStartLinearRoughness
0x42837BEA,RayTracingReflectionMaxLinearRoughness
0xF1A04551,RayTracingTLASCullingMethod
0xA591D94B,RaytracingAmbDifScaler
0x226C8A30,RaytracingAmbSpcScaler
0x0D270E88,RaytracingBiasForShadow
0xC67E7C52,RaytracingDistanceFadeFar
0x1DF71831,RaytracingDistanceFadeNear
0x1100534D,RaytracingTAABlendWeight
0xF031C0BE,RaytracingTAAClipScale
0x560887C1,ReceiveShadowFade
0x927D5E8B,RefStatic
0x7BC602DD,Reference
0x433C605E,ReflectionProbeApplyInterpolateSpan
0x5DF22BCE,ReflectionProbeEmissiveScale
0xE6379BA2,ReflectionProbeField
0x216FF97A,ReflectionProbeFieldCameraOffsetCoef
0xB87E4CCB,ReflectionProbeGlobalKeyLightScale
0x4AD15A62,ReflectionProbeILScale
0xB0B67CFF,ReflectionProbeIndirectProbeShadowDistFade
0xE490690E,ReflectionProbeIndirectWeightNormal
0x538FDDC5,ReflectionProbeIndirectWeightProbeShadow
0x7520206B,ReflectionProbeLightGroupIDFlag
0x01DCBC1E,ReflectionProbeRSMCaptureMode
0xF58CE595,ReflectionProbeRadianceUpdateType
0xD868B707,ReflectionProbeRayTraceBias
0xF3DA5EF9,ReflectionProbeShadowTraceBias
0xC457DB17,ReflectionProbeSkyOccScale
0xC6F0D322,ReflectionProbeSpecularScale
0x769BF902,ReflectiveShadowmapCasterCamEyeTranslation
0x12D1084B,ReflectiveShadowmapCasterCamFar
0x6AB700EA,ReflectiveShadowmapCasterCamNear
0xC2A5E9FE,ReflectiveShadowmapSize
0x51AA8CE5,ReflectiveShadowmapType
0x00010000,RegCloseKey
0x60985F9E,RenderGraph
0x95C18937,RenderResolutionRatio
0xBB5CC587,ResourceKeeper
0x6A81F3D4,Rim_rmGScale3
0x690A7766,RippleBlendSpeed
0x5DC8ADE2,RippleDirFadeEnd
0x596113E9,RippleDirFadeStart
0x685D2E02,RippleDirPaintFadeEnd
0x0606745B,RippleDirPaintFadeStart
0x8FA35CC5,RippleEraseEnd
0xD85B988C,RippleEraseStart
0x24C2DB23,RippleFadeInSpotMaskMap
0x9B4F55F5,RippleFadeInSpotMaskScale
0xC5A71F08,RippleFadeInTimeSpan
0x1BA504CC,RippleFadeOutSpotMaskMap
0x76A7E43A,RippleFadeOutSpotMaskScale
0x97493D87,RippleFadeOutTimeSpan
0xC9B4C7A2,RippleFlowSpeedSlope
0xF373B06F,RippleFlowSpeedX
0x94C76C71,RippleFlowSpeedZ
0x43A78902,RippleGlossinessFade
0x0D1E9A67,RippleHeightMaskMap
0x88BF5F7E,RippleHeightMaskOffsetX
0x80C27D3C,RippleHeightMaskOffsetZ
0x95B9FC91,RippleHeightMaskScaleX
0x2A1D2F13,RippleHeightMaskScaleZ
0x2CADC716,RippleHeightMaskTolerance
0xAA290325,RippleLinearRoughness
0x7B5F56EF,RippleMaxRatePrecipitation
0xF11C339B,RippleNormalMap
0x6530FFE7,RipplePaintBaseLayerRatio
0xB87AA426,RippleRateScale
0xDEAEF7E4,RippleReflectance
0x0B5D8826,RippleScale
0xB1D787E6,RippleSlopeFadeRange
0x0624AD1D,Roll
0xAA597520,S4BlurCollectionType
0x1706F692,S4BlurSuppressionEnable
0xD46FCB40,S4BlurSuppressionRatio
0xEC4BC922,S4SamplingNum
0x2060D7A2,S4Strength
0x6402D6D9,S4Weight
0xE02FC213,SDFCellEpsilon
0x8F3BAA59,SDFDiffuseMaxRayLength
0x61EE5BA8,SDFDiffuseOccScale
0x48DED676,SDFDiffuseRayAngle
0x1A1B70C0,SDFDirectShadowFadeLength
0xEA0D2772,SDFDirectShadowRayLength
0x1CCEF964,SDFDirectShadowStart
0xB9D0B098,SDFRaymarchNum
0x9E28AFBC,SDFSpecularMaxRayLength
0x21CC284D,SDFSpecularOccScale
0x18EB073F,SDFSpecularRayAngle
0x7F98C2AB,SDFTerrainHeightMap
0xF3CB9531,SDFType
0x48DBFB42,SSAOAngleBias
0x6F313FDC,SSAOBlurAtHalfSize
0xC0416472,SSAOBlurLinearFilter
0x0DB06614,SSAOBlurSharpness
0x509335B6,SSAOBlurSize
0xF3EC5CB0,SSAOContrast
0x152377A6,SSAODepthFadeFar
0x97F534E7,SSAODepthFadeNear
0x7A4E64EF,SSAODepthFadeRate
0xB4F6C5C2,SSAODisocclusionThreshold
0xA08F0C41,SSAOEndRadius
0x58A92F8A,SSAOLerpEnd
0xA9CCE123,SSAOLerpStart
0x8A74FF65,SSAOMaxAccumulatedFrameNum
0x1C4D4FB7,SSAOMaxOcclusion
0x77303958,SSAOMaxRadiusRate
0xF1D2118F,SSAOQuality
0x87F5F380,SSAORadius
0xECDABC2A,SSAORayNum
0x5A3E34DA,SSAOResolution
0xF6DF51AD,SSAOSnapToPixel
0x7DE45F3E,SSAOStableThreshold
0x25BDFB14,SSAOStepNum
0xE614803F,SSAOSuppressHalo
0xAB2AB5A0,SSAOUseNormal
0x6A19DEC5,SSAOUseViewDepth
0x237DF2B0,SSSColor
0x4424B3DA,SSSDmfp
0x86BC1FF2,SSSMethodType
0xD40D74C8,SaturationScale
0xB278F6D6,Scale
0x5D4A99D6,Scattering
0x1DC64B2F,SceneDatabase
0x6AF08512,ScreenLayoutBlurPane
0xD83D3F14,ScreenLayoutCylinderShapePane
0xE3B4EDA8,ScreenLayoutEffectPane
0x82C549B9,ScreenLayoutFreeShape
0x6E1381FE,ScreenLayoutFreeShapePane
0xD4CE7018,ScreenLayoutPictureEffectPane
0xD46B1BF3,ScreenLayoutRadialBlurPane
0xF13845EF,ScreenLayoutShapeInfoFile
0x12EA4048,ScreenMap
0x0E3EFB53,Script
0x11A85121,SequentialPlayer
0x89D916BB,ShIrradianceVolume
0x2EB03E5F,ShaderBindTables
0x22F4D328,ShadowCascade1RectHeight
0xABEAD608,ShadowCascade1RectLeft
0x09B2F8CC,ShadowCascade1RectTop
0x25D9777B,ShadowCascade1RectWidth
0xEEC93539,ShadowCascade1SlopeBias
0x7CD03D69,ShadowCascade2RectHeight
0x05C64049,ShadowCascade2RectLeft
0x638E630D,ShadowCascade2RectTop
0x7FB4E1BC,ShadowCascade2RectWidth
0x48A49F7A,ShadowCascade2SlopeBias
0x7E026E9C,ShadowCascade2Start
0xD6ABA7AA,ShadowCascade3RectHeight
0x5FA1AA8A,ShadowCascade3RectLeft
0xBD69CD4E,ShadowCascade3RectTop
0xD9904BFD,ShadowCascade3RectWidth
0xA28009BB,ShadowCascade3SlopeBias
0xD7DDD8DD,ShadowCascade3Start
0x203388C1,ShadowCascadeRectHeight
0xB101A9E1,ShadowCascadeRectLeft
0x7D733C4E,ShadowCascadeRectResolveType
0xB4081E9D,ShadowCascadeRectTop
0x30CF8E0E,ShadowCascadeRectWidth
0xDE2CE52E,ShadowCascadeStart
0xEACC4096,ShadowEraseFarEnd
0x62409B6F,ShadowEraseFarStart
0x75EDD64F,ShadowExponent
0xB7402B77,ShadowExponentBlurSize
0x0611DBC4,ShadowLightGroupID
0x2CEF0805,ShadowLightReferID
0x0D8D3389,ShadowLightSize
0x1838D2D3,ShadowMapOcculusionCullingEnable
0x9932C840,ShadowMaxSampleRadius
0xB077D512,ShadowMinSampleRadius
0x246B9279,ShadowOutline_fade
0x7A1C38FE,ShadowOutline_samplingType
0xAC608EF2,ShadowOutline_threshold
0xCB250F37,ShadowOutline_width
0x00C1E78E,ShadowReceiverSlopeScale
0x3B1F64B1,ShadowReceiverSlopeScaledBias
0xA3FB1464,ShadowSampleNum
0xCE55A724,ShadowSampleType
0x30647C5C,ShadowSlopeBias
0xEE798D42,ShadowSlopeBiasType
0x7CDE4451,ShadowTreeManager
0x4DC751DA,ShadowmapCubicResolution
0xE30B8EDA,ShadowmapExponentSource
0x3E757721,ShadowmapKeyLightResolution
0x6F44F29E,ShadowmapPlanarResolution
0x96E32C4A,ShadowmapType
0xB3565F94,SilhouetteFade
0x74A9D2CF,SimpleOcclusionAttenuation
0x54C2A5D3,SimpleOcclusionRadius
0x12BD9185,Sky2Controller
0x8D316B8D,Sky2Controller
0xB0EE87B8,Sky2EarthSurfaceMap
0x59633E4E,Sky2ExposureScale
0x3E0DD3F3,Sky2ExposureScaleSource
0x66BCE906,Sky2MilkyWayMap
0xF83B0CC1,Sky2MoonSurfaceMap
0xC3FEBCEB,Sky2PlaneMilkyWayRadianceScale
0x3FF9ACEC,Sky2PlaneMoonEarthShineCoeff
0xADA53A7B,Sky2PlaneMoonRadianceScale
0x997C6BBD,Sky2PlaneMoonSizeScale
0xE67B59E3,Sky2PlaneSTATableMap
0xDE73BFBA,Sky2PlaneSunRadianceScale
0x6A305E38,Sky2PlaneSunSizeScale
0x4C16B0AE,Sky2StarBlinkSpeed
0xC29843F3,Sky2StarBrightScale
0x07F77082,Sky2StarDiameterTexel
0x2E30D2C7,Sky2StarMap
0x9E690338,Sky2StarShowerMeteorIncidents
0x3625C91C,Sky2StarShowerMeteorIncidentsFade
0x3303DCAD,Sky2StarShowerPeakDe
0xAB79BFDB,Sky2StarShowerPeakRa
0x268ED81D,Sky2StarShowerShutterSpeedScale
0x8B312E46,Sky2StarShowerSpeed
0x24A7AF0F,SkyAmbient
0xABA56F34,SkyDome
0xD2440EAB,SkyDomeBrightness
0x31BAEC68,SkyDomeBrightnessEx0
0xD2CF1D1A,SkyDomeContrast
0x44EC4617,SkyDomeContrastEx0
0xB25B4066,SkyDomeDisplaysetFactory
0x371FE409,SkyDomeDisplaysetFactoryEx0
0x15BCC238,SkyDomeLightGroupID
0x72F324B5,SkyDomeLightGroupIDEx0
0x8D8E0D62,SkyDomeType
0x8FF93CDF,SkyDomeTypeEx0
0x85D730F7,SkyDomeWorldPosition
0xCF6D1E1A,SkyDomeWorldPositionEx0
0xE302BB6C,SkyDomeWorldQuaternion
0x1ED1EBCF,SkyDomeWorldQuaternionEx0
0x528FCA84,SkyDomeWorldScale
0xB206A841,SkyDomeWorldScaleEx0
0x40000000,SkyDome_CNS
0x6F07C725,SkyPlaneGlowColor
0xABB83520,SkyPlaneGlowEndAngle
0x6E7907A4,SkyPlaneGlowFade
0x4863B8C6,SkyPlaneGlowQuaternion
0xEF5E3179,SkyPlaneGlowStartAngle
0xC8026AE2,SkyPlaneGlowType
0x672C4A9F,SkyPlaneLightGroupID
0x3B81F84F,SkyRenderType
0xE599A7F7,SkylightAltitude
0x085AFFCA,SkylightAmbientDODirectivity
0x08367252,SkylightAmbientDORate
0x0B6C81F1,SkylightAmbientGgxFilterSampleNum
0xB7C47FFD,SkylightAmbientGroundAlbedo
0x30805F41,SkylightAmbientGroundLinearRoughness
0x14A874A2,SkylightAmbientGroundReflectance
0x71DE999C,SkylightAmbientGroundType
0x71003548,SkylightAmbientInterpolateSpan
0xAA84CF1C,SkylightAmbientUpdateFreq
0x2F288D0C,SkylightAmbientUpdateTrigger
0x7F2CA7D3,SkylightAttenuateAmbSaturationEndCoverage
0xC9B352AC,SkylightAttenuateAmbSaturationStartCoverage
0xBE47DAC5,SkylightAutoDateTimeStepType
0xF8D97B10,SkylightCameraLightAzimuth
0x0C3B06E3,SkylightCameraLightColorFade
0x93B62B81,SkylightCameraLightElevation
0xBBE67AED,SkylightCameraLightIntensityScale
0x00724D08,SkylightCloudLightingSunScaler
0x810B5624,SkylightCloudShadowFade
0x48457126,SkylightCloudShadowType
0x2F6A6AF9,SkylightCloudy
0x1EB4D0F0,SkylightDateTime
0xBC43E885,SkylightDependingParamFlags
0xBBF9C2AE,SkylightDependingParamFlagsHeightFogLayerColor
0xDC091E81,SkylightDependingParamsObjectNameHash
0x5E26AA91,SkylightFogBaseDistance
0xFAF89ED8,SkylightFogDistanceShrinkage
0x502747A5,SkylightFogEndHumidity
0x591F7389,SkylightFogEndStableMiePower
0xA3CFA20A,SkylightFogKeyLightScale
0xA48ECB2A,SkylightFogMaxDistanceToSky
0x2F330B61,SkylightFogMaxHeightShrinkByHeightHazy
0x96A26C16,SkylightFogMaxPowerScaleByHeightHazy
0x1F9BB007,SkylightFogMieHeight
0x85FCC148,SkylightFogMieSaturationScale
0xFCA0A34C,SkylightFogMinDensityThreshold
0xB7299006,SkylightFogRayleighEndPower
0xB3AB28E5,SkylightFogRayleighFadeinFrom
0xD07DD6B4,SkylightFogRayleighFadeinTo
0xBC6DBC69,SkylightFogRayleighHeight
0x9BFA4BC8,SkylightFogRayleighSaturationScale
0xFFC8C20D,SkylightFogRayleighStartPower
0x49E1FAAC,SkylightFogStartHumidity
0xF57EBD90,SkylightFogStartStableMiePower
0x90B9A1E5,SkylightFoggy
0xEA5C2C8D,SkylightHazy
0x53E41154,SkylightHeightHazy
0xAC082408,SkylightHumidity
0x7C1C051E,SkylightKeyLightHueScale
0x38E69314,SkylightKeyLightSaturationScale
0x97D65DD2,SkylightKeyLightSunMargin
0x7C80D02B,SkylightKeyLightTransitionSpan
0x484B95EB,SkylightKeyLightTransitionSuppresion
0x2F0FE41B,SkylightKeyLightTransitionType
0xFEEDD601,SkylightLatitude
0xBAFD141F,SkylightLocalDecayPower
0xDDE93F22,SkylightLocalDecayStart
0x4170AF46,SkylightLongitude
0xB630B446,SkylightMipFogBlendScaler
0xCD4F60F4,SkylightMipFogBlendType
0x05682AE3,SkylightMipFogMap
0x951A976E,SkylightMipFogMipDistanceScaler
0x0619C173,SkylightMipFogUseAmbientSpecular
0x085B6991,SkylightMonthDay
0xBF2E4097,SkylightMoonAge
0x3C750447,SkylightMoonColorTemperature
0xA5B5D92A,SkylightMoonLightHueSaturation
0xF3554D1D,SkylightNorthDir
0x4669C572,SkylightPrecipitation
0x063D4BE7,SkylightSTATableMap
0x1A9E1E07,SkylightScatteringFogLocalDecayEnd
0xE2D1B04E,SkylightScatteringFogLocalDecayStart
0x273D81CE,SkylightSkyClearly
0x012878DC,SkylightSkyLightingSunScaler
0x2B41FC7E,SkylightSkyOffsetElevation
0x7EB204AE,SkylightSkyResolutionType
0x65357205,SkylightSpecularOcclusionStepNum
0xECFB491E,SkylightSpecularOcclusionStepSize
0xDFC9D831,SkylightSpecularOcclusionType
0xC4DB66F5,SkylightSunLightHueSaturation
0xDF989EE1,SkylightTemperature
0xC579866B,SkylightTimeSpanPerDay
0x05D9B37C,SnowAlbedo
0xEB58F49C,SnowDeformEditTextureManager
0x2CC809B5,SnowDirFadeEnd
0x0B63E921,SnowDirFadeEndTemperature
0x7580457C,SnowDirFadeStart
0x1CA1F9E8,SnowDirFadeStartTemperature
0xC70B7CDA,SnowDropAtDistance
0x8F76570F,SnowDropDiffTrans
0x69BB5466,SnowDropFragmentMap
0xB3C04660,SnowDropFragmentSizeHeightScale
0x99CAF087,SnowDropFragmentSizeWidthScale
0xC004F588,SnowDropGlossiness
0x855D30BC,SnowDropGravityScaler
0x7A147387,SnowDropLinearRoughness
0xA4F03486,SnowDropReflectance
0x004D59E5,SnowDropRefractiveIndex
0x5D280582,SnowDropShutterSpeedScale
0x6D06DBDE,SnowDropTemperature
0x816E7E39,SnowGlossiness
0xBF853DAB,SnowHeightFadeEnd
0x36F99884,SnowHeightFadeStart
0xC8B2D3B8,SnowLinearRoughness
0x7A9B4D33,SnowMaskMap
0xCD0C4C38,SnowMaskMapOffsetX
0x68610FBA,SnowMaskMapOffsetZ
0xC2B28F45,SnowMaskMapScaleX
0x4BD65383,SnowMaskMapScaleZ
0x6E52903F,SnowNormalBlendType
0x4741CCC1,SnowNormalBlendWeight
0x17D5E679,SnowNormalBlurDepthThreshold
0xFE604992,SnowNormalBlurSamplingNum
0xC083A9AE,SnowNormalMap
0x3AB0FB73,SnowNormalMapOffsetX
0x53E2E675,SnowNormalMapOffsetZ
0x5FD2AF40,SnowNormalMapScaleX
0x2F165BFE,SnowNormalMapScaleZ
0x3EE62C16,SnowOcclusionRate
0xA5DCFDE1,SnowQuaternion
0x04C65C63,SnowRateMaskMap0
0xE4A4F87E,SnowRateMaskMap0OffsetX
0xDCA8163C,SnowRateMaskMap0OffsetZ
0xF19F9591,SnowRateMaskMap0ScaleX
0x8602C813,SnowRateMaskMap0ScaleZ
0xBB10DC59,SnowRateMaskMap0ThresholdLower
0x8E8C3AFA,SnowRateMaskMap0ThresholdUpper
0x55703A64,SnowRateMaskMap1
0x354ED67F,SnowRateMaskMap1OffsetX
0x2D51F43D,SnowRateMaskMap1OffsetZ
0x42497392,SnowRateMaskMap1ScaleX
0xD6ACA614,SnowRateMaskMap1ScaleZ
0x0BBABA5A,SnowRateMaskMap1ThresholdLower
0xDF3618FB,SnowRateMaskMap1ThresholdUpper
0x9D4AC0F9,SnowRateScale
0xAA15E08F,SnowRateTemperature
0xFF5CEC37,SnowReflectance
0x2AC6C13C,SnowUnderNormalScaler
0x395A822E,SnowUpperSculptScaler
0x1A10453D,Sorted
0xF2529CAB,Sound
0xEA08AF85,Sound
0x3CD7B66F,Sound
0x1DD86222,Sound
0xB0A14534,Sound2
0xBBD39F2D,Sound2
0x0D34474D,Sound2
0xA027E46B,Sound2
0xB097D41F,Sound2
0x4D0102AC,Sound2
0x40000000,SpecificStencil_Character
0x7C32A196,Sphere
0x2D4D9F2F,Spot
0x7D51E30D,Spot
0xE2715252,Sprite
0x5A1E7DAC,SpriteGrid
0x03576680,SpriteLineList
0xBBB90D65,SpriteText
0x9E20A442,SpriteWindow
0xBB29546E,Stack
0xF2DE126F,StageColorTable
0x87454A68,StarAttenuation
0xA7C1A130,StarInclination
0xDF73CE78,StarLength
0x1951CDF3,StarLines
0x721A508A,StarWeight
0xC93A4354,StarsBlinkSpeed
0xDB0B67E0,StarsBlurWeight
0xA8C2CDB6,StarsBrightnessScaler0
0xF2F466F7,StarsBrightnessScaler1
0x3D260038,StarsBrightnessScaler2
0x87579979,StarsBrightnessScaler3
0x5250E979,StarsDrawNumScaler0
0x39F2BFD8,StarsDrawNumScaler1
0x21949637,StarsDrawNumScaler2
0x09366C96,StarsDrawNumScaler3
0xBBF935AB,StarsMap0
0xB042A6CA,StarsMap1
0xA48C17E9,StarsMap2
0x98D58908,StarsMap3
0x89DE7D19,StarsScale0
0x91902278,StarsScale1
0x9941C7D7,StarsScale2
0xA0F36D36,StarsScale3
0xCDB2EA57,StarsTransparency0
0x9B5D4C18,StarsTransparency1
0x6907ADD9,StarsTransparency2
0x36B20F9A,StarsTransparency3
0x7DEA6A3A,Static
0x5B2970FC,Static
0x8FC8EDA2,Static
0x0B9F05CD,StaticAttachUtil
0x8F1100E5,StaticAttachUtil
0x2448284C,StaticBlendMapPlacement
0x750A3670,StaticGrass
0x83F5B40D,StaticNature
0x63336873,StaticScreenLayout
0x48570415,StaticScreenLayout
0xF3DDB690,StaticScreenLayoutListView
0x1081C881,StaticScreenLayoutScrollView
0xF20DE437,StaticScreenLayoutTexInfoFile
0x79991E79,StaticScreenLayoutTextures
0x215594C2,StaticScreenLayoutViewMask
0x1AA5B65E,StaticSky2AtmoTable
0x56549D94,StatisticalOcean
0x124256BC,StatisticalOceanAlbedo
0x80DBF720,StatisticalOceanAmplitude
0xEE77E8CC,StatisticalOceanBubbleDepth
0x0049CA15,StatisticalOceanBubbleLifeSpan
0xEC1E2493,StatisticalOceanBubbleMap
0x01C9318A,StatisticalOceanBubblePower
0x1CAFF81F,StatisticalOceanBubbleReflectanceMap
0xA0A3A0A2,StatisticalOceanBubbleShoalingScale
0x15C07D0F,StatisticalOceanBubbleSpawnInterval
0x441989FE,StatisticalOceanBubbleSpawnScale
0xDBA15F32,StatisticalOceanBubbleSpeedScale
0x1531E846,StatisticalOceanBubbleTextureScaleX
0xFDB05904,StatisticalOceanBubbleTextureScaleZ
0x6572ADC1,StatisticalOceanChoppyFactor
0x021BEB2F,StatisticalOceanCrestLightIntensity
0x981D6629,StatisticalOceanDiffuseTransparency
0x75D61C5A,StatisticalOceanEnableBackfaceCulling
0x0CAE2711,StatisticalOceanFlatDistance
0x49B3EDF9,StatisticalOceanGlossiness
0x53482AAF,StatisticalOceanGradationTime
0x9E838FF5,StatisticalOceanGravity
0x801E0DAE,StatisticalOceanHeightMap
0x3FEE7F84,StatisticalOceanHeightMapTextureOffsetX
0xEE2A6142,StatisticalOceanHeightMapTextureOffsetZ
0x42AA9697,StatisticalOceanHeightMapTextureScaleX
0xD4AC8519,StatisticalOceanHeightMapTextureScaleZ
0x59F8DBFF,StatisticalOceanHorizonalDiffuse
0xB258D1A7,StatisticalOceanLightGroupID
0x65480231,StatisticalOceanNormalMapNoiseSizeX
0x4DC672EF,StatisticalOceanNormalMapNoiseSizeZ
0xBE5655A1,StatisticalOceanNormalTextureScaleX
0xA6D4C65F,StatisticalOceanNormalTextureScaleZ
0xC2D3BBFD,StatisticalOceanPresetID
0xC1C8E6FE,StatisticalOceanRampAmbientSpecularFade
0xAE3D3C2D,StatisticalOceanRampAmbientSpecularIntensity
0xC363C923,StatisticalOceanRampIndex
0x45AFFDE4,StatisticalOceanRampSpecularFresnelBias
0x20E419DC,StatisticalOceanRampSpecularFresnelSamplingNum
0x3D3E03A2,StatisticalOceanReflectMap
0xC2674EF7,StatisticalOceanReflectance
0xFE8FC87B,StatisticalOceanReflectionIntensity
0x062B6A17,StatisticalOceanReflectionTremor
0x511CF646,StatisticalOceanRefractionIndex
0x2BF6DC8A,StatisticalOceanRefractionTransparencyHalfReductionLength
0x2325C4B7,StatisticalOceanRippleFrequency
0x364E321C,StatisticalOceanRippleLifetime
0xE2FAA025,StatisticalOceanRippleRadius
0xF1CFE609,StatisticalOceanRippleScale
0xA9454643,StatisticalOceanRippleTessellationFactor
0xA204F9D8,StatisticalOceanRippleTexture
0x2C67E963,StatisticalOceanRippleWindScaler
0x45FBF1B3,StatisticalOceanRoughness
0x3C645EC4,StatisticalOceanScatteringColor
0xAD554BE2,StatisticalOceanScatteringPower
0x43F3FC76,StatisticalOceanShaderAccessory
0xE2A4B436,StatisticalOceanShoalingScale
0x0838B36F,StatisticalOceanSmallWavesSupressLength
0x234761C6,StatisticalOceanSpecular
0x57B59EEC,StatisticalOceanSpecularDecay
0x688F19F4,StatisticalOceanSurfaceDiffuseMax
0x9CEFD8E8,StatisticalOceanSurfaceEffectFovScale
0x8E4803B2,StatisticalOceanSurfaceMap
0xA9C5CA88,StatisticalOceanSurfaceTextureAScaler
0xB9D94E9C,StatisticalOceanSurfaceTextureRGBScaler
0x87ACB65F,StatisticalOceanSurfaceTextureScaleX
0xAEFC5D61,StatisticalOceanSurfaceTextureScaleZ
0x9BF3DC42,StatisticalOceanSurfaceTextureSpeedX
0xC3438344,StatisticalOceanSurfaceTextureSpeedZ
0xAE5641C9,StatisticalOceanSurfaceWaterLevel
0x9970EAA6,StatisticalOceanSurfaceWindX
0xEC10B3A8,StatisticalOceanSurfaceWindZ
0xD1D1D5F2,StatisticalOceanTextureWaveAmplitude
0xF80A0E7E,StatisticalOceanTextureWaveDirectX
0xC5BB8E00,StatisticalOceanTextureWaveDirectZ
0xD1ED31F5,StatisticalOceanTextureWaveKurtosis
0x1FE84309,StatisticalOceanTextureWaveLength
0xA4518EB9,StatisticalOceanTextureWaveScale
0x2F8555ED,StatisticalOceanTextureWaveScatter
0xC98FEBB6,StatisticalOceanTextureWaveSpeed
0x4760B235,StatisticalOceanTextureWaveWidth
0x08839AF7,StatisticalOceanVerticalDiffuse
0x47F7A169,StatisticalOceanWaveAndBubbleMaskMap
0x6CC7F804,StatisticalOceanWaveAndBubbleMaskMapID
0x77329FD6,StatisticalOceanWaveAndBubbleMaskTextureScaleX
0x6226EC58,StatisticalOceanWaveAndBubbleMaskTextureScaleZ
0xADBA7046,StatisticalOceanWaveHeightFadingSpan
0xBDFB53D9,StatisticalOceanWaveHeightScale
0x660EC2ED,StatisticalOceanWaveInnerBubbleAlphaThreshold
0x9AFCC537,StatisticalOceanWaveInnerBubbleAnimationSpeed
0x15BD6C83,StatisticalOceanWaveInnerBubbleBanishingScale
0xB3844C28,StatisticalOceanWaveInnerBubbleBeginPhase
0x7381211D,StatisticalOceanWaveInnerBubbleColor
0x297AE57C,StatisticalOceanWaveInnerBubbleColorA
0x34BFB80B,StatisticalOceanWaveInnerBubbleFadingScale
0xF3366A84,StatisticalOceanWaveInnerBubbleGlossiness
0x59701814,StatisticalOceanWaveInnerBubbleLength
0x0EB7E46B,StatisticalOceanWaveInnerBubbleMaskFadingSpan
0xABF25638,StatisticalOceanWaveInnerBubbleMaskScale
0x5A17F7BE,StatisticalOceanWaveInnerBubbleNormalThreshold
0x20112DC6,StatisticalOceanWaveInnerBubbleReflectance
0x77833B8A,StatisticalOceanWaveInnerBubbleRoughness
0x9640D383,StatisticalOceanWaveInnerBubbleTextureScaleX
0xCB825885,StatisticalOceanWaveInnerBubbleTextureScaleZ
0x0FB8D01F,StatisticalOceanWaveInnerBubbleWaterTransparencyDampScale
0x5512AD40,StatisticalOceanWaveMap
0x848AB4F6,StatisticalOceanWaveShoreBubbleAlphaThreshold
0xB978B740,StatisticalOceanWaveShoreBubbleAnimationSpeed
0x34395E8C,StatisticalOceanWaveShoreBubbleBanishingScale
0x91FD1326,StatisticalOceanWaveShoreBubbleColor
0x47F6D785,StatisticalOceanWaveShoreBubbleColorA
0x9B97B076,StatisticalOceanWaveShoreBubbleDisplacementScale
0x11B25C8D,StatisticalOceanWaveShoreBubbleGlossiness
0xDC68EB9B,StatisticalOceanWaveShoreBubbleGlossinessDumping
0xF1A4F366,StatisticalOceanWaveShoreBubbleNormalScale
0x7893E9C7,StatisticalOceanWaveShoreBubbleNormalThreshold
0x3E8D1FCF,StatisticalOceanWaveShoreBubbleReflectance
0x95FF2D93,StatisticalOceanWaveShoreBubbleRoughness
0x2E34C228,StatisticalOceanWaveShoreBubbleWaterTransparencyDampScale
0xF10226B6,StatisticalOceanWaveSurfaceBubbleAlphaThreshold
0xA278BE80,StatisticalOceanWaveSurfaceBubbleAnimationSpeed
0x6FACC2CC,StatisticalOceanWaveSurfaceBubbleBanishingScale
0xB73A4D31,StatisticalOceanWaveSurfaceBubbleBeginPhase
0x6B55B8E6,StatisticalOceanWaveSurfaceBubbleColor
0x89EFE185,StatisticalOceanWaveSurfaceBubbleColorA
0xD74A4C54,StatisticalOceanWaveSurfaceBubbleFadingScale
0xD2DE448D,StatisticalOceanWaveSurfaceBubbleGlossiness
0x9162CE1D,StatisticalOceanWaveSurfaceBubbleLength
0x13E8E0B4,StatisticalOceanWaveSurfaceBubbleMaskFadingSpan
0x4C4E1341,StatisticalOceanWaveSurfaceBubbleMaskScale
0x07916B47,StatisticalOceanWaveSurfaceBubbleNormalThreshold
0x34153F4F,StatisticalOceanWaveSurfaceBubbleReflectance
0x773AEC13,StatisticalOceanWaveSurfaceBubbleRoughness
0xDCF269CC,StatisticalOceanWaveSurfaceBubbleTextureScaleX
0xC7E6B64E,StatisticalOceanWaveSurfaceBubbleTextureScaleZ
0xD85DAF68,StatisticalOceanWaveSurfaceBubbleWaterTransparencyDampScale
0x0399C1B3,StatisticalOceanWaveTextureScaleX
0x7DD949F1,StatisticalOceanWaveTextureScaleZ
0xDED9EC46,StatisticalRiver
0xCBEE3764,StatisticalRiverNode
0x3BC0342D,StreamWaterRiver
0xE1EC7282,StreamWaterRiver
0xCF00BDA0,StreamWaterRiverNode
0x7C39222B,StudioKtidFilePathBasedTextures
0xC932874E,SubShadowMinSampleRadius
0xD3CC2BF3,SubShadowSlopeBias1
0xBB6E0252,SubShadowSlopeBias2
0xA30FD8B1,SubShadowSlopeBias3
0x8AB1AF10,SubShadowSlopeBias4
0x32CD5688,SubShadowmapResolution
0xBD2AFF5B,SuperSamplingEnable
0x89E8907D,SuperSamplingResolutionRatio
0x5C3E543C,SwingData
0xAF57014D,TaskGraph
0x4043B203,TerrainDeformBufferRange
0x1551999A,TerrainDeformBufferResolution
0x4C60F3A3,TerrainDeformHeightMax
0x9A9ECC11,TerrainDeformHeightMin
0x1E2A590A,TerrainDeformMax
0x4A7CE4F7,TerrainDepthPrePassEnable
0x62BFECF7,TerrainTerrain2DetailZ
0x0B92E124,TerrainTerrain2FarEndZ
0x0CC758FD,TerrainTerrain2FarStartZ
0x60689F57,TerrainTessellationDistanceAdaptRate
0xB41A53CE,TerrainTessellationDivisionFactor
0x0722AE63,TerrainTessellationMaxDistance
0x6B725AE3,TerrainTessellationScreenDisplacementFadeX
0x50B3C9A4,TerrainTessellationScreenDisplacementFadeY
0xED410290,TexStageTableBinaryFile
0x757347E0,TexStageTableBinaryFile
0x82945A44,TexStageTableBinaryFile
0x09F32924,TextureArrayInfo
0x8E39AA37,TextureBindTableBinaryFile
0xA0CAEA93,TextureFillBlendRate
0x2999DE3D,TextureFillFadeFar
0x3EF14F3E,TextureFillFadeNear
0x524C52BF,TextureFillHeightMax
0x272E4ADC,TextureFillHeightMaxColor
0x11616EAD,TextureFillHeightMin
0xE64366CA,TextureFillHeightMinColor
0x3059B9C3,Textures
0x5692BB6E,ThinSurfaceBSDFDepthFilterType
0xA29E490D,ThinSurfaceBSDFResolution
0xFE6A8CD0,ThinSurfaceBSDF_localLightTranslucencyFade
0x4BDA8545,ThinSurfaceBSDF_translucencyFade
0x70E21C81,ThreeDimensionalDecalBscAbstract00FiMap
0x4BA09E69,ThreeDimensionalDecalBscAbstract19FiMap
0x625D783E,ThreeDimensionalDecalGradientNoiseRidgeFiMap
0xCB3CAFB8,ThreeDimensionalDecalGradientNoisefBmFiMap
0x069455B9,ThreeDimensionalDecalNoDataNoiseMap
0x9773131B,ThreePoints
0xDCC14DE8,TimeOfDay
0x06E8AAE8,ToonEdge2Color
0x4E12FF39,ToonEdge2Thickness
0xE257C8DC,Tree2WindScaler
0xC741728A,TreeWind
0xA9B3C11E,TriangleList
0x63BA13CD,Triangles
0x0118E31A,TrianglesEx
0x4C025415,UltraMarineAlbedoMap
0x2DD4C0AA,UltraMarineAtDistance
0xE3A34D75,UltraMarineBakedWaveAreaTargetSize
0xCDF010BF,UltraMarineBakedWaveLengthRange
0xF52940A9,UltraMarineBaseDepthCamera
0x35FA5217,UltraMarineBaseDepthOffset
0x8A7EE7F2,UltraMarineBubbleAlphaBlendMethod
0x158BC40E,UltraMarineBubbleCutoffCoefficient
0x18439A84,UltraMarineBubbleCutoffThreshold
0xE9E87932,UltraMarineBubbleGlobalBase
0x5E37F262,UltraMarineBubbleMap
0x4EFA8543,UltraMarineBubbleMapPeriod
0xA9B7C743,UltraMarineBubbleMapSize
0xD4F58958,UltraMarineBubbleMinShadow
0x76195DEC,UltraMarineBubbleShadowAlphaScaler
0x6A331CC4,UltraMarineCausticsCutoff
0xC9E512D7,UltraMarineCausticsDepthRange
0x9070FAED,UltraMarineCausticsMap
0x5ADA598E,UltraMarineCausticsMapPeriod
0xFB4F1B8E,UltraMarineCausticsMapSize
0x154FA212,UltraMarineCausticsMapVelocityX
0x25B021D0,UltraMarineCausticsMapVelocityZ
0x2C19827A,UltraMarineCausticsOcclusionApplyScale
0x0F70B2D9,UltraMarineCausticsPowerRange
0x07E0DDDB,UltraMarineCausticsScale
0x3FE7D00F,UltraMarineCausticsScatterRate
0x6E01E474,UltraMarineChoppyFactor
0x6C3541C5,UltraMarineCrestLengthScale
0x8D18D851,UltraMarineCrestLightTransScale
0xFB3C94FD,UltraMarineDetailMap
0xAA15FABF,UltraMarineDetailMapCompress
0x43834F03,UltraMarineDetailMapDisplaceAngle
0x8B6338A0,UltraMarineDetailMapFadeCoeff
0xEBFF27DE,UltraMarineDetailMapPeriod
0x46BC69DE,UltraMarineDetailMapSize
0x5D0ADB3E,UltraMarineDetailNoiseMapPeriod
0xBA9D4C81,UltraMarineDetailNoiseRotateCoefficient
0xBF22555C,UltraMarineDetailNoiseStrength
0x986A1CF0,UltraMarineDiffusionSpeed
0x262A51CB,UltraMarineDiffusionSpeedByFlow
0xC8B7FA3B,UltraMarineEnableBackfaceCulling
0x6EDBA440,UltraMarineFarBubbleCoefficient
0x902A518A,UltraMarineFarBubbleThreshold
0x797FD6D4,UltraMarineFarCoefficient
0x33244E61,UltraMarineFarCutoffCoefficient
0x5472FBAB,UltraMarineFarCutoffThreshold
0xCD4237C5,UltraMarineFarDetailCoefficient
0xE12352BE,UltraMarineFarDetailMap
0xD209463D,UltraMarineFarDetailMapSize
0xFE33309B,UltraMarineFarDetailPeriod
0xEDEB5459,UltraMarineFarRoughness
0xB184C39E,UltraMarineFarThreshold
0x237CFF78,UltraMarineFoamBubbleAlbedo
0x61338C2B,UltraMarineFoamBubbleDiffuseTransparency
0x0D900BD8,UltraMarineFoamBubbleHalfDecay
0x9C38DEBC,UltraMarineFoamBubbleLinearRoughness
0x7B58B82D,UltraMarineFoamBubbleMap
0xA731348E,UltraMarineFoamBubbleMapSize
0x8060F41D,UltraMarineFoamBubbleReflectance
0xD65B979B,UltraMarineFoamBubbleScale
0x041317C7,UltraMarineFrustumModelLODPower
0xF21FC6C4,UltraMarineFrustumModelLODPowerFarLength
0x359E82BF,UltraMarineFrustumModelLODPowerNear
0x96305079,UltraMarineFrustumModelLODPowerNearLength
0xB59F129D,UltraMarineFrustumModelMargin
0xB6F68B1C,UltraMarineFrustumModelPadding
0xEC137077,UltraMarineFrustumModelSliceNum
0x2834DE6D,UltraMarineFrustumModelStackNum
0x8A9D05DF,UltraMarineGlobalAmplitudeIntensity
0xCF10CAF5,UltraMarineGlobalAreaCutoff
0xCED4D284,UltraMarineGlobalHeightMap
0xFF53DE37,UltraMarineGlobalHeightMapOffset
0x667FBAA5,UltraMarineGlobalHeightMapSize
0x49C6F35A,UltraMarineGlobalWindIntensity
0x27FEC06C,UltraMarineIgniteByFlowTimespan
0x7D931ABB,UltraMarineIgniteIntensity
0xA7D98140,UltraMarineIgniteIntensityByFlow
0x27A14036,UltraMarineIgniteRadius
0x9A0EEFD1,UltraMarineIgniteRadiusByFlow
0x25B65DF5,UltraMarineInshoreAnimationPeriod
0xEC7C0FE8,UltraMarineInshoreAreaSize
0x31FFA15E,UltraMarineInshoreMap
0x90B0A8B0,UltraMarineInshoreScale
0xE4902B34,UltraMarineInshoreScaleMax
0xAD922EDA,UltraMarineInshoreVoronoiAreaSize
0xE703B2EE,UltraMarineInshoreVoronoiDispersionScale
0x275A64F3,UltraMarineInshoreVoronoiThreshold
0x366268CE,UltraMarineLightGroupID
0x0A60CF5E,UltraMarineLocalWaveDiffusiveEnable
0x51C0EED8,UltraMarineLocalWaveSpawnRange
0xB6AFD692,UltraMarineLocalWindIntensity
0xDE6CA502,UltraMarineMaskMap
0x18411C7F,UltraMarineNormalFoldCoefficient
0x44AC0685,UltraMarineNormalFoldLimit
0x20C81875,UltraMarineNormalFoldThreshold
0x1A29A3ED,UltraMarineNormalMapNoise
0x777B02C2,UltraMarineNormalTransformCoefficient
0x4484903E,UltraMarineNormalTransformRangeMax
0x2493B622,UltraMarineNormalTransformRangeMid
0x290B33AC,UltraMarineNormalTransformRangeMin
0x0B396FEE,UltraMarineNormalTransformValueMid
0x22E67655,UltraMarinePatternedWaveAnimationPeriod
0x676DA608,UltraMarinePatternedWaveAreaSize
0x2EDEDF8F,UltraMarinePatternedWaveDampThreshold
0xACACB283,UltraMarinePatternedWaveDirect
0x085FC6FE,UltraMarinePatternedWaveMap
0x1BAE88D0,UltraMarinePatternedWaveScale
0xFD1B1854,UltraMarinePatternedWaveScaleMax
0x8E8C0FE5,UltraMarinePatternedWaveWindRange
0xAA165BCD,UltraMarinePelagusVoronoiAreaSize
0xE387DFE1,UltraMarinePelagusVoronoiDispersionScale
0x23DE91E6,UltraMarinePelagusVoronoiThreshold
0xDAC85D82,UltraMarineReflectanceMap
0x14A4D580,UltraMarineRepellentCoefficient
0x427BDC07,UltraMarineRiffleAnimationPeriod
0xEE0E9FB4,UltraMarineRiffleAreaSize
0xADA0D799,UltraMarineRiffleDirect
0x9DB8077E,UltraMarineRiffleMap
0x87FFCDEC,UltraMarineRiffleScale
0x48A3EAE8,UltraMarineRiffleScaleMax
0x4F1FDA82,UltraMarineRiffleVoronoiAreaSize
0xF62383EE,UltraMarineRiffleVoronoiDispersionScale
0x8CDBFD49,UltraMarineRiffleVoronoiThreshold
0x0C1885BB,UltraMarineRipBubbleMap
0x8EDAFB3A,UltraMarineRipBubbleMapPeriod
0xFCFE793A,UltraMarineRipBubbleMapSize
0x7EA1EF00,UltraMarineRuntimeGlobalWaveDepthRange
0x8EAA1FEF,UltraMarineRuntimeGlobalWaveLengthRange
0x02A2180F,UltraMarineRuntimeLocalWaveDuffeseVelosityScale
0x566E353D,UltraMarineRuntimeLocalWaveLengthRange
0x2B642FD3,UltraMarineShallowTransCoefficient
0x2E1C0649,UltraMarineShallowTransThreshold
0xF8FBCBFE,UltraMarineShallowTransparency
0xD577B0E8,UltraMarineShoreBubbleColor
0x388C7BD1,UltraMarineShoreBubbleDiffuseTransparency
0x17BFF1C4,UltraMarineShoreBubbleHalfDecay
0x5E317B60,UltraMarineShoreBubbleLinearRoughness
0xFF0C121F,UltraMarineShoreBubbleReflectance
0x57EC0AF7,UltraMarineSurfBubbleAlbedo
0x95A297AA,UltraMarineSurfBubbleDiffuseTransparency
0x41FF1757,UltraMarineSurfBubbleHalfDecay
0xD0A7EA3B,UltraMarineSurfBubbleLinearRoughness
0xB4CFFF9C,UltraMarineSurfBubbleReflectance
0x225C8D6C,UltraMarineUniqueWindIntensity
0x5ECB2159,UltraMarineUseBakeWaveMargin
0x99F06908,UltraMarineVoronoiMap
0x9A3936A9,UltraMarineWaveCausticsChoppy
0xD6406F62,UltraMarineWaveCausticsScale
0x70CFCC5A,UltraMarineWaveCausticsShift
0x8B614063,UltraMarineWetCoefficient
0x85341DE5,UltraMarineWetCutoff
0x16829425,UltraMarineWetFadeTarget
0x6A50496B,UltraMarineWetPorousAlbedo
0x1278AC26,UltraMarineWetPorousReflectance
0xC3662D2D,UltraMarineWetThreshold
0x7DF01918,UltraMarineWetTopCoefficient
0x830F800E,UltraMarineWetTopThreshold
0xF45B3C65,UltramarineBubbleOutlineDepth
0x46CF9F44,UltramarineCausticsAngle
0xE2432CF3,UltramarineDetailMapScale
0x9610A22B,UltramarineFarBubbleScale
0xFF5C1CE7,UltramarineIgniteProfileScale
0x765D4472,UltramarineIgniteProfileSize
0x11388A54,UltramarineInshoreDecayDeep
0x9DD88CD4,UltramarineInshoreDecayShallow
0x40000001,UltramarineRenderHeight
0x20252988,UltramarineRiffleDecayShallow
0x00554400,UnchartedArea2D
0xB143860B,Updater
0x40000000,UpscaleDepth
0x9187D19D,VertexController
0xE09D74FF,VideoFrames
0xEDDA84F3,VideoMemoryKeeper
0x0D5C9907,VideoStreamset
0x97AF26FD,View
0xB5EA88F0,ViewParam
0xB64B4694,VirtualShadowmapForceMapMipNum
0x4047E174,VirtualShadowmapKeyLightResolution
0x7269D49B,VolumetricCloudAltitude
0x10FCBAA5,VolumetricCloudBaseErodeScale
0xAF3EA2A7,VolumetricCloudBaseMipLevelDistance
0x0078B6B3,VolumetricCloudBaseMipLevelStartDistance
0x2C9DAE3E,VolumetricCloudBaseSamplingScaleFactor
0xEECC5E46,VolumetricCloudBaseTexOffset
0xB343A1B4,VolumetricCloudBaseTexSize
0x3B68CC4C,VolumetricCloudBaseTexSpeed
0x25D30EB7,VolumetricCloudCirrusAltitude
0x311353E1,VolumetricCloudCirrusBlendWithoutCloudAerialPerspective
0x1D34957A,VolumetricCloudCirrusDistortScale
0x0EB2E27C,VolumetricCloudCirrusDistortTexSize
0xF85822E4,VolumetricCloudCirrusDistortTexSpeed
0x1F6079BC,VolumetricCloudCirrusEndCoverage
0x14618EEC,VolumetricCloudCirrusEndDensity
0x8997E075,VolumetricCloudCirrusMap
0x06DA86C3,VolumetricCloudCirrusStartCoverage
0xBFEB0FF3,VolumetricCloudCirrusStartDensity
0xCE543121,VolumetricCloudCirrusTexSize
0xE1D915B9,VolumetricCloudCirrusTexSpeed
0xEBD6415F,VolumetricCloudCirrusType
0xCC4B63E9,VolumetricCloudDetailErodeFadeStart
0xD54F1225,VolumetricCloudDetailErodeScale
0xEAB701A7,VolumetricCloudDetailMipLevelDistance
0xD5BC42B3,VolumetricCloudDetailMipLevelStartDistance
0x8C81837E,VolumetricCloudDetailSamplingScaleFactor
0x7DC45186,VolumetricCloudDetailTexOffset
0x8C8CCA68,VolumetricCloudDetailTexSizeMaxCoverage
0xE1F08DBA,VolumetricCloudDetailTexSizeMinCoverage
0xEC741B98,VolumetricCloudDetailTexSpeedMaxCoverage
0x4388C286,VolumetricCloudDetailTexSpeedMinCoverage
0xE424964D,VolumetricCloudDistortMipLevelDistance
0x59C776C1,VolumetricCloudDistortMipLevelStartDistance
0x581C699E,VolumetricCloudDistortScale
0xB2C1424E,VolumetricCloudDistortTexOffset
0xA5912020,VolumetricCloudDistortTexSize
0x02A8CE88,VolumetricCloudDistortTexSpeed
0x8D15E090,VolumetricCloudEndDensity
0xC7CB0B89,VolumetricCloudGodRayDecay
0xA78F7EB7,VolumetricCloudGodRayDensity
0x5C050D0B,VolumetricCloudGodRaySampleNum
0xC18C1355,VolumetricCloudGodRayType
0xBE086657,VolumetricCloudGodRayWeight
0x1AFCC9EB,VolumetricCloudGodrayCloudCoverageConstantPower
0x5155FCDB,VolumetricCloudGodrayCloudCoverageFactor
0xF0A9977E,VolumetricCloudGodrayExtinctByCloudMaxRaySampleNum
0x2134D3EC,VolumetricCloudGodrayExtinctByCloudMinRaySampleNum
0x81699D16,VolumetricCloudGodrayLowerDecay
0x3A79DDC7,VolumetricCloudGodrayMinLength
0xBE7771FF,VolumetricCloudGodraySunElevationConstantPower
0xAFB4210F,VolumetricCloudGodraySunElevationFactor
0x7BD77437,VolumetricCloudGodrayUpperDecay
0xC174E76E,VolumetricCloudHalfBayerGodRayStencilTestEnable
0xAF0D5A27,VolumetricCloudHgBlendWeight
0x90D6FF06,VolumetricCloudHgEccentricity0
0xA5BFC747,VolumetricCloudHgEccentricity1
0xB192FD43,VolumetricCloudHgPower
0x1475C0DA,VolumetricCloudHighLayerFadeEndHumidity
0xE7149CB3,VolumetricCloudHighLayerFadeStartHumidity
0x8C1761AF,VolumetricCloudLayeredAltitude
0x22617C65,VolumetricCloudLayeredBaseErodeScale
0x85ECFAAC,VolumetricCloudLayeredBaseSamplingScaleFactor
0xA1E1B1A4,VolumetricCloudLayeredBaseTexOffset
0xCB0A5676,VolumetricCloudLayeredBaseTexSize
0x5E5490DE,VolumetricCloudLayeredBaseTexSpeed
0xB4A5B4E5,VolumetricCloudLayeredDetailErodeScale
0x54ED9664,VolumetricCloudLayeredDetailTexOffset
0xD6F7BB42,VolumetricCloudLayeredDetailTexSizeMaxCoverage
0x0782F7B0,VolumetricCloudLayeredDetailTexSizeMinCoverage
0xCE9BB412,VolumetricCloudLayeredDetailTexSpeedMaxCoverage
0xAF780564,VolumetricCloudLayeredDetailTexSpeedMinCoverage
0x80E6B34C,VolumetricCloudLayeredDistortScale
0x0E6DB49C,VolumetricCloudLayeredDistortTexOffset
0xBF32068A,VolumetricCloudLayeredDistortTexSize
0x0A34D322,VolumetricCloudLayeredDistortTexSpeed
0x6F58E81A,VolumetricCloudLayeredEndDensity
0xF223DBB8,VolumetricCloudLayeredLowLayerFadeEndHumidity
0xA21AB0D1,VolumetricCloudLayeredLowLayerFadeStartHumidity
0xCDD939BF,VolumetricCloudLayeredMaskTexOffset
0xF701DE91,VolumetricCloudLayeredMaskTexSize
0x8A4C18F9,VolumetricCloudLayeredMaskTexSpeed
0x8F5B754E,VolumetricCloudLayeredMaskThreshold
0x12CA63A1,VolumetricCloudLayeredMaxCoverage
0xFA2E8D00,VolumetricCloudLayeredMaxDetailTexSize
0x8FB09398,VolumetricCloudLayeredMaxDetailTexSpeed
0xA8310A0F,VolumetricCloudLayeredMaxType
0x248E6AC6,VolumetricCloudLayeredMaxWetness
0x0933B5D2,VolumetricCloudLayeredMinDetailTexSize
0x9EB5BC6A,VolumetricCloudLayeredMinDetailTexSpeed
0xB73632E1,VolumetricCloudLayeredMinType
0x33939398,VolumetricCloudLayeredMinWetness
0x34FF87F3,VolumetricCloudLayeredStartDensity
0x7DC29FD9,VolumetricCloudLayeredThickness
0x098FCE45,VolumetricCloudLayeredWetnessStartHumidity
0x8641A419,VolumetricCloudLightGroupID
0x5205A6FC,VolumetricCloudLightingDistance
0x0808750D,VolumetricCloudLightingSampleNum
0x2FB5219A,VolumetricCloudLowCostLevel
0x1474A2B2,VolumetricCloudLowLayerFadeEndHumidity
0x550E67B9,VolumetricCloudLowLayerFadeStartHumidity
0x69AAA64D,VolumetricCloudMaskMap
0xF94EB186,VolumetricCloudMaskOnLighting
0xD3E3EE8B,VolumetricCloudMaskTexOffset
0x985B31F9,VolumetricCloudMaskTexSize
0x8AF919EB,VolumetricCloudMaskTexSliceID
0x20805C91,VolumetricCloudMaskTexSpeed
0x280905DC,VolumetricCloudMaskThreshold
0x6C473EE9,VolumetricCloudMaxCoverage
0x8EAF526A,VolumetricCloudMaxDetailTexSize
0x049506D2,VolumetricCloudMaxDetailTexSpeed
0x91558673,VolumetricCloudMaxRaySampleNum
0x7A72D83B,VolumetricCloudMaxType
0x8E2AC764,VolumetricCloudMaxWetness
0xAA9691D8,VolumetricCloudMinDetailTexSize
0x207C4640,VolumetricCloudMinDetailTexSpeed
0xAD3CC5E1,VolumetricCloudMinRaySampleNum
0x965A17A9,VolumetricCloudMinType
0xAA1206D2,VolumetricCloudMinWetness
0x766DEF8F,VolumetricCloudMultiLayerBlendMotionVector
0x4260B9DB,VolumetricCloudNoiseMap
0xA1EDF48B,VolumetricCloudPowderEffectScaler
0x1DE03B18,VolumetricCloudReprojectionBlendWeightCurrentFrame
0x58804691,VolumetricCloudResolution
0x79FA72D7,VolumetricCloudStartDensity
0x6D91D1B1,VolumetricCloudThickness
0x12B4C4C5,VolumetricCloudWetnessStartHumidity
0x17E647F2,VolumetricFogAltitude
0xC68B75CE,VolumetricFogCamRalativeHeightAttRange
0xC42ADEB3,VolumetricFogCamRalativeHeightAttStart
0x91731F57,VolumetricFogCamRalativeHeightAttType
0xEA6BB540,VolumetricFogCustomSMBiasForShadowBiasAccessory
0x591E159D,VolumetricFogCustomSMResolution
0xF0AA498D,VolumetricFogCustomSMSlopeBias
0x341290E4,VolumetricFogDustQuaternion
0x364B30CC,VolumetricFogDustScale
0x340D3609,VolumetricFogDustSpeed
0x2887D3DE,VolumetricFogDustWindFade
0xA45C7140,VolumetricFogFarDistance
0xE5156FC4,VolumetricFogKeyLightG
0x3E65F1B1,VolumetricFogKeyLightScatterScale
0xD50C34B3,VolumetricFogKeyLightShadowmapType
0x93C0905C,VolumetricFogLPVScale
0x2474963D,VolumetricFogLocalLightScatterScale
0xE0560B85,VolumetricFogMSShadowInjection
0x8A5737C0,VolumetricFogResolutionX
0x92B7D1C2,VolumetricFogResolutionZ
0x5E98C728,VolumetricFogScatterScale
0x62B80C23,VolumetricFogTemporalFactor
0x0E96FB5B,VolumetricFogWarmupFrameNum
0x8B00A8F5,WDOSSTEnable
0x7E923068,WDOSSTEraseFarEnd
0xF6068B41,WDOSSTEraseFarStart
0x25127D50,WDOSSTStart
0x75B4AA5B,WaterBubbleDensityScale
0x4323F831,WaterBubbleDensityThicknessRate
0x07312693,WaterBubbleDepthOffset
0x33A831F6,WaterBubbleDepthScale
0x6907AECB,WaterBubbleEdgeThreshold
0x8D908B53,WaterBubbleEdgeTransCoefficient
0xD923A0AC,Weather
0x37A3D1D3,Weathering_dirtAParamAlb
0xF9BDE0BD,Weathering_dirtAParamEmi
0x3430A149,Weathering_dirtAParamGlsA
0xC2E86A92,Weathering_dirtAParamNmlW
0xC4C1BDB1,Weathering_dirtAParamNmlX
0xC69B10D0,Weathering_dirtAParamNmlY
0xC87463EF,Weathering_dirtAParamNmlZ
0x86191A79,Weathering_dirtAParamOccR
0xDEF6C2D3,Weathering_dirtAParamRflA
0xFE6547E2,Weathering_dirtAParamRflR
0x884DAFD4,Weathering_dirtBParamAlb
0x4A67BEBE,Weathering_dirtBParamEmi
0x84DA7F4A,Weathering_dirtBParamGlsA
0x13924893,Weathering_dirtBParamNmlW
0x156B9BB2,Weathering_dirtBParamNmlX
0x1744EED1,Weathering_dirtBParamNmlY
0x191E41F0,Weathering_dirtBParamNmlZ
0xD6C2F87A,Weathering_dirtBParamOccR
0x2FA0A0D4,Weathering_dirtBParamRflA
0x4F0F25E3,Weathering_dirtBParamRflR
0xDDB914C3,Weathering_dirtGParamEmi
0xA6E39E98,Weathering_dirtGParamNmlW
0xA8BCF1B7,Weathering_dirtGParamNmlX
0xAA9644D6,Weathering_dirtGParamNmlY
0xAC6F97F5,Weathering_dirtGParamNmlZ
0x6A144E7F,Weathering_dirtGParamOccR
0xC2F1F6D9,Weathering_dirtGParamRflA
0x55059ECE,Weathering_dirtRParamEmi
0x3D45A430,Weathering_textureBlendFadeDebug
0x101A0171,Weathering_textureBlendIdDebug
0x1F0D6E5F,WetCharacterFade
0x4F5C9B9E,WetFade
0xB809B0DA,Width
0x528A5FBE,WindScale
0xC4B9B28D,WorldPQ
0xE736B039,WorldPQ
0x27D889E5,WorldPosition
0xF52EA910,WorldQuaternion
0x7FFFFFFF,fS2FAcclRayleighCoeff
0x9517904F,s_aryno
0x563287FA,s_aryno
0xE0B089A3,s_aryno
0x00554400,s_controlParams
0x00111440,s_controlParams2
0xFFFFFFF0,vSnowScatteringAttenuationNormalRGBExponent
0xFFFFFFF5,vSnowScatteringAttenuationNormalRGBExponent
