0x00323352,Plugins\FieldEditor4\LAND\RONIN_OBJECT03\MHE_TMD4\set-s170-goods-box-05-DES\set-s170-goods-box-05-DES.g1p
0x003A6317,Plugins\FieldEditor4\LAND\TWILIGHT_LIGHT\MHE_TMD4\set-bonfire-bamboo-01\set-bonfire-bamboo-01.g1cox
0x00511597,Plugins\FieldEditor4\LAND\DAYLIGHT_CMN_GENERAL\MHE_TMD4\set-S130-barrel-gunpowder-01\set-S130-barrel-gunpowder-01.g1cox
0x0072878F,Plugins\FieldEditor4\LAND\RONIN_OBJECT\MHE_TMD4\set-csl-goods-box-01-DES\set-csl-goods-box-01-DES.g1mx
0x00ACF31D,Plugins\FieldEditor4\LAND\DAYLIGHT_CMN_GENERAL\MHE_TMD4\set-gdt-sen-kzk-temple-floor-01-DES\set-gdt-sen-kzk-temple-floor-01-DES.g1cox
0x00B62E35,Plugins\FieldEditor4\LAND\TWILIGHT_OBJECT\MHE_TMD4\set-s010-hill-stone-07\set-s010-hill-stone-07.g1cox
0x00C11647,Plugins\FieldEditor4\LAND\RONIN_OBJECT03\MHE_TMD4\set-csl-goods-weapon-08-DES\set-csl-goods-weapon-08-DES.g1cox
0x00D0952E,Plugins\FieldEditor4\LAND\DAYLIGHT_SEN_OBJECT\MHE_TMD4\set-sen-cmn-goods-tea-03-DES\set-sen-cmn-goods-tea-03-DES.g1cox
0x00F44F13,Plugins\FieldEditor4\LAND\RONIN_OBJECT03\MHE_TMD4\set-csl-goods-cloth-05\obj-csl-goods-cloth-05.g1cox
0x00F6DC1B,Plugins\FieldEditor4\LAND\RONIN_OBJECT03\MHE_TMD4\set-s170-goods-cloth-04-DES\obj-s170-goods-cloth-04-DES.g1cox
0x010C9DEA,Plugins\FieldEditor4\LAND\RONIN_OBJECT\MHE_TMD4\set-csl-goods-tea-01-DES\set-csl-goods-tea-01-DES.g1mx
0x013C22BA,Plugins\FieldEditor4\LAND\DAYLIGHT_CMN_PLANTINS\MHE_TMD4\set-dyl-tree-boss-small-02-DES-i\set-dyl-tree-boss-small-02-DES-i.g1mx
0x0181A726,Plugins\FieldEditor4\LAND\DAYLIGHT_SEN_OBJECT\MHE_TMD4\set-MS-sen-htmt-coral-02c-DES\set-MS-sen-htmt-coral-02c-DES.g1p
0x01A492F9,Plugins\FieldEditor4\LAND\RONIN_OBJECT03\MHE_TMD4\set-s01-goods-desk-03-DES\set-s01-goods-desk-03-DES.g1p
0x01C0DD4F,Plugins\FieldEditor4\LAND\DAYLIGHT_CMN_GENERAL\MHE_TMD4\set-bak-gdt-hell-blade-tpo\set-bak-gdt-hell-blade-tpo.g1cox
0x01E9716C,Plugins\FieldEditor4\LAND\TWILIGHT_OBJECT\MHE_TMD4\set-general-placement-10-bk\set-general-placement-10-bk.g1mx
0x01F2A697,Plugins\FieldEditor4\LAND\RONIN_OBJECT\MHE_TMD4\set-s01-china-goods-table-01b-DES\set-s01-china-goods-table-01b-DES.g1mx
0x01FCA62E,Plugins\FieldEditor4\LAND\DRAFT_MODEL_CONTAINER\MHE_TMD4\set-S050-fbbox-01\set-S050-fbbox-01.g1mx
0x02001B3B,Plugins\FieldEditor4\LAND\RONIN_OBJECT03\MHE_TMD4\set-s02-edo-ysw-object-folding-screen-01-DES\set-s02-edo-ysw-object-folding-screen-01-DES.g1mx
0x0203688B,Plugins\FieldEditor4\LAND\RONIN_OBJECT03\MHE_TMD4\set-s01-sakr-goods-dish03-DES\set-s01-sakr-goods-dish03-DES.g1p
0x0203D42B,Plugins\FieldEditor4\LAND\RONIN_OBJECT\MHE_TMD4\set-s02-edj-nakaoku-millet-00-DES\set-s02-edj-nakaoku-millet-00-DES.g1cox
0x0206BB3C,Plugins\FieldEditor4\LAND\RONIN_OBJECT\MHE_TMD4\set-s02-ykhm-objects-00-dish01-DES\set-s02-ykhm-objects-00-dish01-DES.g1mx
0x0215D07A,Plugins\FieldEditor4\LAND\RONIN_OBJECT\MHE_TMD4\set-s170-goods-table-05\set-s170-goods-table-05.g1p
0x022803CF,Plugins\FieldEditor4\LAND\RONIN_OBJECT\MHE_TMD4\set-csl-goods-cushion-02-DES\set-csl-goods-cushion-02-DES.g1p
0x022AA1F2,Plugins\FieldEditor4\LAND\RONIN_OBJECT03\MHE_TMD4\set-csl-goods-cloth-06\obj-csl-goods-cloth-06.g1cox
0x022ED990,Plugins\FieldEditor4\LAND\DAYLIGHT_CMN_GENERAL\MHE_TMD4\set-GGT-s0310-bamboo-M-02-DES\set-GGT-s0310-bamboo-M-02-DES.g1cox
0x02425B57,Plugins\FieldEditor4\LAND\DAYLIGHT_KOD_OBJECT\MHE_TMD4\set-MS-kod-sakimori-01-DES\set-MS-kod-sakimori-01-DES.g1cox
0x0296C0F0,Plugins\FieldEditor4\LAND\TWILIGHT_OBJECT\MHE_TMD4\set-S350-altar-02-brk\set-S350-altar-02-brk.g1cox
0x02D9F028,Plugins\FieldEditor4\LAND\DAYLIGHT_EDO_OBJECT\MHE_TMD4\set-edo-edojo-pot-01-DES\set-edo-edojo-pot-01-DES.g1p
0x0309D73B,Plugins\FieldEditor4\LAND\RONIN_OBJECT03\MHE_TMD4\set-csl-goods-sword-02-DES\set-csl-goods-sword-02-DES.g1mx
0x030BF7C8,Plugins\FieldEditor4\LAND\RONIN_OBJECT\MHE_TMD4\set-s01-sksh-wood-objects-03a-DES\set-s01-sksh-wood-objects-03a-DES.g1p
0x0318B2A3,Plugins\FieldEditor4\LAND\RONIN_OBJECT03\MHE_TMD4\set-csl-goods-table-02-DES\set-csl-goods-table-02-DES.g1cox
0x0327D072,Plugins\FieldEditor4\LAND\RONIN_OBJECT\MHE_TMD4\set-s01-ysk-objects-00-cabinets01-DES\set-s01-ysk-objects-00-cabinets01-DES.g1mx
0x0343F5F1,Plugins\FieldEditor4\LAND\RONIN_OBJECT03\MHE_TMD4\set-s01-benten-umbrella-01\set-s01-benten-umbrella-01.g1mx
0x034D71E0,Plugins\FieldEditor4\LAND\RONIN_OBJECT\MHE_TMD4\set-csl-goods-desk-01-DES\set-csl-goods-desk-01-DES.g1cox
0x03593AD6,Plugins\FieldEditor4\LAND\DAYLIGHT_EDO_OBJECT\MHE_TMD4\set-edo-edojo-box-01-DES\set-edo-edojo-box-01-DES.g1cox
0x036AE3FC,Plugins\FieldEditor4\LAND\RONIN_OBJECT\MHE_TMD4\set-s01-ykp-shop-drug-object-24a-DES\set-s01-ykp-shop-drug-object-24a-DES.g1p
0x037B5281,Plugins\FieldEditor4\LAND\RONIN_OBJECT\MHE_TMD4\set-csl-goods-tea-03-DES\set-csl-goods-tea-03-DES.g1cox
0x037C2704,Plugins\FieldEditor4\LAND\RONIN_OBJECT\MHE_TMD4\set-csl-goods-screen-01a-DES\set-csl-goods-screen-01a-DES.g1p
0x0396C8E0,Plugins\FieldEditor4\LAND\RONIN_OBJECT03\MHE_TMD4\set-s01-ykp-shop-kajiya-object-17a-DES\set-s01-ykp-shop-kajiya-object-17a-DES.g1p
0x03A2453D,Plugins\FieldEditor4\LAND\RONIN_OBJECT\MHE_TMD4\set-s01-ykp-shop-kajiya-object-13a-DES\set-s01-ykp-shop-kajiya-object-13a-DES.g1cox
0x04065FEE,Plugins\FieldEditor4\LAND\TWILIGHT_OBJECT\MHE_TMD4\set-s140-shield-05\set-s140-shield-05.g1cox
0x0419626B,Plugins\FieldEditor4\LAND\TWILIGHT_OBJECT\MHE_TMD4\set-general-placement-07-dirt\set-general-placement-07-dirt.g1cox
0x04647B7C,Plugins\FieldEditor4\LAND\TWILIGHT_OBJECT\MHE_TMD4\set-s010-bg-gm-04\set-s010-bg-gm-04.g1mx
0x046C15C3,Plugins\FieldEditor4\LAND\DAYLIGHT_SEN_OBJECT\MHE_TMD4\set-MS-sen-htmt-coral-02c-DES\set-MS-sen-htmt-coral-02c-DES.g1mx
0x04958E17,Plugins\FieldEditor4\LAND\TWILIGHT_OBJECT\MHE_TMD4\set-gl-brkobj-box-01a\set-gl-brkobj-box-01a.g1mx
0x04B02E87,Plugins\FieldEditor4\LAND\RONIN_OBJECT\MHE_TMD4\set-s02-edj-nakaoku-millet-00-DES\set-s02-edj-nakaoku-millet-00-DES.g1p
0x04BF9F68,Plugins\FieldEditor4\LAND\DAYLIGHT_SEN_OBJECT\MHE_TMD4\set-MS-sen-htmt-coral-02a-DES\set-MS-sen-htmt-coral-02a-DES.g1p
0x04DD037E,Plugins\FieldEditor4\LAND\RONIN_OBJECT\MHE_TMD4\set-cmn-g-bell-L00-DES\set-cmn-g-bell-L00-DES.g1cox
0x04DEF39B,Plugins\FieldEditor4\LAND\DAYLIGHT_CMN_HELL\MHE_TMD4\set-gdt-hell-kusabi-a02-DES\set-gdt-hell-kusabi-a02-DES.g1cox
0x04ED7970,Plugins\FieldEditor4\LAND\DAYLIGHT_BAK_OBJECT\MHE_TMD4\set-bak-yukaku-fence-01-DES\set-bak-yukaku-fence-01-DES.g1mx
0x0525AAD9,Plugins\FieldEditor4\LAND\RONIN_OBJECT\MHE_TMD4\set-s01-sksh-objects-00-rice-break-DES\set-s01-sksh-objects-00-rice-break-DES.g1p
0x056C1121,Plugins\FieldEditor4\LAND\RONIN_OBJECT03\MHE_TMD4\set-cmn-mib-objects-02-DES\set-cmn-mib-objects-02-DES.g1cox
0x057B57BF,Plugins\FieldEditor4\LAND\RONIN_OBJECT\MHE_TMD4\set-csl-goods-weapon-03-DES\set-csl-goods-weapon-03-DES.g1cox
0x05855861,Plugins\FieldEditor4\LAND\RONIN_OBJECT03\MHE_TMD4\set-csl-goods-table-04-DES\set-csl-goods-table-04-DES.g1cox
0x058C6A09,Plugins\FieldEditor4\LAND\TWILIGHT_OBJECT\MHE_TMD4\set-general-placement-13-bk\set-general-placement-13-bk.g1mx
0x05BA75B6,Plugins\FieldEditor4\LAND\RONIN_OBJECT03\MHE_TMD4\set-cmn-kyt-shrine-flag-03a-DES\set-cmn-kyt-shrine-flag-03a-DES.g1p
0x05E13A0C,Plugins\FieldEditor4\LAND\RONIN_OBJECT\MHE_TMD4\set-csl-goods-sword-01-DES\set-csl-goods-sword-01-DES.g1p
0x06336F87,Plugins\FieldEditor4\LAND\RONIN_OBJECT03\MHE_TMD4\set-s01-umbrella-a-01\set-s01-umbrella-a-01.g1cox
0x0676AD47,Plugins\FieldEditor4\LAND\DAYLIGHT_SEN_HOUSE\MHE_TMD4\set-sen-ryt-temple-01-door-01-DES\set-sen-ryt-temple-01-door-01-DES.g1mx
0x069944A6,Plugins\FieldEditor4\LAND\DRAFT_MODEL_CONTAINER\MHE_TMD4\set-general-placement-15-bk\set-general-placement-15-bk.g1mx
0x06A26400,Plugins\FieldEditor4\LAND\RONIN_OBJECT03\MHE_TMD4\set-cmn-mib-objects-03-DES\set-cmn-mib-objects-03-DES.g1cox
0x06AF99B9,Plugins\FieldEditor4\LAND\DAYLIGHT_SEN_OBJECT\MHE_TMD4\set-hre-fusuma-03a-DES\set-hre-fusuma-03a-DES.g1cox
0x06BBAB40,Plugins\FieldEditor4\LAND\RONIN_OBJECT03\MHE_TMD4\set-csl-goods-table-05-DES\set-csl-goods-table-05-DES.g1cox
0x06C2BCE8,Plugins\FieldEditor4\LAND\TWILIGHT_OBJECT\MHE_TMD4\set-general-placement-14-bk\set-general-placement-14-bk.g1mx
0x06C9D8B8,Plugins\FieldEditor4\LAND\RONIN_OBJECT03\MHE_TMD4\set-s01-ykp-shop-kajiya-object-20a-DES\set-s01-ykp-shop-kajiya-object-20a-DES.g1p
0x06ECE865,Plugins\FieldEditor4\LAND\DAYLIGHT_CMN_GENERAL\MHE_TMD4\set-bak-gdt-cannon-object-OFF\set-bak-gdt-cannon-object-OFF.g1mx
0x06F5EF6E,Plugins\FieldEditor4\LAND\RONIN_OBJECT02\MHE_TMD4\set-csl-goods-shoji-01-break01-DES\set-csl-goods-shoji-01-break01-DES.g1cox
0x070D3206,Plugins\FieldEditor4\LAND\RONIN_OBJECT\MHE_TMD4\set-csl-goods-pot-02-DES\set-csl-goods-pot-02-DES.g1mx
0x072EF15A,Plugins\FieldEditor4\LAND\RONIN_OBJECT\MHE_TMD4\set-s02-ykhm-objects-15-chair01-DES\set-s02-ykhm-objects-15-chair01-DES.g1cox
0x073F1BA6,Plugins\FieldEditor4\LAND\TWILIGHT_OBJECT\MHE_TMD4\set-s050-goods-watertank-01\set-s050-goods-watertank-01.g1cox
0x0755C687,Plugins\FieldEditor4\LAND\RONIN_LIGHT\MHE_TMD4\set-ykak-tourou-02-DES\set-ykak-tourou-02-DES.g1p
0x0782FC83,Plugins\FieldEditor4\LAND\RONIN_OBJECT\MHE_TMD4\set-s170-goods-pail-02-DES\set-s170-goods-pail-02-DES.g1p
0x079C717B,Plugins\FieldEditor4\LAND\RONIN_OBJECT03\MHE_TMD4\set-csl-goods-weapon-11-DES\set-csl-goods-weapon-11-DES.g1p
0x07BC434E,Plugins\FieldEditor4\LAND\RONIN_OBJECT03\MHE_TMD4\set-s170-goods-tea-02-DES\set-s170-goods-tea-02-DES.g1cox
0x07DA835C,Plugins\FieldEditor4\LAND\RONIN_OBJECT03\MHE_TMD4\set-s01-hod-inn-door-02b-break01-DES\set-s01-hod-inn-door-02b-break01-DES.g1mx
0x07DCF1AA,Plugins\FieldEditor4\LAND\RONIN_OBJECT\MHE_TMD4\set-csl-goods-A-pot-00-DES\set-csl-goods-A-pot-00-DES.g1cox
0x082669F0,Plugins\FieldEditor4\LAND\RONIN_OBJECT03\MHE_TMD4\set-s01-sakr-goods-dish04-DES\set-s01-sakr-goods-dish04-DES.g1cox
0x08634416,Plugins\FieldEditor4\LAND\DAYLIGHT_BAK_LIGHT\MHE_TMD4\set-bak-bonfire-01-DES\set-bak-bonfire-01-DES.g1p
0x086D4C71,Plugins\FieldEditor4\LAND\RONIN_OBJECT03\MHE_TMD4\set-s01-ykp-signboard-01\set-s01-ykp-signboard-01.g1cox
0x08759A91,Plugins\FieldEditor4\LAND\RONIN_OBJECT03\MHE_TMD4\set-cmn-mib-flag-02b\set-cmn-mib-flag-02b.g1p
0x08760F0A,Plugins\FieldEditor4\LAND\RONIN_OBJECT03\MHE_TMD4\set-s02-ykhm-objects-00-stall-01-DES\set-s02-ykhm-objects-00-stall-01-DES.g1p
0x0894BB85,Plugins\FieldEditor4\LAND\RONIN_OBJECT\MHE_TMD4\set-cmn-g-fire-01b\set-cmn-g-fire-01b.g1mx
0x08A6A450,Plugins\FieldEditor4\LAND\RONIN_OBJECT03\MHE_TMD4\set-s01-goods-desk-03-DES\set-s01-goods-desk-03-DES.g1mx
0x08AC5700,Plugins\FieldEditor4\LAND\RONIN_OBJECT03\MHE_TMD4\set-s01-goods-cask-02\set-s01-goods-cask-02.g1mx
0x09053328,Plugins\FieldEditor4\LAND\DAYLIGHT_CMN_GENERAL\MHE_TMD4\set-cmn-g-nohocanon-01\set-cmn-g-nohocanon-01.g1mx
0x090D0B04,Plugins\FieldEditor4\LAND\RONIN_OBJECT\MHE_TMD4\set-s02-ykhm-objects-66-salt-farm-hoe-01-DES\set-s02-ykhm-objects-66-salt-farm-hoe-01-DES.g1mx
0x0953F33D,Plugins\FieldEditor4\LAND\RONIN_OBJECT03\MHE_TMD4\set-s01-ykp-bonsai-00-DES\set-s01-ykp-bonsai-00-DES.g1p
0x09690321,Plugins\FieldEditor4\LAND\RONIN_OBJECT03\MHE_TMD4\set-csl-goods-pot-06b-DES\obj-csl-goods-pot-06b-DES.g1cox
0x097D18C2,Plugins\FieldEditor4\LAND\TWILIGHT_OBJECT\MHE_TMD4\set-s050-goods-watertank-01\set-s050-goods-watertank-01.g1p
0x09AFEE8D,Plugins\FieldEditor4\LAND\RONIN_OBJECT\MHE_TMD4\set-s02-ykhm-objects-00-dish01-DES\set-s02-ykhm-objects-00-dish01-DES.g1p
0x09CF2A17,Plugins\FieldEditor4\LAND\RONIN_OBJECT03\MHE_TMD4\set-cmn-mib-flag-03b\set-cmn-mib-flag-03b.g1mx
0x09D70761,Plugins\FieldEditor4\LAND\TWILIGHT_OBJECT\MHE_TMD4\set-general-placement-14-bk\set-general-placement-14-bk.g1p
0x09DF08C1,Plugins\FieldEditor4\LAND\RONIN_LIGHT\MHE_TMD4\set-csl-goods-light-03a-DES\set-csl-goods-light-03a-DES.g1cox
0x0A0C3E24,Plugins\FieldEditor4\LAND\RONIN_LIGHT\MHE_TMD4\set-s03-kyt-cmn-objects-light-andon-02a-DES\set-s03-kyt-cmn-objects-light-andon-02a-DES.g1p
0x0A68AE20,Plugins\FieldEditor4\LAND\DAYLIGHT_SEN_OBJECT\MHE_TMD4\set-sen-you-goods-shugen-08-DES\set-sen-you-goods-shugen-08-DES.g1p
0x0A88D258,Plugins\FieldEditor4\LAND\RONIN_OBJECT\MHE_TMD4\set-s02-ykhm-objects-32-cups01-DES\set-s02-ykhm-objects-32-cups01-DES.g1mx
0x0A9098D9,Plugins\FieldEditor4\LAND\RONIN_OBJECT03\MHE_TMD4\set-EX-kitchen-bench01-DES\set-EX-kitchen-bench01-DES.g1p
0x0AD21AEE,Plugins\FieldEditor4\LAND\RONIN_OBJECT03\MHE_TMD4\set-s02-edj-wooden-box-02-DES\obj-s02-edj-wooden-box-02-DES.g1mx
0x0ADFA710,Plugins\FieldEditor4\LAND\TWILIGHT_OBJECT\MHE_TMD4\set-s060-hole-goods-04\set-s060-hole-goods-04.g1mx
0x0AE2BEFA,Plugins\FieldEditor4\LAND\DAYLIGHT_CMN_HELL\MHE_TMD4\set-gdt-hell-kusabi-a03-DES\set-gdt-hell-kusabi-a03-DES.g1cox
0x0AF013FB,Plugins\FieldEditor4\LAND\RONIN_OBJECT03\MHE_TMD4\set-s01-ykp-shop-photo-obj-chair01-DES\set-s01-ykp-shop-photo-obj-chair01-DES.g1mx
0x0B05CDF1,Plugins\FieldEditor4\LAND\TWILIGHT_OBJECT\MHE_TMD4\set-s010-bg-gm-11\set-s010-bg-gm-11.g1p
0x0B15B312,Plugins\FieldEditor4\LAND\RONIN_OBJECT\MHE_TMD4\set-csl-goods-shelf-03-DES\set-csl-goods-shelf-03-DES.g1mx
0x0B370566,Plugins\FieldEditor4\LAND\RONIN_OBJECT03\MHE_TMD4\set-s01-umbrella-a-04\set-s01-umbrella-a-04.g1p
0x0B519991,Plugins\FieldEditor4\LAND\DAYLIGHT_CMN_HELL\MHE_TMD4\set-hell-sotoba-01\set-hell-sotoba-01.g1cox
0x0B7C33F0,Plugins\FieldEditor4\LAND\TWILIGHT_OBJECT\MHE_TMD4\set-s010-bg-gm-01\set-s010-bg-gm-01.g1p
0x0B7FEA47,Plugins\FieldEditor4\LAND\RONIN_OBJECT\MHE_TMD4\set-csl-goods-A-pot-03-DES\set-csl-goods-A-pot-03-DES.g1cox
0x0B8B0197,Plugins\FieldEditor4\LAND\RONIN_OBJECT03\MHE_TMD4\set-s02-ykhm-close-objects-05a-DES\set-s02-ykhm-close-objects-05a-DES.g1p
0x0B974313,Plugins\FieldEditor4\LAND\RONIN_OBJECT\MHE_TMD4\set-s02-ykhm-objects-05-jars02-DES\set-s02-ykhm-objects-05-jars02-DES.g1p
0x0B97CBE3,Plugins\FieldEditor4\LAND\RONIN_OBJECT03\MHE_TMD4\set-cmn-kyt-screen-01a-DES\set-cmn-kyt-screen-01a-DES.g1cox
0x0B9C0864,Plugins\FieldEditor4\LAND\TWILIGHT_OBJECT\MHE_TMD4\set-general-placement-18-bk\set-general-placement-18-bk.g1mx
0x0BD5A43E,Plugins\FieldEditor4\LAND\RONIN_OBJECT\MHE_TMD4\set-csl-goods-tea-02-DES\set-csl-goods-tea-02-DES.g1p
0x0C055D2E,Plugins\FieldEditor4\LAND\TWILIGHT_OBJECT\MHE_TMD4\set-S350-haniwa-a02\set-S350-haniwa-a02.g1p
0x0C272C5C,Plugins\FieldEditor4\LAND\RONIN_OBJECT\MHE_TMD4\set-s01-ykw-fishing-objects-02-basket-01-DES\set-s01-ykw-fishing-objects-02-basket-01-DES.g1cox
0x0C2CB550,Plugins\FieldEditor4\LAND\DAYLIGHT_CMN_GENERAL\MHE_TMD4\set-gdt-sen-kzk-temple-floor-01-DES\set-gdt-sen-kzk-temple-floor-01-DES.g1mx
0x0C2F029A,Plugins\FieldEditor4\LAND\RONIN_OBJECT03\MHE_TMD4\set-csl-goods-cloth-05\obj-csl-goods-cloth-05.g1mx
0x0C5C0BAE,Plugins\FieldEditor4\LAND\RONIN_OBJECT\MHE_TMD4\set-s01-sksh-close-objects-04a\set-s01-sksh-close-objects-04a.g1p
0x0C95C86F,Plugins\FieldEditor4\LAND\RONIN_OBJECT03\MHE_TMD4\set-s02-edo-knd-obj-three-02-DES\set-s02-edo-knd-obj-three-02-DES.g1mx
0x0CA81A2E,Plugins\FieldEditor4\LAND\RONIN_OBJECT03\MHE_TMD4\set-cmn-flag-chosyuhan\set-cmn-flag-chosyuhan.g1mx
0x0CB965D7,Plugins\FieldEditor4\LAND\RONIN_OBJECT03\MHE_TMD4\set-s050-box-02\set-s050-box-02.g1mx
0x0CDCF450,Plugins\FieldEditor4\LAND\DAYLIGHT_SEN_OBJECT\MHE_TMD4\set-sen-cmn-tea-house-signboard-DES\set-sen-cmn-tea-house-signboard-DES.g1p
0x0CE3F8A6,Plugins\FieldEditor4\LAND\DRAFT_MODEL_CONTAINER\MHE_TMD4\set-general-bonfire-t00a\set-general-bonfire-t00a.g1mx
0x0CF5E11D,Plugins\FieldEditor4\LAND\RONIN_OBJECT\MHE_TMD4\set-s01-ykp-shop-drug-object-24a-break-DES\set-s01-ykp-shop-drug-object-24a-break-DES.g1p
0x0D017E99,Plugins\FieldEditor4\LAND\RONIN_OBJECT03\MHE_TMD4\set-EX-kitchen-goblet01-DES\set-EX-kitchen-goblet01-DES.g1mx
0x0D018B66,Plugins\FieldEditor4\LAND\RONIN_OBJECT\MHE_TMD4\set-csl-goods-pail-03-DES\set-csl-goods-pail-03-DES.g1mx
0x0D345E85,Plugins\FieldEditor4\LAND\RONIN_LIGHT\MHE_TMD4\set-s03-kyt-cmn-objects-light-andon-02a-DES\set-s03-kyt-cmn-objects-light-andon-02a-DES.g1mx
0x0D4094B3,Plugins\FieldEditor4\LAND\DAYLIGHT_KOD_OBJECT\MHE_TMD4\set-kod-sakimori-03-DES\set-kod-sakimori-03-DES.g1cox
0x0D62F9E1,Plugins\FieldEditor4\LAND\RONIN_OBJECT\MHE_TMD4\set-cmn-g-throw-pot-01a-DES\set-cmn-g-throw-pot-01a-DES.g1mx
0x0D6643DE,Plugins\FieldEditor4\LAND\RONIN_OBJECT03\MHE_TMD4\set-s02-edo-knd-obj-three-02-DES\set-s02-edo-knd-obj-three-02-DES.g1cox
0x0D6E7983,Plugins\FieldEditor4\LAND\RONIN_OBJECT\MHE_TMD4\set-s01-ry-goods-kithn-chair-00\set-s01-ry-goods-kithn-chair-00.g1mx
0x0D77E11F,Plugins\FieldEditor4\LAND\RONIN_OBJECT03\MHE_TMD4\set-s01-goods-cask-02-DES\set-s01-goods-cask-02-DES.g1cox
0x0D8605A8,Plugins\FieldEditor4\LAND\RONIN_OBJECT03\MHE_TMD4\set-general-bonfire-t03a\set-general-bonfire-t03a.g1p
0x0DA40344,Plugins\FieldEditor4\LAND\RONIN_OBJECT03\MHE_TMD4\set-s02-edo-knd-obj-25a-DES\set-s02-edo-knd-obj-25a-DES.g1cox
0x0DB558E9,Plugins\FieldEditor4\LAND\RONIN_OBJECT03\MHE_TMD4\set-s170-goods-tea-01-DES\set-s170-goods-tea-01-DES.g1p
0x0DF222E5,Plugins\FieldEditor4\LAND\DAYLIGHT_SEN_OBJECT\MHE_TMD4\set-MS-sen-htmt-coral-01c-DES\set-MS-sen-htmt-coral-01c-DES.g1p
0x0DF7677A,Plugins\FieldEditor4\LAND\DAYLIGHT_SEN_OBJECT\MHE_TMD4\set-cmn-fusuma-01b-DES\set-cmn-fusuma-01b-DES.g1mx
0x0E11E66A,Plugins\FieldEditor4\LAND\TWILIGHT_OBJECT\MHE_TMD4\set-general-placement-14\set-general-placement-14.g1p
0x0E1EFF64,Plugins\FieldEditor4\LAND\RONIN_LIGHT\MHE_TMD4\set-cmn-g-fire-01a\set-cmn-g-fire-01a.g1cox
0x0E211E66,Plugins\FieldEditor4\LAND\RONIN_OBJECT03\MHE_TMD4\set-s02-ykhm-objects-54-fabric03-DES\set-s02-ykhm-objects-54-fabric03-DES.g1cox
0x0E3B696E,Plugins\FieldEditor4\LAND\DAYLIGHT_KOD_LIGHT\MHE_TMD4\set-kod-kajiya-light-02-DES\set-kod-kajiya-light-02-DES.g1mx
0x0E514BDD,Plugins\FieldEditor4\LAND\DAYLIGHT_SEN_OBJECT\MHE_TMD4\set-cmn-fusuma-03a-DES\set-cmn-fusuma-03a-DES.g1mx
0x0E660085,Plugins\FieldEditor4\LAND\RONIN_OBJECT\MHE_TMD4\set-general-bonfire-t02a\set-general-bonfire-t02a.g1mx
0x0E66581A,Plugins\FieldEditor4\LAND\RONIN_OBJECT03\MHE_TMD4\set-s02-ykhm-objects-04-jars01-DES\set-s02-ykhm-objects-04-jars01-DES.g1cox
0x0E70F35D,Plugins\FieldEditor4\LAND\DAYLIGHT_CMN_GENERAL\MHE_TMD4\set-GGT-hei-s0310-bamboo-M-03-DES\set-GGT-hei-s0310-bamboo-M-03-DES.g1cox
0x0ECF47A3,Plugins\FieldEditor4\LAND\RONIN_OBJECT03\MHE_TMD4\set-csl-goods-weapon-08-DES\set-csl-goods-weapon-08-DES.g1p
0x0EE430F2,Plugins\FieldEditor4\LAND\DAYLIGHT_SEN_OBJECT\MHE_TMD4\set-cmn-fusuma-01a-DES\set-cmn-fusuma-01a-DES.g1cox
0x0EE852CF,Plugins\FieldEditor4\LAND\RONIN_OBJECT03\MHE_TMD4\set-s02-ykhm-objects-58-cabinet05-DES\set-s02-ykhm-objects-58-cabinet05-DES.g1p
0x0F1DA5E4,Plugins\FieldEditor4\LAND\RONIN_OBJECT\MHE_TMD4\set-s01-ykp-shop-kajiya-object-09a-DES\set-s01-ykp-shop-kajiya-object-09a-DES.g1cox
0x0F55226A,Plugins\FieldEditor4\LAND\RONIN_OBJECT03\MHE_TMD4\set-s02-ykhm-objects-00-stall-05-DES\set-s02-ykhm-objects-00-stall-05-DES.g1cox
0x0F639E9F,Plugins\FieldEditor4\LAND\RONIN_OBJECT\MHE_TMD4\set-s01-ykp-shop-kajiya-obj-01\set-s01-ykp-shop-kajiya-obj-01.g1p
0x0F6DF271,Plugins\FieldEditor4\LAND\TWILIGHT_OBJECT\MHE_TMD4\set-s010-bg-gm-04\set-s010-bg-gm-04.g1cox
0x0F7343C9,Plugins\FieldEditor4\LAND\RONIN_OBJECT03\MHE_TMD4\set-s02-edj-paper-02-DES\obj-s02-edj-paper-02-DES.g1mx
0x0F833287,Plugins\FieldEditor4\LAND\RONIN_OBJECT03\MHE_TMD4\set-s02-ykhm-objects-39-table04-DES\set-s02-ykhm-objects-39-table04-DES.g1p
0x0F9E29FF,Plugins\FieldEditor4\LAND\RONIN_OBJECT03\MHE_TMD4\set-cmn-flag-chosyuhan\set-cmn-flag-chosyuhan.g1cox
0x0FA73941,Plugins\FieldEditor4\LAND\RONIN_OBJECT\MHE_TMD4\set-s01-ykp-shop-drug-object-24a-break-DES\set-s01-ykp-shop-drug-object-24a-break-DES.g1cox
0x0FAC39B6,Plugins\FieldEditor4\LAND\RONIN_OBJECT\MHE_TMD4\set-s01-ykw-fishing-objects-02-basket-03-DES\set-s01-ykw-fishing-objects-02-basket-03-DES.g1p
0x0FEE71D7,Plugins\FieldEditor4\LAND\RONIN_OBJECT\MHE_TMD4\set-cmn-obj-kakashi-01a\set-cmn-obj-kakashi-01a.g1cox
0x1059A10A,Plugins\FieldEditor4\LAND\DAYLIGHT_SEN_OBJECT\MHE_TMD4\set-MS-sen-htmt-coral-02c-DES\set-MS-sen-htmt-coral-02c-DES.g1cox
0x105A66AC,Plugins\FieldEditor4\LAND\DAYLIGHT_SEN_OBJECT\MHE_TMD4\set-sen-you-goods-shugen-11-DES\set-sen-you-goods-shugen-11-DES.g1cox
0x105EC426,Plugins\FieldEditor4\LAND\RONIN_OBJECT\MHE_TMD4\set-s010-furnace-goods00\set-s010-furnace-goods00.g1p
0x106E16B7,Plugins\FieldEditor4\LAND\DAYLIGHT_SEN_OBJECT\MHE_TMD4\set-hre-fusuma-02b-DES\set-hre-fusuma-02b-DES.g1p
0x10AE308C,Plugins\FieldEditor4\LAND\RONIN_OBJECT03\MHE_TMD4\set-ykak-goods-chair-01\set-ykak-goods-chair-01.g1mx
0x10C5B6A8,Plugins\FieldEditor4\LAND\RONIN_LIGHT\MHE_TMD4\set-csl-goods-light-02-DES\set-csl-goods-light-02-DES.g1mx
0x10D4838E,Plugins\FieldEditor4\LAND\RONIN_OBJECT03\MHE_TMD4\set-cmn-ky-shop-obj-flag-04\set-cmn-ky-shop-obj-flag-04.g1p
0x10E72E9A,Plugins\FieldEditor4\LAND\RONIN_OBJECT\MHE_TMD4\set-ykak-goods-chair-04-DES\set-ykak-goods-chair-04-DES.g1mx
0x11019BF8,Plugins\FieldEditor4\LAND\DAYLIGHT_CMN_GENERAL\MHE_TMD4\set-bak-gdt-needle-floor\set-bak-gdt-needle-floor.g1p
0x11156334,Plugins\FieldEditor4\LAND\DRAFT_MODEL_CONTAINER\MHE_TMD4\set-s060-hole-goods-10\set-s060-hole-goods-10.g1mx
0x1125BC22,Plugins\FieldEditor4\LAND\DRAFT_MODEL_CONTAINER\MHE_TMD4\set-s120-hole-box-01\set-s120-hole-box-01.g1mx
0x11301B27,Plugins\FieldEditor4\LAND\DAYLIGHT_SEN_OBJECT\MHE_TMD4\set-MS-sen-htmt-coral-01a-DES\set-MS-sen-htmt-coral-01a-DES.g1p
0x11668ABC,Plugins\FieldEditor4\LAND\RONIN_OBJECT03\MHE_TMD4\set-s02-ykhm-objects-44-scaffolding01-DES\set-s02-ykhm-objects-44-scaffolding01-DES.g1p
0x1172F1FD,Plugins\FieldEditor4\LAND\RONIN_OBJECT03\MHE_TMD4\set-EX-kitchen-bench01-DES\set-EX-kitchen-bench01-DES.g1cox
0x1178D2A8,Plugins\FieldEditor4\LAND\RONIN_OBJECT03\MHE_TMD4\set-s01-ykp-shop-drug-object-15a-DES\set-s01-ykp-shop-drug-object-15a-DES.g1mx
0x119628DF,Plugins\FieldEditor4\LAND\RONIN_OBJECT03\MHE_TMD4\set-csl-goods-vase-05-DES\set-csl-goods-vase-05-DES.g1p
0x11B14F4B,Plugins\FieldEditor4\LAND\RONIN_OBJECT03\MHE_TMD4\set-s170-goods-cloth-09-DES\set-s170-goods-cloth-09-DES.g1cox
0x11B65376,Plugins\FieldEditor4\LAND\RONIN_OBJECT03\MHE_TMD4\set-s050-box-02\set-s050-box-02.g1cox
0x11C1F1A7,Plugins\FieldEditor4\LAND\RONIN_OBJECT03\MHE_TMD4\set-s170-goods-cloth-09-DES\set-s170-goods-cloth-09-DES.g1p
0x11C7EDFB,Plugins\FieldEditor4\LAND\RONIN_OBJECT03\MHE_TMD4\set-s03-kin-flag-02a\set-s03-kin-flag-02a.g1mx
0x123A92B4,Plugins\FieldEditor4\LAND\RONIN_OBJECT\MHE_TMD4\set-s02-ykhm-close-objects-23a-DES\set-s02-ykhm-close-objects-23a-DES.g1cox
0x1250B5BC,Plugins\FieldEditor4\LAND\RONIN_OBJECT\MHE_TMD4\set-s01-ykp-shop-kajiya-object-12a-DES\set-s01-ykp-shop-kajiya-object-12a-DES.g1cox
0x125DC6C6,Plugins\FieldEditor4\LAND\RONIN_OBJECT\MHE_TMD4\set-s01-ykp-watervat-01-DES\set-s01-ykp-watervat-01-DES.g1mx
0x127D8E4D,Plugins\FieldEditor4\LAND\DAYLIGHT_KOD_OBJECT\MHE_TMD4\set-MS-kod-sakimori-01b-DES\set-MS-kod-sakimori-01b-DES.g1p
0x1284B80D,Plugins\FieldEditor4\LAND\RONIN_OBJECT\MHE_TMD4\set-csl-goods-fusuma-a01-DES\set-csl-goods-fusuma-a01-DES.g1cox
0x1290F280,Plugins\FieldEditor4\LAND\TWILIGHT_OBJECT\MHE_TMD4\set-s010-bg-gm-08\set-s010-bg-gm-08.g1mx
0x12D5FF1F,Plugins\FieldEditor4\LAND\RONIN_OBJECT\MHE_TMD4\set-s01-ysk-objects-00-strawmats05\set-s01-ysk-objects-00-strawmats05.g1mx
0x12ED137C,Plugins\FieldEditor4\LAND\DAYLIGHT_KOD_OBJECT\MHE_TMD4\set-MS-kod-sakimori-01b-DES\set-MS-kod-sakimori-01b-DES.g1mx
0x12F61D2C,Plugins\FieldEditor4\LAND\RONIN_OBJECT\MHE_TMD4\set-csl-goods-table-01-DES\set-csl-goods-table-01-DES.g1mx
0x130CC36E,Plugins\FieldEditor4\LAND\TWILIGHT_OBJECT\MHE_TMD4\set-general-placement-03\set-general-placement-03.g1cox
0x131AAAD9,Plugins\FieldEditor4\LAND\RONIN_OBJECT\MHE_TMD4\set-csl-goods-shelf-05-DES\set-csl-goods-shelf-05-DES.g1cox
0x131AD64A,Plugins\FieldEditor4\LAND\RONIN_OBJECT03\MHE_TMD4\set-ykak-goods-chair-03\set-ykak-goods-chair-03.g1mx
0x138E82BE,Plugins\FieldEditor4\LAND\RONIN_OBJECT03\MHE_TMD4\set-MS-feudaljapan-tourou-01-DES\set-MS-feudaljapan-tourou-01-DES.g1mx
0x13A4615A,Plugins\FieldEditor4\LAND\TWILIGHT_OBJECT\MHE_TMD4\set-s060-hole-goods-16\set-s060-hole-goods-16.g1p
0x13BA1059,Plugins\FieldEditor4\LAND\DRAFT_MODEL_CONTAINER\MHE_TMD4\set-s050-box-03\set-s050-box-03.g1cox
0x13BB0AEC,Plugins\FieldEditor4\LAND\RONIN_OBJECT\MHE_TMD4\set-csl-goods-fusuma-a02-DES\set-csl-goods-fusuma-a02-DES.g1cox
0x13FAA683,Plugins\FieldEditor4\LAND\TWILIGHT_PLANTHICHI\MHE_TMD4\set-s050-tree-boss-small-03\set-s050-tree-boss-small-03.g1mx
0x13FE23D1,Plugins\FieldEditor4\LAND\RONIN_OBJECT03\MHE_TMD4\set-s02-ykhm-objects-59-cabinet06-DES\set-s02-ykhm-objects-59-cabinet06-DES.g1p
0x140983EB,Plugins\FieldEditor4\LAND\RONIN_OBJECT\MHE_TMD4\set-s01-ykp-shop-drug-object-26a-DES\set-s01-ykp-shop-drug-object-26a-DES.g1mx
0x140F0797,Plugins\FieldEditor4\LAND\DAYLIGHT_EDO_OBJECT\MHE_TMD4\set-edo-edojo-box-02-DES\set-edo-edojo-box-02-DES.g1cox
0x142280FE,Plugins\FieldEditor4\LAND\RONIN_OBJECT03\MHE_TMD4\set-s01-sakr-goods-dish03-DES\set-s01-sakr-goods-dish03-DES.g1mx
0x143785D8,Plugins\FieldEditor4\LAND\RONIN_OBJECT03\MHE_TMD4\set-s01-ry-goods-vase-01-DES\set-s01-ry-goods-vase-01-DES.g1cox
0x1443164D,Plugins\FieldEditor4\LAND\TWILIGHT_OBJECT\MHE_TMD4\set-general-placement-13\set-general-placement-13.g1cox
0x147D5E76,Plugins\FieldEditor4\LAND\RONIN_OBJECT\MHE_TMD4\set-s01-ysk-objects-00-cabinets11-DES\set-s01-ysk-objects-00-cabinets11-DES.g1p
0x14DFC3E0,Plugins\FieldEditor4\LAND\RONIN_OBJECT\MHE_TMD4\set-cmn-kyt-obj-Village-goods-01-DES\set-cmn-kyt-obj-Village-goods-01-DES.g1p
0x153E5871,Plugins\FieldEditor4\LAND\RONIN_OBJECT03\MHE_TMD4\set-s01-ykp-tableware-06-DES\set-s01-ykp-tableware-06-DES.g1mx
0x155F3336,Plugins\FieldEditor4\LAND\TWILIGHT_OBJECT\MHE_TMD4\set-gl-brkobj-box-01a\set-gl-brkobj-box-01a.g1cox
0x1565380C,Plugins\FieldEditor4\LAND\RONIN_OBJECT03\MHE_TMD4\set-krf-cannon-box-01-DES\set-krf-cannon-box-01-DES.g1mx
0x157BD74E,Plugins\FieldEditor4\LAND\DAYLIGHT_SEN_HOUSE\MHE_TMD4\set-sen-cmn-hotel-door-03-DES\set-sen-cmn-hotel-door-03-DES.g1mx
0x15E7BFA4,Plugins\FieldEditor4\LAND\RONIN_OBJECT\MHE_TMD4\set-cmn-mib-objects-pillow-01-DES\set-cmn-mib-objects-pillow-01-DES.g1cox
0x15E8705B,Plugins\FieldEditor4\LAND\DAYLIGHT_SEN_OBJECT\MHE_TMD4\set-hre-fusuma-02b-DES\set-hre-fusuma-02b-DES.g1cox
0x15EB91AA,Plugins\FieldEditor4\LAND\DAYLIGHT_CMN_GENERAL\MHE_TMD4\set-cmn-gdt-syugorei-rock-M01\set-cmn-gdt-syugorei-rock-M01.g1mx
0x15FD304C,Plugins\FieldEditor4\LAND\RONIN_OBJECT03\MHE_TMD4\set-s02-ykhm-objects-60-cabinet07-DES\set-s02-ykhm-objects-60-cabinet07-DES.g1cox
0x160BEC89,Plugins\FieldEditor4\LAND\RONIN_OBJECT\MHE_TMD4\set-csl-goods-screen-01-DES\set-csl-goods-screen-01-DES.g1p
0x1615790D,Plugins\FieldEditor4\LAND\RONIN_OBJECT\MHE_TMD4\set-s01-ysk-objects-00-cabinets06-DES\set-s01-ysk-objects-00-cabinets06-DES.g1mx
0x16287DD8,Plugins\FieldEditor4\LAND\DAYLIGHT_CMN_PLANTHICHI\MHE_TMD4\set-dyl-tree-boss-small-02-DES\set-dyl-tree-boss-small-02-DES.g1mx
0x1635038F,Plugins\FieldEditor4\LAND\RONIN_OBJECT\MHE_TMD4\set-cmn-g-throwdonou-01-DES\set-cmn-g-throwdonou-01-DES.g1cox
0x165D16EF,Plugins\FieldEditor4\LAND\RONIN_OBJECT\MHE_TMD4\set-s170-goods-table-05\set-s170-goods-table-05.g1mx
0x16717D62,Plugins\FieldEditor4\LAND\RONIN_OBJECT03\MHE_TMD4\set-s170-goods-weapon-09-DES\set-s170-goods-weapon-09-DES.g1mx
0x16958615,Plugins\FieldEditor4\LAND\TWILIGHT_OBJECT\MHE_TMD4\set-gl-brkobj-box-01b\set-gl-brkobj-box-01b.g1cox
0x169BFCE5,Plugins\FieldEditor4\LAND\RONIN_OBJECT03\MHE_TMD4\set-s02-ykhm-objects-00-stall-06-DES\set-s02-ykhm-objects-00-stall-06-DES.g1p
0x16D5481D,Plugins\FieldEditor4\LAND\RONIN_OBJECT03\MHE_TMD4\set-csl-goods-weapon-02-DES\set-csl-goods-weapon-02-DES.g1p
0x16DE1A87,Plugins\FieldEditor4\LAND\DRAFT_MODEL_CONTAINER\MHE_TMD4\set-general-bonfire-t00a\set-general-bonfire-t00a.g1cox
0x171A89B8,Plugins\FieldEditor4\LAND\RONIN_OBJECT\MHE_TMD4\set-s02-ykhm-objects-46-pannier01-DES\set-s02-ykhm-objects-46-pannier01-DES.g1cox
0x173A07A4,Plugins\FieldEditor4\LAND\TWILIGHT_OBJECT\MHE_TMD4\set-S060-obj-f-01b-bk\set-S060-obj-f-01b-bk.g1cox
0x176BB8A5,Plugins\FieldEditor4\LAND\TWILIGHT_OBJECT\MHE_TMD4\set-s080-goods-straw-break-01\set-s080-goods-straw-break-01.g1mx
0x176D5DA8,Plugins\FieldEditor4\LAND\RONIN_OBJECT03\MHE_TMD4\set-s02-ykhm-objects-30-braziers01-DES\set-s02-ykhm-objects-30-braziers01-DES.g1mx
0x17A15ECF,Plugins\FieldEditor4\LAND\RONIN_OBJECT03\MHE_TMD4\set-DE-hatago-andon-t02a\set-DE-hatago-andon-t02a.g1cox
0x17C3F9AF,Plugins\FieldEditor4\LAND\RONIN_OBJECT\MHE_TMD4\set-s02-ykhm-objects-16-blinds00-DES\set-s02-ykhm-objects-16-blinds00-DES.g1p
0x17F0594C,Plugins\FieldEditor4\LAND\RONIN_OBJECT03\MHE_TMD4\set-s01-ykp-shop-drug-object-22a-DES\set-s01-ykp-shop-drug-object-22a-DES.g1mx
0x17FB7D56,Plugins\FieldEditor4\LAND\RONIN_OBJECT03\MHE_TMD4\set-s02-ykhm-close-objects-04a-DES\set-s02-ykhm-close-objects-04a-DES.g1p
0x1805521D,Plugins\FieldEditor4\LAND\TWILIGHT_OBJECT\MHE_TMD4\set-s060-hole-goods-sacks-05\set-s060-hole-goods-sacks-05.g1p
0x1833D538,Plugins\FieldEditor4\LAND\RONIN_OBJECT\MHE_TMD4\set-s02-ykhm-objects-33-cups02-DES\set-s02-ykhm-objects-33-cups02-DES.g1mx
0x1848D519,Plugins\FieldEditor4\LAND\RONIN_OBJECT03\MHE_TMD4\set-s02-ykhm-objects-watertank-42a\set-s02-ykhm-objects-watertank-42a.g1p
0x1865EE09,Plugins\FieldEditor4\LAND\DAYLIGHT_SEN_OBJECT\MHE_TMD4\set-sen-you-goods-shugen-08-DES\set-sen-you-goods-shugen-08-DES.g1mx
0x1876C541,Plugins\FieldEditor4\LAND\DAYLIGHT_BAK_OBJECT\MHE_TMD4\set-bak-abu-goods-01-DES\set-bak-abu-goods-01-DES.g1mx
0x1889D08E,Plugins\FieldEditor4\LAND\RONIN_OBJECT03\MHE_TMD4\set-s01-ysk-shoji-02-ref-DES\set-s01-ysk-shoji-02-ref-DES.g1cox
0x18914E3A,Plugins\FieldEditor4\LAND\RONIN_OBJECT\MHE_TMD4\set-csl-goods-cushion-02-DES\set-csl-goods-cushion-02-DES.g1mx
0x189C1BCB,Plugins\FieldEditor4\LAND\DRAFT_MODEL_CONTAINER\MHE_TMD4\set-s050-goods-rice-01\set-s050-goods-rice-01.g1p
0x18A87C21,Plugins\FieldEditor4\LAND\RONIN_OBJECT\MHE_TMD4\set-s01-ykp-shop-drug-object-25a-DES\set-s01-ykp-shop-drug-object-25a-DES.g1cox
0x18B9CF90,Plugins\FieldEditor4\LAND\DAYLIGHT_SEN_HOUSE\MHE_TMD4\set-sen-cmn-hotel-door-01-DES\set-sen-cmn-hotel-door-01-DES.g1mx
0x18DC36B1,Plugins\FieldEditor4\LAND\RONIN_OBJECT03\MHE_TMD4\set-s01-sakr-goods-dish05-DES\set-s01-sakr-goods-dish05-DES.g1cox
0x1921F44C,Plugins\FieldEditor4\LAND\RONIN_OBJECT\MHE_TMD4\set-cmn-kyt-flag-02a-DES\set-cmn-kyt-flag-02a-DES.g1mx
0x1955EED6,Plugins\FieldEditor4\LAND\DAYLIGHT_CMN_PLANTHICHI\MHE_TMD4\set-dyl-tree-boss-small-03-DES\set-dyl-tree-boss-small-03-DES.g1cox
0x195C27D2,Plugins\FieldEditor4\LAND\TWILIGHT_OBJECT\MHE_TMD4\set-s010-bg-gm-10\set-s010-bg-gm-10.g1p
0x19A48F42,Plugins\FieldEditor4\LAND\RONIN_OBJECT03\MHE_TMD4\set-cmn-kyt-object-tsukemono-01-DES\set-cmn-kyt-object-tsukemono-01-DES.g1cox
0x19BF110E,Plugins\FieldEditor4\LAND\DAYLIGHT_SEN_OBJECT\MHE_TMD4\set-cmn-fusuma-01a-DES\set-cmn-fusuma-01a-DES.g1p
0x19CFB41C,Plugins\FieldEditor4\LAND\RONIN_OBJECT03\MHE_TMD4\set-s01-ykp-tableware-06-DES\set-s01-ykp-tableware-06-DES.g1cox
0x19FC2A6B,Plugins\FieldEditor4\LAND\TWILIGHT_OBJECT\MHE_TMD4\set-S350-altar-03-brk\set-S350-altar-03-brk.g1p
0x1A2BFE1F,Plugins\FieldEditor4\LAND\RONIN_OBJECT\MHE_TMD4\set-csl-goods-tea-01-DES\set-csl-goods-tea-01-DES.g1p
0x1A35E352,Plugins\FieldEditor4\LAND\RONIN_OBJECT03\MHE_TMD4\set-s010-furnace-goods00-DES\set-s010-furnace-goods00-DES.g1mx
0x1A5B2C6B,Plugins\FieldEditor4\LAND\DAYLIGHT_SEN_OBJECT\MHE_TMD4\set-sen-msk-ruins-DES-01\set-sen-msk-ruins-DES-01.g1mx
0x1A7152F4,Plugins\FieldEditor4\LAND\RONIN_OBJECT03\MHE_TMD4\set-EX-kitchen-goblet01-DES\set-EX-kitchen-goblet01-DES.g1cox
0x1A72DFC7,Plugins\FieldEditor4\LAND\RONIN_OBJECT\MHE_TMD4\set-csl-goods-pail-03-DES\set-csl-goods-pail-03-DES.g1cox
0x1A8D9CE3,Plugins\FieldEditor4\LAND\RONIN_OBJECT03\MHE_TMD4\set-s01-ykp-shop-kajiya-object-27a-DES\set-s01-ykp-shop-kajiya-object-27a-DES.g1cox
0x1AA086CC,Plugins\FieldEditor4\LAND\RONIN_OBJECT03\MHE_TMD4\set-s170-goods-cloth-10-DES\set-s170-goods-cloth-10-DES.g1mx
0x1AADD5A1,Plugins\FieldEditor4\LAND\RONIN_LIGHT\MHE_TMD4\set-csl-goods-light-02-DES\set-csl-goods-light-02-DES.g1p
0x1AB06795,Plugins\FieldEditor4\LAND\DRAFT_MODEL_CONTAINER\MHE_TMD4\set-s060-hole-goods-10\set-s060-hole-goods-10.g1p
0x1ACC86EA,Plugins\FieldEditor4\LAND\RONIN_OBJECT\MHE_TMD4\set-s01-ykp-stall-06-DES\obj-s01-ykp-stall-06-DES.g1mx
0x1AD9B29C,Plugins\FieldEditor4\LAND\RONIN_OBJECT\MHE_TMD4\set-s01-ysk-objects-00-cabinets06-DES\set-s01-ysk-objects-00-cabinets06-DES.g1p
0x1B1FA17D,Plugins\FieldEditor4\LAND\RONIN_OBJECT\MHE_TMD4\set-s01-ysk-objects-00-stove01-DES\set-s01-ysk-objects-00-stove01-DES.g1cox
0x1B48DF78,Plugins\FieldEditor4\LAND\RONIN_OBJECT\MHE_TMD4\set-s02-ykhm-objects-10-clothesline-04\set-s02-ykhm-objects-10-clothesline-04.g1mx
0x1B55D5C2,Plugins\FieldEditor4\LAND\RONIN_OBJECT03\MHE_TMD4\set-s01-ykp-shop-kajiya-object-15a-DES\set-s01-ykp-shop-kajiya-object-15a-DES.g1cox
0x1B7910C2,Plugins\FieldEditor4\LAND\RONIN_OBJECT03\MHE_TMD4\set-s02-ykhm-objects-52-fabric01-DES\set-s02-ykhm-objects-52-fabric01-DES.g1p
0x1BA74AFA,Plugins\FieldEditor4\LAND\RONIN_OBJECT\MHE_TMD4\set-s02-ykhm-objects-10-stair-01-DES\set-s02-ykhm-objects-10-stair-01-DES.g1mx
0x1BB5A9DA,Plugins\FieldEditor4\LAND\TWILIGHT_OBJECT\MHE_TMD4\set-s060-hole-goods-weapon-02\set-s060-hole-goods-weapon-02.g1mx
0x1BB84BB2,Plugins\FieldEditor4\LAND\TWILIGHT_OBJECT\MHE_TMD4\set-general-goods-byobu-03\set-general-goods-byobu-03.g1cox
0x1BC456BF,Plugins\FieldEditor4\LAND\RONIN_OBJECT03\MHE_TMD4\set-s02-edo-knd-obj-19a-DES\set-s02-edo-knd-obj-19a-DES.g1cox
0x1BEA82B9,Plugins\FieldEditor4\LAND\RONIN_OBJECT03\MHE_TMD4\set-s02-edo-ysw-objects-tourou-01a-DES\set-s02-edo-ysw-objects-tourou-01a-DES.g1p
0x1C0653AB,Plugins\FieldEditor4\LAND\RONIN_OBJECT\MHE_TMD4\set-cmn-kyt-obj-sign-01-DES\set-cmn-kyt-obj-sign-01-DES.g1cox
0x1C195E94,Plugins\FieldEditor4\LAND\RONIN_LIGHT\MHE_TMD4\set-s170-goods-lantern-03a-inroom-DES\set-s170-goods-lantern-03a-inroom-DES.g1p
0x1C1EEA53,Plugins\FieldEditor4\LAND\RONIN_OBJECT\MHE_TMD4\set-s010-Village-goods-04\set-s010-Village-goods-04.g1mx
0x1C497764,Plugins\FieldEditor4\LAND\RONIN_OBJECT03\MHE_TMD4\set-s02-kdc-objects-torture-16b-DES\set-s02-kdc-objects-torture-16b-DES.g1cox
0x1C59A226,Plugins\FieldEditor4\LAND\RONIN_OBJECT03\MHE_TMD4\set-s01-ykp-goods-03-DES\set-s01-ykp-goods-03-DES.g1p
0x1C6ECE46,Plugins\FieldEditor4\LAND\RONIN_LIGHT\MHE_TMD4\set-csl-goods-light-03-DES\set-csl-goods-light-03-DES.g1cox
0x1CB9BCDE,Plugins\FieldEditor4\LAND\DAYLIGHT_CMN_GENERAL\MHE_TMD4\set-bak-gdt-hell-blade-tpo\set-bak-gdt-hell-blade-tpo.g1mx
0x1CC3B18C,Plugins\FieldEditor4\LAND\DAYLIGHT_EDO_OBJECT\MHE_TMD4\set-edo-edojo-pot-01-DES\set-edo-edojo-pot-01-DES.g1cox
0x1CE55191,Plugins\FieldEditor4\LAND\RONIN_OBJECT03\MHE_TMD4\set-cmn-edo-obj-watertank-01a-DES\set-cmn-edo-obj-watertank-01a-DES.g1p
0x1CEC3123,Plugins\FieldEditor4\LAND\RONIN_OBJECT\MHE_TMD4\set-csl-goods-A-pot-00-DES\set-csl-goods-A-pot-00-DES.g1mx
0x1D1EEE28,Plugins\FieldEditor4\LAND\TWILIGHT_PLANTHICHI\MHE_TMD4\set-s050-tree-boss-small-01\set-s050-tree-boss-small-01.g1p
0x1D3B5A70,Plugins\FieldEditor4\LAND\RONIN_OBJECT03\MHE_TMD4\set-EX-kitchen-bench01-DES\set-EX-kitchen-bench01-DES.g1mx
0x1D44FF4D,Plugins\FieldEditor4\LAND\RONIN_OBJECT03\MHE_TMD4\set-cmn-ky-shop-obj-flag-03\set-cmn-ky-shop-obj-flag-03.g1p
0x1D4646B6,Plugins\FieldEditor4\LAND\RONIN_OBJECT03\MHE_TMD4\set-s02-ykhm-objects-08-jars05-DES\set-s02-ykhm-objects-08-jars05-DES.g1p
0x1D4ABD0C,Plugins\FieldEditor4\LAND\TWILIGHT_OBJECT\MHE_TMD4\set-general-placement-05\set-general-placement-05.g1p
0x1D637C74,Plugins\FieldEditor4\LAND\DAYLIGHT_SEN_OBJECT\MHE_TMD4\set-sen-cha-basket-03-DES\set-sen-cha-basket-03-DES.g1p
0x1D75E5BF,Plugins\FieldEditor4\LAND\RONIN_OBJECT03\MHE_TMD4\set-s01-ysk-shoji-02-ref-DES\set-s01-ysk-shoji-02-ref-DES.g1mx
0x1D889A39,Plugins\FieldEditor4\LAND\DAYLIGHT_BAK_HELL\MHE_TMD4\set-bak-cmn-hell-needle-01a-DES\set-bak-cmn-hell-needle-01a-DES.g1p
0x1D97A5A3,Plugins\FieldEditor4\LAND\RONIN_OBJECT\MHE_TMD4\set-csl-goods-screen-01b-DES\set-csl-goods-screen-01b-DES.g1p
0x1DBE4733,Plugins\FieldEditor4\LAND\RONIN_OBJECT\MHE_TMD4\set-cmn-obj-kakashi-01a\set-cmn-obj-kakashi-01a.g1p
0x1DCC1663,Plugins\FieldEditor4\LAND\RONIN_OBJECT\MHE_TMD4\set-s01-ykp-shop-kajiya-object-08a-DES\set-s01-ykp-shop-kajiya-object-08a-DES.g1cox
0x1E16BE24,Plugins\FieldEditor4\LAND\DAYLIGHT_SEN_OBJECT\MHE_TMD4\set-sen-cmn-light-03-DES\obj-sen-cmn-light-03-DES.g1mx
0x1E4F0AFA,Plugins\FieldEditor4\LAND\RONIN_OBJECT\MHE_TMD4\set-s02-ykhm-objects-17-blinds01-DES\set-s02-ykhm-objects-17-blinds01-DES.g1mx
0x1E84C7E1,Plugins\FieldEditor4\LAND\RONIN_OBJECT03\MHE_TMD4\set-krf-cannon-box-01-DES\set-krf-cannon-box-01-DES.g1cox
0x1EAB37DB,Plugins\FieldEditor4\LAND\RONIN_OBJECT\MHE_TMD4\set-csl-goods-box-04-DES\set-csl-goods-box-04-DES.g1cox
0x1EBACE35,Plugins\FieldEditor4\LAND\DAYLIGHT_CMN_HELL\MHE_TMD4\set-hell-homura-SS-01-DES\set-hell-homura-SS-01-DES.g1cox
0x1EC1C8B3,Plugins\FieldEditor4\LAND\DAYLIGHT_BAK_OBJECT\MHE_TMD4\set-bak-hnj-obj-pot-buddhist-01a-DES\set-bak-hnj-obj-pot-buddhist-01a-DES.g1mx
0x1ECA708D,Plugins\FieldEditor4\LAND\DRAFT_MODEL_CONTAINER\MHE_TMD4\set-s060-hole-goods-17\set-s060-hole-goods-17.g1mx
0x1EE19784,Plugins\FieldEditor4\LAND\RONIN_OBJECT03\MHE_TMD4\set-s01-ykp-shop-kajiya-obj-03\set-s01-ykp-shop-kajiya-obj-03.g1cox
0x1F03A2C2,Plugins\FieldEditor4\LAND\RONIN_OBJECT\MHE_TMD4\set-cmn-gissha-05\set-cmn-gissha-05.g1cox
0x1F48E041,Plugins\FieldEditor4\LAND\RONIN_OBJECT03\MHE_TMD4\set-csl-goods-weapon-02-DES\set-csl-goods-weapon-02-DES.g1cox
0x1F544CC7,Plugins\FieldEditor4\LAND\TWILIGHT_OBJECT\MHE_TMD4\set-general-placement-07-dirt\set-general-placement-07-dirt.g1p
0x1F58677B,Plugins\FieldEditor4\LAND\RONIN_OBJECT03\MHE_TMD4\set-EX-office-notebook01-DES\set-EX-office-notebook01-DES.g1mx
0x1FDF7239,Plugins\FieldEditor4\LAND\DAYLIGHT_CMN_GENERAL\MHE_TMD4\set-GGT-hei-s0310-bamboo-M-03-DES\set-GGT-hei-s0310-bamboo-M-03-DES.g1p
0x2004B2FD,Plugins\FieldEditor4\LAND\DAYLIGHT_BAK_OBJECT\MHE_TMD4\set-bak-yukaku-fence-01-DES\set-bak-yukaku-fence-01-DES.g1cox
0x20440E51,Plugins\FieldEditor4\LAND\RONIN_OBJECT03\MHE_TMD4\set-s170-goods-table-03-DES\set-s170-goods-table-03-DES.g1cox
0x209A7088,Plugins\FieldEditor4\LAND\RONIN_LIGHT\MHE_TMD4\set-s03-kyt-cmn-objects-light-andon-02a-DES\set-s03-kyt-cmn-objects-light-andon-02a-DES.g1cox
0x20CB1858,Plugins\FieldEditor4\LAND\DAYLIGHT_SEN_OBJECT\MHE_TMD4\set-hre-fusuma-04a-DES\set-hre-fusuma-04a-DES.g1cox
0x20F3A9DE,Plugins\FieldEditor4\LAND\RONIN_OBJECT03\MHE_TMD4\set-s01-ykp-shop-kajiya-object-15a-DES\set-s01-ykp-shop-kajiya-object-15a-DES.g1p
0x20FF263B,Plugins\FieldEditor4\LAND\RONIN_OBJECT\MHE_TMD4\set-s01-ykp-shop-kajiya-object-11a-DES\set-s01-ykp-shop-kajiya-object-11a-DES.g1cox
0x211F5CFF,Plugins\FieldEditor4\LAND\RONIN_OBJECT03\MHE_TMD4\set-s02-ykhm-objects-03-bowlshelf01-DES\set-s02-ykhm-objects-03-bowlshelf01-DES.g1cox
0x214210DF,Plugins\FieldEditor4\LAND\DAYLIGHT_SEN_HOUSE\MHE_TMD4\set-sen-cmn-hotel-door-03-DES\set-sen-cmn-hotel-door-03-DES.g1cox
0x21437D6A,Plugins\FieldEditor4\LAND\RONIN_OBJECT03\MHE_TMD4\set-csl-goods-shoji-02-DES\set-csl-goods-shoji-02-DES.g1p
0x215B9803,Plugins\FieldEditor4\LAND\RONIN_OBJECT03\MHE_TMD4\set-s02-ykhm-objects-37-table02-DES\set-s02-ykhm-objects-37-table02-DES.g1p
0x2160B965,Plugins\FieldEditor4\LAND\TWILIGHT_OBJECT\MHE_TMD4\set-S360-hot-springs-tub-01\set-S360-hot-springs-tub-01.g1cox
0x218DBFE3,Plugins\FieldEditor4\LAND\RONIN_OBJECT03\MHE_TMD4\set-s170-goods-lantern-03-inroom\set-s170-goods-lantern-03-inroom.g1p
0x21B614DD,Plugins\FieldEditor4\LAND\DAYLIGHT_SEN_OBJECT\MHE_TMD4\set-sen-cmn-goods-tea-05-DES\set-sen-cmn-goods-tea-05-DES.g1mx
0x221825EE,Plugins\FieldEditor4\LAND\RONIN_OBJECT\MHE_TMD4\set-cmn-g-s02-edo-knd-obj-01a-DES\set-cmn-g-s02-edo-knd-obj-01a-DES.g1cox
0x224C7E22,Plugins\FieldEditor4\LAND\DAYLIGHT_BAK_OBJECT\MHE_TMD4\set-bak-abu-BOSS-house-pillar-02-DES\set-bak-abu-BOSS-house-pillar-02-DES.g1p
0x226D008C,Plugins\FieldEditor4\LAND\RONIN_OBJECT03\MHE_TMD4\set-s02-edo-ysw-objects-bonsai-01a-DES\set-s02-edo-ysw-objects-bonsai-01a-DES.g1mx
0x229F4D0B,Plugins\FieldEditor4\LAND\RONIN_OBJECT\MHE_TMD4\set-cmn-edo-obj-pail-01a\set-cmn-edo-obj-pail-01a.g1cox
0x22AC4124,Plugins\FieldEditor4\LAND\RONIN_OBJECT\MHE_TMD4\set-cmn-g-fire-01b\set-cmn-g-fire-01b.g1p
0x22B6231B,Plugins\FieldEditor4\LAND\TWILIGHT_OBJECT\MHE_TMD4\set-S070-bf-wreck-03\set-S070-bf-wreck-03.g1cox
0x22CDE95B,Plugins\FieldEditor4\LAND\RONIN_OBJECT03\MHE_TMD4\set-cmn-flag-chosyuhan\set-cmn-flag-chosyuhan.g1p
0x22D0CB90,Plugins\FieldEditor4\LAND\RONIN_OBJECT03\MHE_TMD4\set-EX-kitchen-goblet01-DES\set-EX-kitchen-goblet01-DES.g1p
0x23161A86,Plugins\FieldEditor4\LAND\RONIN_OBJECT\MHE_TMD4\set-s02-edo-skr-obj-04a\set-s02-edo-skr-obj-04a.g1mx
0x23311FDF,Plugins\FieldEditor4\LAND\RONIN_OBJECT\MHE_TMD4\set-s01-ykp-tableware-00-DES\set-s01-ykp-tableware-00-DES.g1cox
0x235FAF0F,Plugins\FieldEditor4\LAND\RONIN_OBJECT\MHE_TMD4\set-s02-ykhm-objects-17-blinds01-DES\set-s02-ykhm-objects-17-blinds01-DES.g1p
0x23683E6E,Plugins\FieldEditor4\LAND\RONIN_OBJECT03\MHE_TMD4\set-EX-office-notebook01-DES\set-EX-office-notebook01-DES.g1p
0x236CF02E,Plugins\FieldEditor4\LAND\DAYLIGHT_KOD_LIGHT\MHE_TMD4\set-kod-ocha-andon-01-DES\set-kod-ocha-andon-01-DES.g1cox
0x2390949F,Plugins\FieldEditor4\LAND\RONIN_OBJECT\MHE_TMD4\set-s02-edo-knd-obj-01a-DES\set-s02-edo-knd-obj-01a-DES.g1p
0x239AA1D4,Plugins\FieldEditor4\LAND\RONIN_OBJECT03\MHE_TMD4\set-s02-ykhm-objects-29-pillow01-DES\set-s02-ykhm-objects-29-pillow01-DES.g1cox
0x23E7A473,Plugins\FieldEditor4\LAND\RONIN_OBJECT03\MHE_TMD4\set-s02-edo-knd-obj-31a\set-s02-edo-knd-obj-31a.g1p
0x24031B3A,Plugins\FieldEditor4\LAND\DAYLIGHT_CMN_GENERAL\MHE_TMD4\set-gdt-hei-hell-ice-02a-DES\set-gdt-hei-hell-ice-02a-DES.g1p
0x24246C4C,Plugins\FieldEditor4\LAND\DAYLIGHT_SEN_OBJECT\MHE_TMD4\set-sen-cmn-paper-DES\obj-sen-cmn-paper-DES.g1cox
0x243AD76A,Plugins\FieldEditor4\LAND\RONIN_OBJECT\MHE_TMD4\set-s02-edo-knd-obj-01a-DES\set-s02-edo-knd-obj-01a-DES.g1mx
0x243DBD37,Plugins\FieldEditor4\LAND\DAYLIGHT_BAK_OBJECT\MHE_TMD4\set-bak-hnj-obj-pot-buddhist-01b-DES\set-bak-hnj-obj-pot-buddhist-01b-DES.g1p
0x2445A836,Plugins\FieldEditor4\LAND\RONIN_OBJECT03\MHE_TMD4\set-s01-ykp-shop-photo-obj-03a-DES\set-s01-ykp-shop-photo-obj-03a-DES.g1p
0x246772BE,Plugins\FieldEditor4\LAND\RONIN_OBJECT\MHE_TMD4\set-s01-ykp-tableware-01-DES\set-s01-ykp-tableware-01-DES.g1cox
0x2475CDDC,Plugins\FieldEditor4\LAND\TWILIGHT_OBJECT\MHE_TMD4\set-s060-hole-goods-sacks-04\set-s060-hole-goods-sacks-04.g1p
0x24A6DC1B,Plugins\FieldEditor4\LAND\RONIN_OBJECT\MHE_TMD4\set-cmn-mib-objects-01-DES\set-cmn-mib-objects-01-DES.g1p
0x24B69E3E,Plugins\FieldEditor4\LAND\TWILIGHT_OBJECT\MHE_TMD4\set-s060-hole-goods-16\set-s060-hole-goods-16.g1cox
0x24C4D458,Plugins\FieldEditor4\LAND\DAYLIGHT_EDO_OBJECT\MHE_TMD4\set-edo-edojo-box-03-DES\set-edo-edojo-box-03-DES.g1cox
0x24E3E051,Plugins\FieldEditor4\LAND\DAYLIGHT_CMN_HELL\MHE_TMD4\set-gdt-hell-kusabi-a01-DES\set-gdt-hell-kusabi-a01-DES.g1mx
0x24F40D1F,Plugins\FieldEditor4\LAND\DAYLIGHT_SEN_OBJECT\MHE_TMD4\set-sen-cmn-goods-tea-03-DES\set-sen-cmn-goods-tea-03-DES.g1mx
0x250AB839,Plugins\FieldEditor4\LAND\RONIN_OBJECT\MHE_TMD4\set-s01-ykp-shop-kajiya-object-02a-DES\set-s01-ykp-shop-kajiya-object-02a-DES.g1p
0x251006B4,Plugins\FieldEditor4\LAND\TWILIGHT_OBJECT\MHE_TMD4\set-s010-goods-pail-02\set-s010-goods-pail-02.g1p
0x2517D236,Plugins\FieldEditor4\LAND\RONIN_OBJECT03\MHE_TMD4\set-s170-goods-box-05-DES\set-s170-goods-box-05-DES.g1cox
0x25241C0D,Plugins\FieldEditor4\LAND\RONIN_OBJECT03\MHE_TMD4\set-cmn-mib-objects-03-DES\set-cmn-mib-objects-03-DES.g1mx
0x2524ECCD,Plugins\FieldEditor4\LAND\RONIN_OBJECT03\MHE_TMD4\set-csl-goods-table-05-DES\set-csl-goods-table-05-DES.g1mx
0x25287DFB,Plugins\FieldEditor4\LAND\RONIN_OBJECT\MHE_TMD4\set-s01-ykw-fishing-objects-02-basket-02-DES\set-s01-ykw-fishing-objects-02-basket-02-DES.g1cox
0x25643CB3,Plugins\FieldEditor4\LAND\RONIN_OBJECT03\MHE_TMD4\set-s02-ykhm-objects-04-jars01-DES\set-s02-ykhm-objects-04-jars01-DES.g1mx
0x256FC091,Plugins\FieldEditor4\LAND\DAYLIGHT_CMN_GENERAL\MHE_TMD4\set-cmn-gdt-touseki-rock-01\set-cmn-gdt-touseki-rock-01.g1p
0x258B1614,Plugins\FieldEditor4\LAND\RONIN_OBJECT\MHE_TMD4\set-csl-goods-shelf-05-DES\set-csl-goods-shelf-05-DES.g1mx
0x259DC59D,Plugins\FieldEditor4\LAND\RONIN_OBJECT\MHE_TMD4\set-s01-ykp-tableware-02-DES\set-s01-ykp-tableware-02-DES.g1cox
0x25AAF6BD,Plugins\FieldEditor4\LAND\DAYLIGHT_SEN_OBJECT\MHE_TMD4\set-sen-cmn-obj-screen-05-DES\set-sen-cmn-obj-screen-05-DES.g1cox
0x25AC6868,Plugins\FieldEditor4\LAND\RONIN_OBJECT03\MHE_TMD4\set-s01-umbrella-a-06\set-s01-umbrella-a-06.g1p
0x25B4E0BF,Plugins\FieldEditor4\LAND\RONIN_OBJECT03\MHE_TMD4\set-EX-kitchen-crock03-DES\set-EX-kitchen-crock03-DES.g1p
0x25EAD44B,Plugins\FieldEditor4\LAND\RONIN_OBJECT\MHE_TMD4\set-s01-ykw-fishing-objects-01-driedfish-01-DES\set-s01-ykw-fishing-objects-01-driedfish-01-DES.g1cox
0x25EB1738,Plugins\FieldEditor4\LAND\DAYLIGHT_CMN_HELL\MHE_TMD4\set-hell-homura-SS-01-DES\set-hell-homura-SS-01-DES.g1mx
0x263F40AC,Plugins\FieldEditor4\LAND\RONIN_OBJECT\MHE_TMD4\set-cmn-g-throw-pot-01a-DES\set-cmn-g-throw-pot-01a-DES.g1cox
0x26551F48,Plugins\FieldEditor4\LAND\RONIN_OBJECT03\MHE_TMD4\set-csl-goods-weapon-09-DES\set-csl-goods-weapon-09-DES.g1cox
0x266D5DCF,Plugins\FieldEditor4\LAND\DAYLIGHT_CMN_GENERAL\MHE_TMD4\set-GGT-s0310-bamboo-M-01-DES\set-GGT-s0310-bamboo-M-01-DES.g1cox
0x2688E8F1,Plugins\FieldEditor4\LAND\RONIN_LIGHT\MHE_TMD4\set-cmn-kyt-light-03\set-cmn-kyt-light-03.g1mx
0x26F20D2D,Plugins\FieldEditor4\LAND\RONIN_OBJECT\MHE_TMD4\set-csl-goods-mat-03-DES\set-csl-goods-mat-03-DES.g1p
0x270ECB76,Plugins\FieldEditor4\LAND\RONIN_OBJECT\MHE_TMD4\set-s02-ykhm-objects-15-chair01-DES\set-s02-ykhm-objects-15-chair01-DES.g1p
0x273660BF,Plugins\FieldEditor4\LAND\RONIN_OBJECT03\MHE_TMD4\set-EX-office-book02-DES\set-EX-office-book02-DES.g1p
0x273CBBF2,Plugins\FieldEditor4\LAND\RONIN_OBJECT\MHE_TMD4\set-s01-sksh-objects-00-rice01-DES\set-s01-sksh-objects-00-rice01-DES.g1mx
0x27551A80,Plugins\FieldEditor4\LAND\RONIN_OBJECT\MHE_TMD4\set-s01-ykp-shop-kajiya-object-09a-DES\set-s01-ykp-shop-kajiya-object-09a-DES.g1p
0x2764041A,Plugins\FieldEditor4\LAND\RONIN_OBJECT03\MHE_TMD4\set-s01-ykp-shop-photo-obj-18a-DES\set-s01-ykp-shop-photo-obj-18a-DES.g1p
0x27784E2D,Plugins\FieldEditor4\LAND\RONIN_OBJECT\MHE_TMD4\set-cmn-kyt-flag-01a-DES\set-cmn-kyt-flag-01a-DES.g1mx
0x27786CD5,Plugins\FieldEditor4\LAND\RONIN_OBJECT03\MHE_TMD4\set-s02-chdojo-objects-radish-01-DES\set-s02-chdojo-objects-radish-01-DES.g1p
0x2786824D,Plugins\FieldEditor4\LAND\RONIN_OBJECT03\MHE_TMD4\set-s03-kin-flag-02b\set-s03-kin-flag-02b.g1p
0x2797718C,Plugins\FieldEditor4\LAND\RONIN_OBJECT03\MHE_TMD4\set-s01-sakr-goods-dish04-DES\set-s01-sakr-goods-dish04-DES.g1p
0x27A3B54A,Plugins\FieldEditor4\LAND\RONIN_OBJECT\MHE_TMD4\set-s01-ry-goods-kithn-chair-00\set-s01-ry-goods-kithn-chair-00.g1cox
0x27A557A4,Plugins\FieldEditor4\LAND\RONIN_LIGHT\MHE_TMD4\set-s03-kyt-cmn-objects-light-andon-03a-DES\set-s03-kyt-cmn-objects-light-andon-03a-DES.g1mx
0x27BB9218,Plugins\FieldEditor4\LAND\RONIN_OBJECT\MHE_TMD4\set-s02-chdojo-objects-radish-02-DES\set-s02-chdojo-objects-radish-02-DES.g1mx
0x27C2425A,Plugins\FieldEditor4\LAND\DAYLIGHT_BAK_LIGHT\MHE_TMD4\set-bak-cmn-andon-light-01-DES\set-bak-cmn-andon-light-01-DES.g1mx
0x27C51D63,Plugins\FieldEditor4\LAND\RONIN_OBJECT\MHE_TMD4\set-s01-ykp-goods-00-DES\set-s01-ykp-goods-00-DES.g1mx
0x27CF1331,Plugins\FieldEditor4\LAND\TWILIGHT_OBJECT\MHE_TMD4\set-s010-bg-gm-13-dest\set-s010-bg-gm-13-dest.g1p
0x27DA4AFF,Plugins\FieldEditor4\LAND\RONIN_OBJECT03\MHE_TMD4\set-csl-goods-table-02-DES\set-csl-goods-table-02-DES.g1p
0x280A6B5B,Plugins\FieldEditor4\LAND\RONIN_OBJECT\MHE_TMD4\set-s01-ykp-tableware-04-DES\set-s01-ykp-tableware-04-DES.g1cox
0x28320561,Plugins\FieldEditor4\LAND\DAYLIGHT_SEN_OBJECT\MHE_TMD4\set-sen-cmn-goods-tea-01-DES\set-sen-cmn-goods-tea-01-DES.g1mx
0x2841828B,Plugins\FieldEditor4\LAND\DAYLIGHT_CMN_GENERAL\MHE_TMD4\set-gatling-01-GADGET\set-gatling-01-GADGET.g1p
0x286DF929,Plugins\FieldEditor4\LAND\DAYLIGHT_EDO_OBJECT\MHE_TMD4\set-edo-edojo-pot-02-DES\set-edo-edojo-pot-02-DES.g1p
0x28D33D59,Plugins\FieldEditor4\LAND\TWILIGHT_OBJECT\MHE_TMD4\set-s010-goods-box-01\set-s010-goods-box-01.g1mx
0x28DA4CA5,Plugins\FieldEditor4\LAND\RONIN_LIGHT\MHE_TMD4\set-csl-goods-light-06-DES\set-csl-goods-light-06-DES.g1p
0x2932F1EF,Plugins\FieldEditor4\LAND\DAYLIGHT_BAK_OBJECT\MHE_TMD4\set-bak-yukaku-goods-screen-03-DES\set-bak-yukaku-goods-screen-03-DES.g1mx
0x2940BE3A,Plugins\FieldEditor4\LAND\RONIN_OBJECT\MHE_TMD4\set-s01-ykp-tableware-05-DES\set-s01-ykp-tableware-05-DES.g1cox
0x29471D47,Plugins\FieldEditor4\LAND\RONIN_OBJECT03\MHE_TMD4\set-csl-goods-pot-01b-DES\obj-csl-goods-pot-01b-DES.g1mx
0x2961DFA7,Plugins\FieldEditor4\LAND\RONIN_OBJECT03\MHE_TMD4\set-s02-ykhm-objects-52-fabric01-DES\set-s02-ykhm-objects-52-fabric01-DES.g1mx
0x2982BD07,Plugins\FieldEditor4\LAND\DAYLIGHT_CMN_GENERAL\MHE_TMD4\set-cmn-gdt-summon-tourou-01\set-cmn-gdt-summon-tourou-01.g1p
0x2989E17E,Plugins\FieldEditor4\LAND\DAYLIGHT_SEN_OBJECT\MHE_TMD4\set-sen-cmn-light-03-DES\set-sen-cmn-light-03-DES.g1cox
0x2990BDE3,Plugins\FieldEditor4\LAND\RONIN_OBJECT03\MHE_TMD4\set-YABUSAME-target-01a\set-YABUSAME-target-01a.g1p
0x29920372,Plugins\FieldEditor4\LAND\RONIN_OBJECT03\MHE_TMD4\set-s01-sakr-goods-dish06-DES\set-s01-sakr-goods-dish06-DES.g1cox
0x29B2FFF4,Plugins\FieldEditor4\LAND\RONIN_OBJECT03\MHE_TMD4\set-s01-ykp-bonsai-03-DES\obj-s01-ykp-bonsai-03-DES.g1mx
0x29B57B0C,Plugins\FieldEditor4\LAND\RONIN_OBJECT03\MHE_TMD4\set-cmn-ky-shop-obj-flag-02\set-cmn-ky-shop-obj-flag-02.g1p
0x29C05270,Plugins\FieldEditor4\LAND\RONIN_OBJECT03\MHE_TMD4\set-s02-ykhm-objects-29-pillow01-DES\set-s02-ykhm-objects-29-pillow01-DES.g1p
0x29C3A763,Plugins\FieldEditor4\LAND\RONIN_OBJECT03\MHE_TMD4\set-s01-china-goods-vial-01f-DES\set-s01-china-goods-vial-01f-DES.g1cox
0x29CAA906,Plugins\FieldEditor4\LAND\DAYLIGHT_BAK_OBJECT\MHE_TMD4\set-bak-abu-BOSS-house-pillar-02-DES\set-bak-abu-BOSS-house-pillar-02-DES.g1cox
0x29D2B5E8,Plugins\FieldEditor4\LAND\RONIN_OBJECT\MHE_TMD4\set-s02-edo-ysw-object-kimono-01-DES\set-s02-edo-ysw-object-kimono-01-DES.g1mx
0x2A1E65B5,Plugins\FieldEditor4\LAND\RONIN_OBJECT03\MHE_TMD4\set-cmn-mib-flag-02b\set-cmn-mib-flag-02b.g1cox
0x2A2D56EE,Plugins\FieldEditor4\LAND\RONIN_OBJECT03\MHE_TMD4\set-s02-edo-ysw-objects-flower-01a\set-s02-edo-ysw-objects-flower-01a.g1p
0x2AB7DD5B,Plugins\FieldEditor4\LAND\DRAFT_MODEL_CONTAINER\MHE_TMD4\set-S050-fbbox-01\set-S050-fbbox-01.g1p
0x2B00D09B,Plugins\FieldEditor4\LAND\RONIN_OBJECT03\MHE_TMD4\set-s02-edj-wooden-box-02-DES\obj-s02-edj-wooden-box-02-DES.g1p
0x2B1E5C24,Plugins\FieldEditor4\LAND\RONIN_OBJECT\MHE_TMD4\set-general-bonfire-t02a\set-general-bonfire-t02a.g1p
0x2B4539BF,Plugins\FieldEditor4\LAND\RONIN_OBJECT03\MHE_TMD4\set-ykak-goods-chair-03\set-ykak-goods-chair-03.g1p
0x2B6819AD,Plugins\FieldEditor4\LAND\RONIN_OBJECT\MHE_TMD4\set-csl-goods-screen-01-DES\set-csl-goods-screen-01-DES.g1cox
0x2B6CC858,Plugins\FieldEditor4\LAND\TWILIGHT_OBJECT\MHE_TMD4\set-s010-bg-gm-11\set-s010-bg-gm-11.g1mx
0x2B811B7E,Plugins\FieldEditor4\LAND\DAYLIGHT_SEN_OBJECT\MHE_TMD4\set-sen-msk-ruins-DES-01\set-sen-msk-ruins-DES-01.g1p
0x2B8E709C,Plugins\FieldEditor4\LAND\RONIN_OBJECT03\MHE_TMD4\set-EX-kitchen-bench02-DES\set-EX-kitchen-bench02-DES.g1cox
0x2B9FEEA5,Plugins\FieldEditor4\LAND\DAYLIGHT_SEN_OBJECT\MHE_TMD4\set-sen-cmn-light-03-DES\obj-sen-cmn-light-03-DES.g1p
0x2BB76832,Plugins\FieldEditor4\LAND\DAYLIGHT_SEN_OBJECT\MHE_TMD4\set-hre-fusuma-01a-DES\set-hre-fusuma-01a-DES.g1mx
0x2BC3BF3D,Plugins\FieldEditor4\LAND\RONIN_OBJECT03\MHE_TMD4\set-s02-edo-ysw-objects-bonsai-01a-DES\set-s02-edo-ysw-objects-bonsai-01a-DES.g1p
0x2BD39FEE,Plugins\FieldEditor4\LAND\RONIN_OBJECT03\MHE_TMD4\set-s02-ykhm-objects-00-stall-01-DES\set-s02-ykhm-objects-00-stall-01-DES.g1cox
0x2BF39D70,Plugins\FieldEditor4\LAND\DAYLIGHT_SEN_OBJECT\MHE_TMD4\set-sen-cmn-objects-cushion-01-DES\set-sen-cmn-objects-cushion-01-DES.g1mx
0x2C01F15B,Plugins\FieldEditor4\LAND\RONIN_OBJECT\MHE_TMD4\set-s01-goods-cask-01-DES\set-s01-goods-cask-01-DES.g1cox
0x2C0404C9,Plugins\FieldEditor4\LAND\DAYLIGHT_SEN_OBJECT\MHE_TMD4\set-sen-cmn-light-03-DES\obj-sen-cmn-light-03-DES.g1cox
0x2C5D31EB,Plugins\FieldEditor4\LAND\RONIN_OBJECT03\MHE_TMD4\set-csl-goods-screen-01b-break-DES\set-csl-goods-screen-01b-break-DES.g1cox
0x2C91ECA4,Plugins\FieldEditor4\LAND\RONIN_OBJECT\MHE_TMD4\set-s01-ykp-shop-goods-01a-DES\set-s01-ykp-shop-goods-01a-DES.g1p
0x2C98E0B6,Plugins\FieldEditor4\LAND\RONIN_OBJECT\MHE_TMD4\set-s02-ykhm-objects-45-pannier01-DES\set-s02-ykhm-objects-45-pannier01-DES.g1mx
0x2CC0670C,Plugins\FieldEditor4\LAND\RONIN_OBJECT03\MHE_TMD4\set-general-bonfire-t03a\set-general-bonfire-t03a.g1cox
0x2CD6D3E0,Plugins\FieldEditor4\LAND\RONIN_OBJECT03\MHE_TMD4\set-csl-goods-pot-03b-DES\obj-csl-goods-pot-03b-DES.g1p
0x2CE2C8CE,Plugins\FieldEditor4\LAND\RONIN_OBJECT03\MHE_TMD4\set-s02-ykhm-objects-61-cabinet08-DES\set-s02-ykhm-objects-61-cabinet08-DES.g1cox
0x2D254286,Plugins\FieldEditor4\LAND\RONIN_OBJECT03\MHE_TMD4\set-s170-goods-lantern-03\set-s170-goods-lantern-03.g1mx
0x2D797E4D,Plugins\FieldEditor4\LAND\DAYLIGHT_EDO_OBJECT\MHE_TMD4\set-edo-edojo-pot-02-DES\set-edo-edojo-pot-02-DES.g1cox
0x2D802EF7,Plugins\FieldEditor4\LAND\RONIN_OBJECT\MHE_TMD4\set-cmn-kyt-objects-sake02a-DES\set-cmn-kyt-objects-sake02a-DES.g1p
0x2D8DA7EE,Plugins\FieldEditor4\LAND\DAYLIGHT_SEN_NATURE\MHE_TMD4\set-dyl-grass-toutyukasou-03-DES\set-dyl-grass-toutyukasou-03-DES.g1p
0x2D9B9E43,Plugins\FieldEditor4\LAND\RONIN_OBJECT\MHE_TMD4\set-s01-ykp-shop-kajiya-obj-01\set-s01-ykp-shop-kajiya-obj-01.g1cox
0x2DC6A2D1,Plugins\FieldEditor4\LAND\RONIN_OBJECT\MHE_TMD4\set-s01-ykp-shop-kajiya-object-12a-DES\set-s01-ykp-shop-kajiya-object-12a-DES.g1mx
0x2DE9E358,Plugins\FieldEditor4\LAND\TWILIGHT_OBJECT\MHE_TMD4\set-gl-brkobj-box-01b\set-gl-brkobj-box-01b.g1mx
0x2DED7A5A,Plugins\FieldEditor4\LAND\RONIN_OBJECT03\MHE_TMD4\set-s02-ykhm-objects-06-jars03-DES\set-s02-ykhm-objects-06-jars03-DES.g1cox
0x2DFCAF3C,Plugins\FieldEditor4\LAND\RONIN_OBJECT03\MHE_TMD4\set-s01-sakr-goods-dish05-DES\set-s01-sakr-goods-dish05-DES.g1mx
0x2E1CED01,Plugins\FieldEditor4\LAND\DAYLIGHT_EDO_OBJECT\MHE_TMD4\set-edo-edojo-pot-01-DES\set-edo-edojo-pot-01-DES.g1mx
0x2E2E6809,Plugins\FieldEditor4\LAND\RONIN_OBJECT03\MHE_TMD4\set-s01-ykp-shop-kajiya-obj-03\set-s01-ykp-shop-kajiya-obj-03.g1mx
0x2E430608,Plugins\FieldEditor4\LAND\TWILIGHT_OBJECT\MHE_TMD4\set-S360-hot-springs-tub-01\set-S360-hot-springs-tub-01.g1mx
0x2E59DA41,Plugins\FieldEditor4\LAND\DAYLIGHT_SEN_OBJECT\MHE_TMD4\set-sen-cmn-paper-DES\obj-sen-cmn-paper-DES.g1mx
0x2E71820E,Plugins\FieldEditor4\LAND\TWILIGHT_OBJECT\MHE_TMD4\set-s030-tana-00\set-s030-tana-00.g1p
0x2EC5C216,Plugins\FieldEditor4\LAND\RONIN_OBJECT03\MHE_TMD4\set-s02-edo-knd-obj-31a\set-s02-edo-knd-obj-31a.g1mx
0x2EC9A203,Plugins\FieldEditor4\LAND\DAYLIGHT_CMN_GENERAL\MHE_TMD4\set-cmn-gdt-syugorei-rock-M01\set-cmn-gdt-syugorei-rock-M01.g1cox
0x2EDA40A3,Plugins\FieldEditor4\LAND\RONIN_OBJECT\MHE_TMD4\set-s02-ykhm-objects-56-fabric05-DES\set-s02-ykhm-objects-56-fabric05-DES.g1cox
0x2EFB646F,Plugins\FieldEditor4\LAND\RONIN_OBJECT\MHE_TMD4\set-s02-ykhm-objects-18-blinds02-DES\set-s02-ykhm-objects-18-blinds02-DES.g1p
0x2F159D94,Plugins\FieldEditor4\LAND\RONIN_OBJECT03\MHE_TMD4\set-ykak-goods-chair-02-DES\set-ykak-goods-chair-02-DES.g1cox
0x2F1FA2A7,Plugins\FieldEditor4\LAND\RONIN_LIGHT\MHE_TMD4\set-s02-edo-ysw-objects-light-10a\set-s02-edo-ysw-objects-light-10a.g1p
0x2F36E3FF,Plugins\FieldEditor4\LAND\DAYLIGHT_BAK_OBJECT\MHE_TMD4\set-bak-cho-inn-door-03a-DES\set-bak-cho-inn-door-03a-DES.g1mx
0x2F37CEBD,Plugins\FieldEditor4\LAND\RONIN_OBJECT\MHE_TMD4\set-csl-goods-vase-02-DES\set-csl-goods-vase-02-DES.g1cox
0x2F48FB59,Plugins\FieldEditor4\LAND\TWILIGHT_OBJECT\MHE_TMD4\set-S800-bowl-02\set-S800-bowl-02.g1p
0x2F5F13CF,Plugins\FieldEditor4\LAND\DAYLIGHT_SEN_OBJECT\MHE_TMD4\set-sen-cmn-chair-DES\obj-sen-cmn-chair-DES.g1p
0x2F7CF831,Plugins\FieldEditor4\LAND\DAYLIGHT_CMN_GENERAL\MHE_TMD4\set-GGT-hei-s0310-bamboo-M-02-DES\set-GGT-hei-s0310-bamboo-M-02-DES.g1mx
0x2F87C4C8,Plugins\FieldEditor4\LAND\RONIN_OBJECT03\MHE_TMD4\set-s01-umbrella-a-02\set-s01-umbrella-a-02.g1cox
0x2FAB5744,Plugins\FieldEditor4\LAND\RONIN_OBJECT03\MHE_TMD4\set-s02-edo-knd-obj-20a-DES\set-s02-edo-knd-obj-20a-DES.g1mx
0x2FAD96BA,Plugins\FieldEditor4\LAND\RONIN_OBJECT\MHE_TMD4\set-s01-ykp-shop-kajiya-object-10a-DES\set-s01-ykp-shop-kajiya-object-10a-DES.g1cox
0x2FB0F88B,Plugins\FieldEditor4\LAND\RONIN_OBJECT03\MHE_TMD4\set-s01-krf-cart-01a-break\set-s01-krf-cart-01a-break.g1cox
0x302BC9CF,Plugins\FieldEditor4\LAND\RONIN_OBJECT\MHE_TMD4\set-s100-tbf-yagura-02-DES\set-s100-tbf-yagura-02-DES.g1cox
0x30320047,Plugins\FieldEditor4\LAND\RONIN_OBJECT\MHE_TMD4\set-csl-goods-table-03\obj-csl-goods-table-03.g1mx
0x303D3199,Plugins\FieldEditor4\LAND\RONIN_OBJECT03\MHE_TMD4\set-s01-ysk-objects-00-woodbox03-DES\set-s01-ysk-objects-00-woodbox03-DES.g1p
0x304595E4,Plugins\FieldEditor4\LAND\RONIN_OBJECT\MHE_TMD4\set-s01-hod-inn-objects-00-basket01\set-s01-hod-inn-objects-00-basket01.g1mx
0x306A4F2C,Plugins\FieldEditor4\LAND\RONIN_OBJECT\MHE_TMD4\set-csl-goods-vase-06-DES\set-csl-goods-vase-06-DES.g1mx
0x307396F9,Plugins\FieldEditor4\LAND\DAYLIGHT_CMN_GENERAL\MHE_TMD4\set-gdt-hei-hell-ice-01a-DES\set-gdt-hei-hell-ice-01a-DES.g1p
0x30F3D7B7,Plugins\FieldEditor4\LAND\RONIN_OBJECT\MHE_TMD4\set-s01-goods-cask-01-DES\set-s01-goods-cask-01-DES.g1p
0x31357F17,Plugins\FieldEditor4\LAND\RONIN_OBJECT03\MHE_TMD4\set-s02-edo-knd-obj-31a\set-s02-edo-knd-obj-31a.g1cox
0x315ABA85,Plugins\FieldEditor4\LAND\RONIN_OBJECT\MHE_TMD4\set-s170-goods-pail-01-DES\set-s170-goods-pail-01-DES.g1mx
0x31627F83,Plugins\FieldEditor4\LAND\RONIN_OBJECT03\MHE_TMD4\set-s01-umbrella-a-04\set-s01-umbrella-a-04.g1mx
0x31A39F13,Plugins\FieldEditor4\LAND\DAYLIGHT_CMN_HELL\MHE_TMD4\set-hell-kusabi-a01-DES\set-hell-kusabi-a01-DES.g1cox
0x31A4421F,Plugins\FieldEditor4\LAND\RONIN_OBJECT03\MHE_TMD4\set-s01-ykp-shop-drug-object-13a-DES\set-s01-ykp-shop-drug-object-13a-DES.g1p
0x31D7339C,Plugins\FieldEditor4\LAND\RONIN_LIGHT\MHE_TMD4\set-cmn-kyt-light-03\set-cmn-kyt-light-03.g1cox
0x31DA5362,Plugins\FieldEditor4\LAND\RONIN_OBJECT\MHE_TMD4\set-csl-goods-pail-02-DES\set-csl-goods-pail-02-DES.g1p
0x32052729,Plugins\FieldEditor4\LAND\RONIN_LIGHT\MHE_TMD4\set-s02-ykhm-objects-57-light01-DES\set-s02-ykhm-objects-57-light01-DES.g1mx
0x320D82A5,Plugins\FieldEditor4\LAND\TWILIGHT_OBJECT\MHE_TMD4\set-general-placement-03-bk\set-general-placement-03-bk.g1cox
0x3219242F,Plugins\FieldEditor4\LAND\DAYLIGHT_CMN_GENERAL\MHE_TMD4\set-gdt-hei-hell-ice-02a-DES\set-gdt-hei-hell-ice-02a-DES.g1mx
0x322CCDCB,Plugins\FieldEditor4\LAND\RONIN_OBJECT\MHE_TMD4\set-s02-ykhm-objects-00-dish03-DES\set-s02-ykhm-objects-00-dish03-DES.g1p
0x3250F37F,Plugins\FieldEditor4\LAND\DAYLIGHT_BAK_OBJECT\MHE_TMD4\set-bak-abu-goods-03-DES\set-bak-abu-goods-03-DES.g1mx
0x3276F118,Plugins\FieldEditor4\LAND\RONIN_OBJECT03\MHE_TMD4\set-s01-sakr-objects-shoji-01-DES\set-s01-sakr-objects-shoji-01-DES.g1p
0x32A76F6C,Plugins\FieldEditor4\LAND\RONIN_OBJECT\MHE_TMD4\set-cmn-gissha-04\set-cmn-gissha-04.g1mx
0x32CDAD47,Plugins\FieldEditor4\LAND\DAYLIGHT_SEN_HOUSE\MHE_TMD4\set-sen-ryt-temple-01-door-02-DES\set-sen-ryt-temple-01-door-02-DES.g1cox
0x32D552B3,Plugins\FieldEditor4\LAND\RONIN_OBJECT\MHE_TMD4\set-s02-ykhm-objects-17-blinds01-DES\set-s02-ykhm-objects-17-blinds01-DES.g1cox
0x32DB4686,Plugins\FieldEditor4\LAND\RONIN_OBJECT03\MHE_TMD4\set-cmn-kyt-objects-trashcan-01b-DES\set-cmn-kyt-objects-trashcan-01b-DES.g1p
0x334083F1,Plugins\FieldEditor4\LAND\RONIN_OBJECT\MHE_TMD4\set-s02-ykhm-objects-32-cups01-DES\set-s02-ykhm-objects-32-cups01-DES.g1p
0x3343D584,Plugins\FieldEditor4\LAND\TWILIGHT_OBJECT\MHE_TMD4\set-general-placement-13-bk\set-general-placement-13-bk.g1cox
0x33AD37B1,Plugins\FieldEditor4\LAND\RONIN_OBJECT\MHE_TMD4\set-s01-sksh-objects-00-rice00-DES\set-s01-sksh-objects-00-rice00-DES.g1mx
0x33B4C20A,Plugins\FieldEditor4\LAND\DAYLIGHT_CMN_GENERAL\MHE_TMD4\set-gjt-hell-bosatu-01\set-gjt-hell-bosatu-01.g1mx
0x33DCA700,Plugins\FieldEditor4\LAND\RONIN_OBJECT\MHE_TMD4\set-s01-ysk-objects-00-cabinets06-DES\set-s01-ysk-objects-00-cabinets06-DES.g1cox
0x33E26340,Plugins\FieldEditor4\LAND\RONIN_OBJECT\MHE_TMD4\set-s01-hod-inn-objects-00-bucket01\set-s01-hod-inn-objects-00-bucket01.g1mx
0x33E7CB1C,Plugins\FieldEditor4\LAND\DRAFT_MODEL_CONTAINER\MHE_TMD4\set-s060-hole-goods-17\set-s060-hole-goods-17.g1p
0x33EEA135,Plugins\FieldEditor4\LAND\TWILIGHT_OBJECT\MHE_TMD4\set-General-water-tub00\set-General-water-tub00.g1mx
0x33F9E3DD,Plugins\FieldEditor4\LAND\RONIN_OBJECT03\MHE_TMD4\set-s02-edo-ysw-objects-tourou-01a-DES\set-s02-edo-ysw-objects-tourou-01a-DES.g1cox
0x342BD961,Plugins\FieldEditor4\LAND\RONIN_OBJECT\MHE_TMD4\set-s01-sksh-wood-objects-03a-DES\set-s01-sksh-wood-objects-03a-DES.g1mx
0x3433FC51,Plugins\FieldEditor4\LAND\TWILIGHT_OBJECT\MHE_TMD4\set-s060-hole-goods-14\set-s060-hole-goods-14.g1mx
0x3450985B,Plugins\FieldEditor4\LAND\RONIN_OBJECT03\MHE_TMD4\set-s02-ykhm-objects-11-bin01-DES\set-s02-ykhm-objects-11-bin01-DES.g1cox
0x345E5603,Plugins\FieldEditor4\LAND\RONIN_OBJECT03\MHE_TMD4\set-s170-goods-lantern-03\set-s170-goods-lantern-03.g1p
0x34A87CF4,Plugins\FieldEditor4\LAND\RONIN_LIGHT\MHE_TMD4\set-cmn-goods-lantern-01a\set-cmn-goods-lantern-01a.g1mx
0x34C2F735,Plugins\FieldEditor4\LAND\RONIN_OBJECT\MHE_TMD4\set-s01-ysk-objects-00-jars02-DES\set-s01-ysk-objects-00-jars02-DES.g1p
0x34D89041,Plugins\FieldEditor4\LAND\RONIN_OBJECT\MHE_TMD4\set-s170-goods-tea-03-DES\set-s170-goods-tea-03-DES.g1mx
0x34DB081B,Plugins\FieldEditor4\LAND\RONIN_OBJECT03\MHE_TMD4\set-csl-goods-screen-03-DES\set-csl-goods-screen-03-DES.g1mx
0x34E842C9,Plugins\FieldEditor4\LAND\RONIN_OBJECT\MHE_TMD4\set-csl-goods-pail-05-DES\set-csl-goods-pail-05-DES.g1cox
0x34F30E01,Plugins\FieldEditor4\LAND\RONIN_OBJECT03\MHE_TMD4\set-cmn-kyt-objects-lifegoods-01a-DES\set-cmn-kyt-objects-lifegoods-01a-DES.g1cox
0x350B6D1F,Plugins\FieldEditor4\LAND\RONIN_OBJECT\MHE_TMD4\set-csl-goods-bonsai-01-DES\set-csl-goods-bonsai-01-DES.g1cox
0x350DA1A1,Plugins\FieldEditor4\LAND\DAYLIGHT_SEN_OBJECT\MHE_TMD4\set-MS-sen-htmt-coral-03b-DES\set-MS-sen-htmt-coral-03b-DES.g1mx
0x355B96E2,Plugins\FieldEditor4\LAND\RONIN_OBJECT\MHE_TMD4\set-s170-goods-pail-03-DES\set-s170-goods-pail-03-DES.g1p
0x358357DB,Plugins\FieldEditor4\LAND\RONIN_OBJECT03\MHE_TMD4\set-csl-goods-cloth-06\obj-csl-goods-cloth-06.g1mx
0x358CBAA0,Plugins\FieldEditor4\LAND\RONIN_OBJECT03\MHE_TMD4\set-EX-office-book01-DES\set-EX-office-book01-DES.g1p
0x35900A75,Plugins\FieldEditor4\LAND\RONIN_OBJECT\MHE_TMD4\set-csl-goods-box-06-DES\set-csl-goods-box-06-DES.g1p
0x3599AD12,Plugins\FieldEditor4\LAND\DAYLIGHT_CMN_HELL\MHE_TMD4\set-gdt-hell-kusabi-a02-DES\set-gdt-hell-kusabi-a02-DES.g1mx
0x3611C8AD,Plugins\FieldEditor4\LAND\RONIN_OBJECT\MHE_TMD4\set-bky-temple-shoji-03b-DES\set-bky-temple-shoji-03b-DES.g1cox
0x36256D12,Plugins\FieldEditor4\LAND\TWILIGHT_OBJECT\MHE_TMD4\set-s010-bg-gm-12-dest\set-s010-bg-gm-12-dest.g1p
0x362A3B95,Plugins\FieldEditor4\LAND\DAYLIGHT_CMN_PLANTHICHI\MHE_TMD4\set-dyl-tree-boss-small-02-DES\set-dyl-tree-boss-small-02-DES.g1cox
0x364CBACA,Plugins\FieldEditor4\LAND\RONIN_OBJECT03\MHE_TMD4\set-s01-ykp-shop-kajiya-object-27a-DES\set-s01-ykp-shop-kajiya-object-27a-DES.g1mx
0x365B0C29,Plugins\FieldEditor4\LAND\RONIN_OBJECT03\MHE_TMD4\set-s02-kdc-objects-torture-16b-DES\set-s02-kdc-objects-torture-16b-DES.g1mx
0x36897977,Plugins\FieldEditor4\LAND\TWILIGHT_OBJECT\MHE_TMD4\set-S070-bf-wreck-03\set-S070-bf-wreck-03.g1p
0x3690CCE0,Plugins\FieldEditor4\LAND\RONIN_OBJECT03\MHE_TMD4\set-s03-ikedaya-obj-cabinets-01-DES\set-s03-ikedaya-obj-cabinets-01-DES.g1p
0x3698B0D1,Plugins\FieldEditor4\LAND\TWILIGHT_OBJECT\MHE_TMD4\set-general-placement-01bk\set-general-placement-01bk.g1p
0x36A0A20F,Plugins\FieldEditor4\LAND\TWILIGHT_OBJECT\MHE_TMD4\set-s060-hole-goods-16\set-s060-hole-goods-16.g1mx
0x36B8A408,Plugins\FieldEditor4\LAND\RONIN_OBJECT\MHE_TMD4\set-s01-ysk-objects-00-table01-DES\set-s01-ysk-objects-00-table01-DES.g1p
0x36BE66F4,Plugins\FieldEditor4\LAND\RONIN_OBJECT03\MHE_TMD4\set-csl-goods-03-DES\set-csl-goods-03-DES.g1cox
0x36CEDC10,Plugins\FieldEditor4\LAND\RONIN_OBJECT\MHE_TMD4\set-csl-goods-book-01-DES\set-csl-goods-book-01-DES.g1cox
0x36D5789B,Plugins\FieldEditor4\LAND\RONIN_OBJECT\MHE_TMD4\set-cmn-kyt-objects-sake02a-DES\set-cmn-kyt-objects-sake02a-DES.g1cox
0x36FB4A22,Plugins\FieldEditor4\LAND\RONIN_OBJECT03\MHE_TMD4\set-s01-krf-cart-01a-break\set-s01-krf-cart-01a-break.g1mx
0x36FF405E,Plugins\FieldEditor4\LAND\RONIN_OBJECT\MHE_TMD4\set-s100-tbf-yagura-02-DES\set-s100-tbf-yagura-02-DES.g1mx
0x370158E2,Plugins\FieldEditor4\LAND\RONIN_OBJECT03\MHE_TMD4\set-s02-edj-cushion-00-DES\set-s02-edj-cushion-00-DES.g1p
0x371EAC90,Plugins\FieldEditor4\LAND\RONIN_OBJECT03\MHE_TMD4\set-s02-edo-ysw-objects-tourou-01a-DES\set-s02-edo-ysw-objects-tourou-01a-DES.g1mx
0x3742F19A,Plugins\FieldEditor4\LAND\RONIN_OBJECT03\MHE_TMD4\set-cmn-tokugawa-flag-02b\set-cmn-tokugawa-flag-02b.g1p
0x37663BAB,Plugins\FieldEditor4\LAND\TWILIGHT_OBJECT\MHE_TMD4\set-general-placement-15\set-general-placement-15.g1p
0x379B0CB1,Plugins\FieldEditor4\LAND\TWILIGHT_OBJECT\MHE_TMD4\set-S070-danjyo-csl-fnt-tub-01-dist\set-S070-danjyo-csl-fnt-tub-01-dist.g1cox
0x37A134BD,Plugins\FieldEditor4\LAND\RONIN_OBJECT03\MHE_TMD4\set-s02-ykhm-objects-62-cabinet09-DES\set-s02-ykhm-objects-62-cabinet09-DES.g1mx
0x37A3D195,Plugins\FieldEditor4\LAND\RONIN_OBJECT\MHE_TMD4\set-s01-tatara-straw-01a\set-s01-tatara-straw-01a.g1mx
0x37C57F4D,Plugins\FieldEditor4\LAND\RONIN_OBJECT03\MHE_TMD4\set-s01-ykp-shop-kajiya-obj-04-DES\set-s01-ykp-shop-kajiya-obj-04-DES.g1p
0x37D212DD,Plugins\FieldEditor4\LAND\DAYLIGHT_SEN_HOUSE\MHE_TMD4\set-sen-cmn-hotel-window-03-DES\set-sen-cmn-hotel-window-03-DES.g1cox
0x37E52A57,Plugins\FieldEditor4\LAND\RONIN_OBJECT03\MHE_TMD4\set-s02-ykhm-objects-09-woodbox01-DES\set-s02-ykhm-objects-09-woodbox01-DES.g1p
0x37EC78C7,Plugins\FieldEditor4\LAND\RONIN_OBJECT03\MHE_TMD4\set-EX-office-bottle01-DES\set-EX-office-bottle01-DES.g1cox
0x38067F0A,Plugins\FieldEditor4\LAND\DRAFT_MODEL_CONTAINER\MHE_TMD4\set-ykak-tourou-01-DES\set-ykak-tourou-01-DES.g1cox
0x38239CE4,Plugins\FieldEditor4\LAND\RONIN_OBJECT03\MHE_TMD4\set-csl-goods-weapon-09-DES\set-csl-goods-weapon-09-DES.g1p
0x38308099,Plugins\FieldEditor4\LAND\TWILIGHT_OBJECT\MHE_TMD4\set-S060-obj-f-01b-dt\set-S060-obj-f-01b-dt.g1p
0x38388633,Plugins\FieldEditor4\LAND\DAYLIGHT_SEN_OBJECT\MHE_TMD4\set-cmn-fusuma-01b-DES\set-cmn-fusuma-01b-DES.g1cox
0x3838EA88,Plugins\FieldEditor4\LAND\RONIN_OBJECT03\MHE_TMD4\set-s01-ykp-port-goods-01-DES\set-s01-ykp-port-goods-01-DES.g1mx
0x38392AC2,Plugins\FieldEditor4\LAND\TWILIGHT_PLANTHICHI\MHE_TMD4\set-s050-tree-boss-small-02\set-s050-tree-boss-small-02.g1mx
0x384B99E3,Plugins\FieldEditor4\LAND\DAYLIGHT_SEN_OBJECT\MHE_TMD4\set-MS-sen-htmt-coral-01b-DES\set-MS-sen-htmt-coral-01b-DES.g1mx
0x38693338,Plugins\FieldEditor4\LAND\RONIN_OBJECT03\MHE_TMD4\set-EX-kitchen-bench02-DES\set-EX-kitchen-bench02-DES.g1p
0x38A3169A,Plugins\FieldEditor4\LAND\RONIN_OBJECT\MHE_TMD4\set-cmn-g-bell-L00-DES\set-cmn-g-bell-L00-DES.g1p
0x38AFE5DD,Plugins\FieldEditor4\LAND\RONIN_OBJECT03\MHE_TMD4\set-cmn-kyt-objects-lifegoods-01a-DES\set-cmn-kyt-objects-lifegoods-01a-DES.g1p
0x38BBD385,Plugins\FieldEditor4\LAND\DAYLIGHT_BAK_LIGHT\MHE_TMD4\set-bak-hnj-BOSS-light-torou-01a-DES\set-bak-hnj-BOSS-light-torou-01a-DES.g1mx
0x38C3C48E,Plugins\FieldEditor4\LAND\RONIN_OBJECT\MHE_TMD4\set-s01-ykp-objects-16-radish02-DES\set-s01-ykp-objects-16-radish02-DES.g1p
0x38F2113D,Plugins\FieldEditor4\LAND\RONIN_OBJECT03\MHE_TMD4\set-s03-omy-fusuma-01b-DES\set-s03-omy-fusuma-01b-DES.g1mx
0x390985B2,Plugins\FieldEditor4\LAND\DAYLIGHT_SEN_HOUSE\MHE_TMD4\set-sen-sai-build-pillar-01-DES\set-sen-sai-build-pillar-01-DES.g1cox
0x390C3FC1,Plugins\FieldEditor4\LAND\DAYLIGHT_SEN_OBJECT\MHE_TMD4\set-sen-cmn-kajiya-object-02a-DES\set-sen-cmn-kajiya-object-02a-DES.g1mx
0x390D9027,Plugins\FieldEditor4\LAND\RONIN_OBJECT\MHE_TMD4\set-s02-ykhm-objects-02-basket02-DES\set-s02-ykhm-objects-02-basket02-DES.g1mx
0x39200EB4,Plugins\FieldEditor4\LAND\RONIN_OBJECT03\MHE_TMD4\set-s050-box-05\set-s050-box-05.g1mx
0x3932C1D2,Plugins\FieldEditor4\LAND\DAYLIGHT_BAK_OBJECT\MHE_TMD4\set-bak-hnj-obj-pot-buddhist-01b-DES\set-bak-hnj-obj-pot-buddhist-01b-DES.g1mx
0x3940F5FC,Plugins\FieldEditor4\LAND\DAYLIGHT_CMN_GENERAL\MHE_TMD4\set-hell-soranaki-kusabi-a01-DES\set-hell-soranaki-kusabi-a01-DES.g1p
0x394F8190,Plugins\FieldEditor4\LAND\RONIN_OBJECT\MHE_TMD4\set-s170-goods-vase-02-DES\set-s170-goods-vase-02-DES.g1cox
0x3954C794,Plugins\FieldEditor4\LAND\RONIN_OBJECT\MHE_TMD4\set-s01-ysk-objects-00-jars02-DES\set-s01-ysk-objects-00-jars02-DES.g1mx
0x39887316,Plugins\FieldEditor4\LAND\RONIN_OBJECT\MHE_TMD4\set-csl-goods-pail-04\set-csl-goods-pail-04.g1cox
0x39993F5C,Plugins\FieldEditor4\LAND\TWILIGHT_OBJECT\MHE_TMD4\set-s010-bg-gm-15\set-s010-bg-gm-15.g1mx
0x39C32239,Plugins\FieldEditor4\LAND\TWILIGHT_OBJECT\MHE_TMD4\set-s010-bg-gm-01\set-s010-bg-gm-01.g1mx
0x39C9898A,Plugins\FieldEditor4\LAND\RONIN_OBJECT\MHE_TMD4\set-csl-goods-fusuma-a01-break-DES\set-csl-goods-fusuma-a01-break-DES.g1p
0x39CA57A2,Plugins\FieldEditor4\LAND\RONIN_OBJECT\MHE_TMD4\set-cmn-kyt-obj-goods-pail-02-DES\set-cmn-kyt-obj-goods-pail-02-DES.g1mx
0x39D71F4E,Plugins\FieldEditor4\LAND\TWILIGHT_OBJECT\MHE_TMD4\set-general-placement-14\set-general-placement-14.g1cox
0x39F6DAF3,Plugins\FieldEditor4\LAND\DAYLIGHT_CMN_GENERAL\MHE_TMD4\set-S130-barrel-gunpowder-01\set-S130-barrel-gunpowder-01.g1p
0x3A212798,Plugins\FieldEditor4\LAND\RONIN_OBJECT\MHE_TMD4\set-s02-ykhm-close-objects-09a-DES\set-s02-ykhm-close-objects-09a-DES.g1p
0x3A2836B3,Plugins\FieldEditor4\LAND\RONIN_OBJECT03\MHE_TMD4\set-s01-ykp-shop-photo-obj-03a-DES\set-s01-ykp-shop-photo-obj-03a-DES.g1mx
0x3A4444B3,Plugins\FieldEditor4\LAND\DAYLIGHT_CMN_GENERAL\MHE_TMD4\set-S070-kumotamago-a-01\set-S070-kumotamago-a-01.g1cox
0x3A47D033,Plugins\FieldEditor4\LAND\RONIN_OBJECT03\MHE_TMD4\set-s01-sakr-goods-dish07-DES\set-s01-sakr-goods-dish07-DES.g1cox
0x3A9719CF,Plugins\FieldEditor4\LAND\RONIN_OBJECT\MHE_TMD4\set-s02-ykhm-objects-19-blinds03-DES\set-s02-ykhm-objects-19-blinds03-DES.g1p
0x3ADA25C5,Plugins\FieldEditor4\LAND\RONIN_OBJECT\MHE_TMD4\set-csl-goods-pail-04-DES\set-csl-goods-pail-04-DES.g1mx
0x3AE2A7F7,Plugins\FieldEditor4\LAND\RONIN_OBJECT\MHE_TMD4\set-s02-ykhm-objects-07-jars04-DES\set-s02-ykhm-objects-07-jars04-DES.g1cox
0x3B28F761,Plugins\FieldEditor4\LAND\RONIN_OBJECT\MHE_TMD4\set-s01-ykp-shop-kajiya-object-06a-DES\set-s01-ykp-shop-kajiya-object-06a-DES.g1cox
0x3B30BAD4,Plugins\FieldEditor4\LAND\RONIN_OBJECT03\MHE_TMD4\set-s810-tresure-dish-06-DES\set-s810-tresure-dish-06-DES.g1mx
0x3B3BABD2,Plugins\FieldEditor4\LAND\RONIN_OBJECT\MHE_TMD4\set-s01-china-goods-table-01b-DES\set-s01-china-goods-table-01b-DES.g1p
0x3B58FFC0,Plugins\FieldEditor4\LAND\TWILIGHT_OBJECT\MHE_TMD4\set-S080-brkobj-debris-boss-01\set-S080-brkobj-debris-boss-01.g1cox
0x3B648005,Plugins\FieldEditor4\LAND\RONIN_OBJECT\MHE_TMD4\set-s01-ykp-shop-goods-01a-DES\set-s01-ykp-shop-goods-01a-DES.g1mx
0x3B8E0972,Plugins\FieldEditor4\LAND\RONIN_OBJECT03\MHE_TMD4\set-s02-ykhm-close-objects-05a-DES\set-s02-ykhm-close-objects-05a-DES.g1mx
0x3B9949D0,Plugins\FieldEditor4\LAND\DAYLIGHT_CMN_GENERAL\MHE_TMD4\set-general-rollingstone-01\set-general-rollingstone-01.g1mx
0x3BA75FBE,Plugins\FieldEditor4\LAND\DAYLIGHT_BAK_OBJECT\MHE_TMD4\set-bak-cho-inn-door-02a-DES\set-bak-cho-inn-door-02a-DES.g1mx
0x3BC7224A,Plugins\FieldEditor4\LAND\RONIN_OBJECT\MHE_TMD4\set-s01-ysk-objects-00-strawmats05\set-s01-ysk-objects-00-strawmats05.g1p
0x3BE91BFB,Plugins\FieldEditor4\LAND\RONIN_OBJECT03\MHE_TMD4\set-s02-ykhm-objects-09-woodbox01-DES\set-s02-ykhm-objects-09-woodbox01-DES.g1cox
0x3BF9FA76,Plugins\FieldEditor4\LAND\RONIN_OBJECT03\MHE_TMD4\set-csl-goods-book-02\obj-csl-goods-book-02.g1mx
0x3BFA90CC,Plugins\FieldEditor4\LAND\DAYLIGHT_SEN_OBJECT\MHE_TMD4\set-MS-sen-htmt-coral-02a-DES\set-MS-sen-htmt-coral-02a-DES.g1cox
0x3C2EDD8B,Plugins\FieldEditor4\LAND\RONIN_OBJECT03\MHE_TMD4\set-s01-ykp-shop-drug-object-12a-DES\set-s01-ykp-shop-drug-object-12a-DES.g1mx
0x3C6CC2AB,Plugins\FieldEditor4\LAND\DAYLIGHT_CMN_GENERAL\MHE_TMD4\set-cmn-gdt-summon-tourou-01\set-cmn-gdt-summon-tourou-01.g1cox
0x3C88C55E,Plugins\FieldEditor4\LAND\RONIN_OBJECT\MHE_TMD4\set-s170-goods-table-05\set-s170-goods-table-05.g1cox
0x3C8E8773,Plugins\FieldEditor4\LAND\DAYLIGHT_SEN_OBJECT\MHE_TMD4\set-sen-cmn-chair-DES\obj-sen-cmn-chair-DES.g1cox
0x3CA47248,Plugins\FieldEditor4\LAND\DAYLIGHT_SEN_OBJECT\MHE_TMD4\set-sen-you-goods-shugen-07-DES\set-sen-you-goods-shugen-07-DES.g1mx
0x3CA8F420,Plugins\FieldEditor4\LAND\RONIN_OBJECT03\MHE_TMD4\set-s01-ykp-shop-kajiya-obj-03\set-s01-ykp-shop-kajiya-obj-03.g1p
0x3CAA5AE8,Plugins\FieldEditor4\LAND\DAYLIGHT_SEN_OBJECT\MHE_TMD4\set-sen-cmn-paper-DES\obj-sen-cmn-paper-DES.g1p
0x3CB3BEF8,Plugins\FieldEditor4\LAND\DAYLIGHT_CMN_GENERAL\MHE_TMD4\set-GGT-hei-s0310-bamboo-M-02-DES\set-GGT-hei-s0310-bamboo-M-02-DES.g1p
0x3CCB4C15,Plugins\FieldEditor4\LAND\RONIN_LIGHT\MHE_TMD4\set-s170-goods-lantern-03a-inroom-DES\set-s170-goods-lantern-03a-inroom-DES.g1mx
0x3CE70060,Plugins\FieldEditor4\LAND\RONIN_OBJECT\MHE_TMD4\set-s01-ykp-shop-drug-object-24a-DES\set-s01-ykp-shop-drug-object-24a-DES.g1cox
0x3CE7510F,Plugins\FieldEditor4\LAND\RONIN_OBJECT\MHE_TMD4\set-s060-csl-goods-barrel-01-DES\set-s060-csl-goods-barrel-01-DES.g1mx
0x3D09F776,Plugins\FieldEditor4\LAND\RONIN_OBJECT\MHE_TMD4\set-s02-ykhm-objects-05-jars02-DES\set-s02-ykhm-objects-05-jars02-DES.g1mx
0x3D1AE013,Plugins\FieldEditor4\LAND\RONIN_OBJECT03\MHE_TMD4\set-csl-goods-book-02\obj-csl-goods-book-02.g1p
0x3D468CD0,Plugins\FieldEditor4\LAND\TWILIGHT_OBJECT\MHE_TMD4\set-s010-bg-gm-05\set-s010-bg-gm-05.g1cox
0x3D474269,Plugins\FieldEditor4\LAND\RONIN_OBJECT02\MHE_TMD4\set-csl-goods-shoji-01-break02-DES\set-csl-goods-shoji-01-break02-DES.g1p
0x3D4CF093,Plugins\FieldEditor4\LAND\RONIN_OBJECT03\MHE_TMD4\set-s02-ykhm-close-objects-01a-DES\set-s02-ykhm-close-objects-01a-DES.g1p
0x3D623BE2,Plugins\FieldEditor4\LAND\RONIN_OBJECT03\MHE_TMD4\set-s01-krf-books-01a-DES\set-s01-krf-books-01a-DES.g1p
0x3D781282,Plugins\FieldEditor4\LAND\DAYLIGHT_CMN_GENERAL\MHE_TMD4\set-cmn-gdt-syugorei-rock-L01\set-cmn-gdt-syugorei-rock-L01.g1cox
0x3E29CF9A,Plugins\FieldEditor4\LAND\RONIN_OBJECT\MHE_TMD4\set-s01-ykw-fishing-objects-02-basket-03-DES\set-s01-ykw-fishing-objects-02-basket-03-DES.g1cox
0x3E364044,Plugins\FieldEditor4\LAND\RONIN_OBJECT03\MHE_TMD4\set-s03-ikedaya-obj-cabinets-01-DES\set-s03-ikedaya-obj-cabinets-01-DES.g1cox
0x3E592996,Plugins\FieldEditor4\LAND\DAYLIGHT_EDO_OBJECT\MHE_TMD4\set-edo-edojo-box-02-DES\set-edo-edojo-box-02-DES.g1mx
0x3E9E5107,Plugins\FieldEditor4\LAND\RONIN_LIGHT\MHE_TMD4\set-csl-goods-light-03-DES\set-csl-goods-light-03-DES.g1mx
0x3EE89A4E,Plugins\FieldEditor4\LAND\DAYLIGHT_BAK_OBJECT\MHE_TMD4\set-bak-cho-inn-door-03a-DES\set-bak-cho-inn-door-03a-DES.g1cox
0x3EF57621,Plugins\FieldEditor4\LAND\RONIN_OBJECT\MHE_TMD4\set-s01-ykp-port-goods-01-break-DES\set-s01-ykp-port-goods-01-break-DES.g1cox
0x3EFAEEA7,Plugins\FieldEditor4\LAND\TWILIGHT_OBJECT\MHE_TMD4\set-s050-building-pail-bk\set-s050-building-pail-bk.g1cox
0x3F012D4B,Plugins\FieldEditor4\LAND\RONIN_OBJECT03\MHE_TMD4\set-s170-goods-weapon-09-DES\set-s170-goods-weapon-09-DES.g1cox
0x3F570DE6,Plugins\FieldEditor4\LAND\DAYLIGHT_SEN_HOUSE\MHE_TMD4\set-sen-ryt-temple-01-door-02-DES\set-sen-ryt-temple-01-door-02-DES.g1mx
0x3FAA73AD,Plugins\FieldEditor4\LAND\RONIN_OBJECT\MHE_TMD4\set-s01-ykp-shop-drug-object-24a-DES\set-s01-ykp-shop-drug-object-24a-DES.g1mx
0x3FAFA95C,Plugins\FieldEditor4\LAND\DAYLIGHT_CMN_GENERAL\MHE_TMD4\set-bak-gdt-needle-floor\set-bak-gdt-needle-floor.g1cox
0x3FD6AED4,Plugins\FieldEditor4\LAND\RONIN_OBJECT03\MHE_TMD4\set-s01-ykp-shop-photo-obj-24a-DES\set-s01-ykp-shop-photo-obj-24a-DES.g1mx
0x3FDA00B5,Plugins\FieldEditor4\LAND\RONIN_CMN_PLANTHICHI\MHE_TMD4\set-nature-field-vege-02c\set-nature-field-vege-02c.g1cox
0x3FE5CF39,Plugins\FieldEditor4\LAND\RONIN_OBJECT\MHE_TMD4\set-s02-ykhm-objects-10-stair-00-DES\set-s02-ykhm-objects-10-stair-00-DES.g1mx
0x3FFCC5CD,Plugins\FieldEditor4\LAND\TWILIGHT_OBJECT\MHE_TMD4\set-s060-hole-goods-sacks-04\set-s060-hole-goods-sacks-04.g1mx
0x402F001F,Plugins\FieldEditor4\LAND\DAYLIGHT_CMN_GENERAL\MHE_TMD4\set-MS-gdt-syugorei-rock-M01\set-MS-gdt-syugorei-rock-M01.g1p
0x404668E2,Plugins\FieldEditor4\LAND\DAYLIGHT_CMN_GENERAL\MHE_TMD4\set-bak-gdt-cannon-object-DES\set-bak-gdt-cannon-object-DES.g1mx
0x4064D73B,Plugins\FieldEditor4\LAND\RONIN_OBJECT\MHE_TMD4\set-s01-ykp-tableware-00-DES\set-s01-ykp-tableware-00-DES.g1p
0x4074C2BF,Plugins\FieldEditor4\LAND\DAYLIGHT_KOD_LIGHT\MHE_TMD4\set-kod-kajiya-light-02-DES\set-kod-kajiya-light-02-DES.g1cox
0x4087FBA3,Plugins\FieldEditor4\LAND\RONIN_OBJECT03\MHE_TMD4\set-s02-kdc-objects-torture-16a-DES\set-s02-kdc-objects-torture-16a-DES.g1cox
0x40BA4C1A,Plugins\FieldEditor4\LAND\DAYLIGHT_BAK_OBJECT\MHE_TMD4\set-bak-hnj-obj-pot-buddhist-01a-DES\set-bak-hnj-obj-pot-buddhist-01a-DES.g1cox
0x40DB9A80,Plugins\FieldEditor4\LAND\RONIN_OBJECT03\MHE_TMD4\set-s02-ykhm-objects-00-sign05-DES\set-s02-ykhm-objects-00-sign05-DES.g1mx
0x4136B64E,Plugins\FieldEditor4\LAND\RONIN_OBJECT\MHE_TMD4\set-s02-ykhm-objects-00-dish04-DES\set-s02-ykhm-objects-00-dish04-DES.g1cox
0x415207C8,Plugins\FieldEditor4\LAND\RONIN_OBJECT03\MHE_TMD4\set-s02-ykhm-objects-00-stall-03-DES\set-s02-ykhm-objects-00-stall-03-DES.g1p
0x4159E2E0,Plugins\FieldEditor4\LAND\RONIN_OBJECT02\MHE_TMD4\set-csl-goods-shoji-01-break02-DES\set-csl-goods-shoji-01-break02-DES.g1mx
0x415BB9B5,Plugins\FieldEditor4\LAND\DAYLIGHT_CMN_GENERAL\MHE_TMD4\set-general-rolling-gunpowder-01\set-general-rolling-gunpowder-01.g1p
0x417F2E78,Plugins\FieldEditor4\LAND\RONIN_OBJECT03\MHE_TMD4\set-s02-ykhm-objects-59-cabinet06-DES\set-s02-ykhm-objects-59-cabinet06-DES.g1mx
0x41B668CF,Plugins\FieldEditor4\LAND\RONIN_OBJECT\MHE_TMD4\set-s01-ysk-objects-00-cabinets04-DES\set-s01-ysk-objects-00-cabinets04-DES.g1mx
0x41C191A5,Plugins\FieldEditor4\LAND\RONIN_OBJECT\MHE_TMD4\set-csl-goods-screen-01a-DES\set-csl-goods-screen-01a-DES.g1mx
0x41C69F80,Plugins\FieldEditor4\LAND\DRAFT_MODEL_CONTAINER\MHE_TMD4\set-s060-hole-goods-17\set-s060-hole-goods-17.g1cox
0x4209F9F6,Plugins\FieldEditor4\LAND\RONIN_OBJECT03\MHE_TMD4\set-s02-ykhm-close-objects-01a-DES\set-s02-ykhm-close-objects-01a-DES.g1mx
0x42231980,Plugins\FieldEditor4\LAND\TWILIGHT_OBJECT\MHE_TMD4\set-S060-obj-f-01b\set-S060-obj-f-01b.g1mx
0x42269290,Plugins\FieldEditor4\LAND\DAYLIGHT_BAK_OBJECT\MHE_TMD4\set-bak-cho-inn-door-01a-DES\set-bak-cho-inn-door-01a-DES.g1cox
0x42422A19,Plugins\FieldEditor4\LAND\RONIN_OBJECT03\MHE_TMD4\set-s01-ykp-shop-photo-obj-24a-DES\set-s01-ykp-shop-photo-obj-24a-DES.g1cox
0x42643344,Plugins\FieldEditor4\LAND\TWILIGHT_OBJECT\MHE_TMD4\set-general-placement-06-bk\set-general-placement-06-bk.g1p
0x4280CB82,Plugins\FieldEditor4\LAND\RONIN_OBJECT03\MHE_TMD4\set-s02-ykhm-objects-54-fabric03-DES\set-s02-ykhm-objects-54-fabric03-DES.g1p
0x42C717B8,Plugins\FieldEditor4\LAND\RONIN_OBJECT\MHE_TMD4\set-csl-goods-cookware-02-DES\set-csl-goods-cookware-02-DES.g1mx
0x43005723,Plugins\FieldEditor4\LAND\RONIN_LIGHT\MHE_TMD4\set-s03-kyt-cmn-objects-light-andon-01a-DES\set-s03-kyt-cmn-objects-light-andon-01a-DES.g1p
0x43153B5C,Plugins\FieldEditor4\LAND\TWILIGHT_OBJECT\MHE_TMD4\set-S080-brkobj-debris-boss-01\set-S080-brkobj-debris-boss-01.g1p
0x431B2E30,Plugins\FieldEditor4\LAND\DAYLIGHT_SEN_OBJECT\MHE_TMD4\set-cmn-fusuma-03a-DES\set-cmn-fusuma-03a-DES.g1cox
0x4325CE88,Plugins\FieldEditor4\LAND\DAYLIGHT_SEN_OBJECT\MHE_TMD4\set-sen-cmn-goods-tea-02-break-DES\set-sen-cmn-goods-tea-02-break-DES.g1p
0x434E533A,Plugins\FieldEditor4\LAND\DAYLIGHT_CMN_GENERAL\MHE_TMD4\set-MS-ryt-gdt-tourou-DES\set-MS-ryt-gdt-tourou-DES.g1cox
0x43A71EEA,Plugins\FieldEditor4\LAND\TWILIGHT_OBJECT\MHE_TMD4\set-s060-goods-weapon-01\set-s060-goods-weapon-01.g1cox
0x43BC8049,Plugins\FieldEditor4\LAND\RONIN_OBJECT03\MHE_TMD4\set-csl-goods-pot-03b-DES\obj-csl-goods-pot-03b-DES.g1mx
0x43C86150,Plugins\FieldEditor4\LAND\RONIN_OBJECT03\MHE_TMD4\set-s02-ykhm-objects-62-cabinet09-DES\set-s02-ykhm-objects-62-cabinet09-DES.g1cox
0x43D2436F,Plugins\FieldEditor4\LAND\RONIN_OBJECT03\MHE_TMD4\set-csl-goods-cloth-05\obj-csl-goods-cloth-05.g1p
0x43FD6A97,Plugins\FieldEditor4\LAND\RONIN_OBJECT\MHE_TMD4\set-csl-goods-cookware-03-DES\set-csl-goods-cookware-03-DES.g1mx
0x43FDA550,Plugins\FieldEditor4\LAND\RONIN_OBJECT\MHE_TMD4\set-csl-goods-box-02-DES\set-csl-goods-box-02-DES.g1mx
0x44004342,Plugins\FieldEditor4\LAND\RONIN_OBJECT03\MHE_TMD4\set-csl-goods-vase-04-DES\set-csl-goods-vase-04-DES.g1cox
0x44171654,Plugins\FieldEditor4\LAND\RONIN_OBJECT\MHE_TMD4\set-s02-ykhm-objects-10-stair-00-DES\set-s02-ykhm-objects-10-stair-00-DES.g1cox
0x44195F78,Plugins\FieldEditor4\LAND\RONIN_OBJECT\MHE_TMD4\set-s01-tatara-straw-01a\set-s01-tatara-straw-01a.g1cox
0x441CC7CF,Plugins\FieldEditor4\LAND\RONIN_OBJECT03\MHE_TMD4\set-s01-ykp-shop-kajiya-object-33a-DES\set-s01-ykp-shop-kajiya-object-33a-DES.g1mx
0x442CD9ED,Plugins\FieldEditor4\LAND\RONIN_OBJECT03\MHE_TMD4\set-s170-goods-table-04\set-s170-goods-table-04.g1mx
0x44408146,Plugins\FieldEditor4\LAND\RONIN_OBJECT03\MHE_TMD4\set-s01-ykp-port-goods-03-DES\set-s01-ykp-port-goods-03-DES.g1mx
0x444AF51F,Plugins\FieldEditor4\LAND\RONIN_OBJECT\MHE_TMD4\set-s01-ykp-stall-06-DES\obj-s01-ykp-stall-06-DES.g1p
0x4453E18D,Plugins\FieldEditor4\LAND\RONIN_OBJECT\MHE_TMD4\set-s01-sksh-wood-objects-02a-DES\set-s01-sksh-wood-objects-02a-DES.g1cox
0x4474AE90,Plugins\FieldEditor4\LAND\RONIN_OBJECT\MHE_TMD4\set-s02-ykhm-objects-00-dish02-DES\set-s02-ykhm-objects-00-dish02-DES.g1cox
0x44937AC3,Plugins\FieldEditor4\LAND\RONIN_OBJECT03\MHE_TMD4\set-s01-ykp-goods-03-DES\set-s01-ykp-goods-03-DES.g1mx
0x4497BBAB,Plugins\FieldEditor4\LAND\RONIN_OBJECT\MHE_TMD4\set-csl-goods-tea-02-DES\set-csl-goods-tea-02-DES.g1mx
0x449E1887,Plugins\FieldEditor4\LAND\RONIN_OBJECT03\MHE_TMD4\set-s01-krf-books-01a-DES\set-s01-krf-books-01a-DES.g1mx
0x44C029B1,Plugins\FieldEditor4\LAND\RONIN_OBJECT03\MHE_TMD4\set-s01-ykp-flag-02c\set-s01-ykp-flag-02c.g1mx
0x44FB2B49,Plugins\FieldEditor4\LAND\RONIN_OBJECT03\MHE_TMD4\set-s01-ykp-shop-kajiya-object-17a-DES\set-s01-ykp-shop-kajiya-object-17a-DES.g1mx
0x450FF45D,Plugins\FieldEditor4\LAND\RONIN_OBJECT\MHE_TMD4\set-cmn-gissha-04\set-cmn-gissha-04.g1p
0x45422924,Plugins\FieldEditor4\LAND\DAYLIGHT_BAK_LIGHT\MHE_TMD4\set-bak-hnj-BOSS-light-torou-01a-DES\set-bak-hnj-BOSS-light-torou-01a-DES.g1p
0x454D3CB8,Plugins\FieldEditor4\LAND\RONIN_OBJECT\MHE_TMD4\set-s02-edo-skr-obj-05a-DES\set-s02-edo-skr-obj-05a-DES.g1cox
0x458061FF,Plugins\FieldEditor4\LAND\RONIN_OBJECT03\MHE_TMD4\set-s01-ysk-objects-00-woodbox01-DES\set-s01-ysk-objects-00-woodbox01-DES.g1cox
0x459D0E88,Plugins\FieldEditor4\LAND\RONIN_OBJECT\MHE_TMD4\set-general-bonfire-t02a\set-general-bonfire-t02a.g1cox
0x45C517E9,Plugins\FieldEditor4\LAND\RONIN_OBJECT03\MHE_TMD4\set-s01-mit-shoji-01-DES\set-s01-mit-shoji-01-DES.g1cox
0x45D2E6D1,Plugins\FieldEditor4\LAND\DAYLIGHT_SEN_OBJECT\MHE_TMD4\set-hre-fusuma-01b-DES\set-hre-fusuma-01b-DES.g1mx
0x45D48C58,Plugins\FieldEditor4\LAND\DAYLIGHT_SEN_OBJECT\MHE_TMD4\set-sen-cmn-goods-pot-01\set-sen-cmn-goods-pot-01.g1mx
0x45DA87D8,Plugins\FieldEditor4\LAND\RONIN_OBJECT\MHE_TMD4\set-csl-goods-vase-01-DES\set-csl-goods-vase-01-DES.g1p
0x45ED7F6E,Plugins\FieldEditor4\LAND\RONIN_OBJECT\MHE_TMD4\set-cmn-mib-objects-01-DES\set-cmn-mib-objects-01-DES.g1mx
0x460271B9,Plugins\FieldEditor4\LAND\DAYLIGHT_SEN_HOUSE\MHE_TMD4\set-sen-cmn-hotel-window-03-DES\set-sen-cmn-hotel-window-03-DES.g1p
0x462CCB34,Plugins\FieldEditor4\LAND\DAYLIGHT_SEN_OBJECT\MHE_TMD4\set-hre-fusuma-03a-DES\set-hre-fusuma-03a-DES.g1mx
0x464F79D3,Plugins\FieldEditor4\LAND\DAYLIGHT_CMN_HELL\MHE_TMD4\set-gdt-hell-kusabi-a03-DES\set-gdt-hell-kusabi-a03-DES.g1mx
0x466324DA,Plugins\FieldEditor4\LAND\RONIN_OBJECT\MHE_TMD4\set-S01-dojo-goods-cloth-01\obj-S01-dojo-goods-cloth-01.g1p
0x46701B5D,Plugins\FieldEditor4\LAND\DAYLIGHT_BAK_HELL\MHE_TMD4\set-bak-cmn-hell-needle-01a-DES\set-bak-cmn-hell-needle-01a-DES.g1cox
0x469F124D,Plugins\FieldEditor4\LAND\TWILIGHT_OBJECT\MHE_TMD4\set-general-placement-06\set-general-placement-06.g1p
0x46A768FE,Plugins\FieldEditor4\LAND\RONIN_OBJECT03\MHE_TMD4\set-s01-benten-stall-05\set-s01-benten-stall-05.g1cox
0x46B45F55,Plugins\FieldEditor4\LAND\RONIN_OBJECT\MHE_TMD4\set-s02-ykhm-objects-46-pannier01-DES\set-s02-ykhm-objects-46-pannier01-DES.g1mx
0x46DEF240,Plugins\FieldEditor4\LAND\TWILIGHT_OBJECT\MHE_TMD4\set-s060-hole-goods-sacks-04\set-s060-hole-goods-sacks-04.g1cox
0x46FEF64E,Plugins\FieldEditor4\LAND\RONIN_OBJECT03\MHE_TMD4\set-csl-goods-shoji-02-DES\set-csl-goods-shoji-02-DES.g1cox
0x471890FE,Plugins\FieldEditor4\LAND\RONIN_OBJECT03\MHE_TMD4\set-s01-ykp-shop-photo-obj-18a-DES\set-s01-ykp-shop-photo-obj-18a-DES.g1cox
0x47403D52,Plugins\FieldEditor4\LAND\RONIN_OBJECT\MHE_TMD4\set-s01-ykp-tableware-04-DES\set-s01-ykp-tableware-04-DES.g1mx
0x475DD2CE,Plugins\FieldEditor4\LAND\RONIN_OBJECT\MHE_TMD4\set-s02-ykhm-objects-12-mat01-DES\set-s02-ykhm-objects-12-mat01-DES.g1p
0x4761D2C8,Plugins\FieldEditor4\LAND\DRAFT_MODEL_CONTAINER\MHE_TMD4\set-general-placement-16-bk\set-general-placement-16-bk.g1cox
0x47650C5C,Plugins\FieldEditor4\LAND\DAYLIGHT_CMN_GENERAL\MHE_TMD4\set-GGT-hei-s0310-bamboo-M-02-DES\set-GGT-hei-s0310-bamboo-M-02-DES.g1cox
0x479DC0BB,Plugins\FieldEditor4\LAND\RONIN_OBJECT\MHE_TMD4\set-s01-sksh-objects-00-rice01-DES\set-s01-sksh-objects-00-rice01-DES.g1cox
0x47A10601,Plugins\FieldEditor4\LAND\RONIN_OBJECT03\MHE_TMD4\set-s02-edj-paper-01-DES\obj-s02-edj-paper-01-DES.g1p
0x47D6DD7A,Plugins\FieldEditor4\LAND\RONIN_OBJECT03\MHE_TMD4\set-s01-sakr-goods-dish07-DES\set-s01-sakr-goods-dish07-DES.g1mx
0x47EF993D,Plugins\FieldEditor4\LAND\TWILIGHT_OBJECT\MHE_TMD4\set-s010-bg-gm-05\set-s010-bg-gm-05.g1mx
0x4817DB7D,Plugins\FieldEditor4\LAND\DAYLIGHT_BAK_OBJECT\MHE_TMD4\set-bak-cho-inn-door-01a-DES\set-bak-cho-inn-door-01a-DES.g1mx
0x481A98E4,Plugins\FieldEditor4\LAND\DAYLIGHT_SEN_HOUSE\MHE_TMD4\set-sen-ryt-temple-01-fence-DES\set-sen-ryt-temple-01-fence-DES.g1cox
0x48358309,Plugins\FieldEditor4\LAND\RONIN_OBJECT03\MHE_TMD4\set-s02-ykhm-objects-00-stall-06-DES\set-s02-ykhm-objects-00-stall-06-DES.g1cox
0x48A78B71,Plugins\FieldEditor4\LAND\RONIN_OBJECT03\MHE_TMD4\set-cmn-ky-shop-obj-flag-03\set-cmn-ky-shop-obj-flag-03.g1cox
0x48C564F3,Plugins\FieldEditor4\LAND\RONIN_OBJECT03\MHE_TMD4\set-S810-tresure-vase-01\set-S810-tresure-vase-01.g1cox
0x48D9CFF4,Plugins\FieldEditor4\LAND\RONIN_OBJECT\MHE_TMD4\set-s02-chdojo-objects-cloth-01a-DES\set-s02-chdojo-objects-cloth-01a-DES.g1cox
0x48DB9DF4,Plugins\FieldEditor4\LAND\RONIN_OBJECT\MHE_TMD4\set-s01-ykp-shop-kajiya-object-31a-DES\set-s01-ykp-shop-kajiya-object-31a-DES.g1mx
0x49493C78,Plugins\FieldEditor4\LAND\RONIN_OBJECT\MHE_TMD4\set-s01-ykp-shop-kajiya-object-01a-DES\set-s01-ykp-shop-kajiya-object-01a-DES.g1p
0x49CA9E13,Plugins\FieldEditor4\LAND\TWILIGHT_OBJECT\MHE_TMD4\set-s050-box-04\set-s050-box-04.g1p
0x49F3D42A,Plugins\FieldEditor4\LAND\RONIN_OBJECT\MHE_TMD4\set-s170-goods-shelf-02-dest01-DES\set-s170-goods-shelf-02-dest01-DES.g1cox
0x4A323C85,Plugins\FieldEditor4\LAND\RONIN_OBJECT03\MHE_TMD4\set-s01-ykp-goods-04-DES\set-s01-ykp-goods-04-DES.g1p
0x4A37492C,Plugins\FieldEditor4\LAND\DAYLIGHT_CMN_GENERAL\MHE_TMD4\set-GGT-s0310-bamboo-M-02-DES\set-GGT-s0310-bamboo-M-02-DES.g1p
0x4A54CB66,Plugins\FieldEditor4\LAND\RONIN_OBJECT03\MHE_TMD4\set-s01-ykp-shop-drug-object-17a-DES\set-s01-ykp-shop-drug-object-17a-DES.g1mx
0x4A5F20BB,Plugins\FieldEditor4\LAND\TWILIGHT_OBJECT\MHE_TMD4\set-S350-haniwa-a02\set-S350-haniwa-a02.g1mx
0x4A8EE81D,Plugins\FieldEditor4\LAND\DAYLIGHT_CMN_GENERAL\MHE_TMD4\set-gdt-hei-hell-ice-01a-DES\set-gdt-hei-hell-ice-01a-DES.g1cox
0x4A984FC7,Plugins\FieldEditor4\LAND\RONIN_OBJECT\MHE_TMD4\set-csl-goods-pot-03-DES\set-csl-goods-pot-03-DES.g1mx
0x4ACE0526,Plugins\FieldEditor4\LAND\DRAFT_MODEL_CONTAINER\MHE_TMD4\set-ykak-tourou-01-DES\set-ykak-tourou-01-DES.g1p
0x4AF6B28D,Plugins\FieldEditor4\LAND\RONIN_OBJECT\MHE_TMD4\set-csl-goods-screen-05-DES\set-csl-goods-screen-05-DES.g1p
0x4AFD9CF4,Plugins\FieldEditor4\LAND\RONIN_OBJECT03\MHE_TMD4\set-s01-sakr-goods-dish08-DES\set-s01-sakr-goods-dish08-DES.g1cox
0x4B1FD704,Plugins\FieldEditor4\LAND\RONIN_OBJECT\MHE_TMD4\set-cmn-fish-02a-DES\obj-cmn-fish-02a-DES.g1cox
0x4B2F4B51,Plugins\FieldEditor4\LAND\RONIN_OBJECT\MHE_TMD4\set-csl-goods-vase-01-DES\set-csl-goods-vase-01-DES.g1mx
0x4B361B84,Plugins\FieldEditor4\LAND\RONIN_OBJECT03\MHE_TMD4\set-s02-ykhm-objects-38-table03-DES\set-s02-ykhm-objects-38-table03-DES.g1mx
0x4B3C0FAB,Plugins\FieldEditor4\LAND\RONIN_OBJECT03\MHE_TMD4\set-s170-goods-table-01-DES\set-s170-goods-table-01-DES.g1p
0x4B571CBF,Plugins\FieldEditor4\LAND\RONIN_OBJECT\MHE_TMD4\set-csl-goods-weapon-spear-DES\set-csl-goods-weapon-spear-DES.g1cox
0x4B939EBF,Plugins\FieldEditor4\LAND\RONIN_OBJECT\MHE_TMD4\set-s01-ykp-shop-kajiya-object-08a-DES\set-s01-ykp-shop-kajiya-object-08a-DES.g1p
0x4BD01D87,Plugins\FieldEditor4\LAND\RONIN_OBJECT\MHE_TMD4\set-s170-goods-pail-03-DES\set-s170-goods-pail-03-DES.g1mx
0x4C00B852,Plugins\FieldEditor4\LAND\RONIN_OBJECT03\MHE_TMD4\set-cmn-mib-flag-03b\set-cmn-mib-flag-03b.g1p
0x4C0A785C,Plugins\FieldEditor4\LAND\TWILIGHT_OBJECT\MHE_TMD4\set-S070-bf-wreck-04\set-S070-bf-wreck-04.g1cox
0x4C1CB525,Plugins\FieldEditor4\LAND\RONIN_OBJECT03\MHE_TMD4\set-s02-edj-paper-01-DES\obj-s02-edj-paper-01-DES.g1cox
0x4C2AAC48,Plugins\FieldEditor4\LAND\RONIN_OBJECT03\MHE_TMD4\set-EX-kitchen-crock01-DES\set-EX-kitchen-crock01-DES.g1mx
0x4C712004,Plugins\FieldEditor4\LAND\TWILIGHT_OBJECT\MHE_TMD4\set-s080-goods-straw-break-01\set-s080-goods-straw-break-01.g1p
0x4C7217F2,Plugins\FieldEditor4\LAND\TWILIGHT_OBJECT\MHE_TMD4\set-s060-hole-goods-weapon-03\set-s060-hole-goods-weapon-03.g1cox
0x4CF80BAF,Plugins\FieldEditor4\LAND\DAYLIGHT_BAK_LIGHT\MHE_TMD4\set-bak-cmn-andon-light-01-DES\set-bak-cmn-andon-light-01-DES.g1p
0x4D028FA9,Plugins\FieldEditor4\LAND\RONIN_OBJECT03\MHE_TMD4\set-s02-edo-knd-obj-20a-DES\set-s02-edo-knd-obj-20a-DES.g1cox
0x4D2B7A8D,Plugins\FieldEditor4\LAND\RONIN_OBJECT03\MHE_TMD4\set-s01-sakr-goods-dish05-DES\set-s01-sakr-goods-dish05-DES.g1p
0x4D3A463D,Plugins\FieldEditor4\LAND\RONIN_OBJECT03\MHE_TMD4\set-cmn-obj-taru-01a-DES\set-cmn-obj-taru-01a-DES.g1mx
0x4D57E89C,Plugins\FieldEditor4\LAND\RONIN_OBJECT\MHE_TMD4\set-cmn-mib-objects-04-DES\set-cmn-mib-objects-04-DES.g1cox
0x4D749C9A,Plugins\FieldEditor4\LAND\RONIN_OBJECT03\MHE_TMD4\set-s02-ykhm-objects-08-jars05-DES\set-s02-ykhm-objects-08-jars05-DES.g1cox
0x4DD9C2FF,Plugins\FieldEditor4\LAND\RONIN_OBJECT\MHE_TMD4\set-csl-goods-pot-05b-DES\obj-csl-goods-pot-05b-DES.g1cox
0x4DE2B5BC,Plugins\FieldEditor4\LAND\RONIN_OBJECT03\MHE_TMD4\set-s170-goods-table-04\set-s170-goods-table-04.g1p
0x4E20EDBC,Plugins\FieldEditor4\LAND\DAYLIGHT_BAK_NATURE\MHE_TMD4\set-bak-beehive-01-DES\set-bak-beehive-01-DES.g1cox
0x4E4CEFBC,Plugins\FieldEditor4\LAND\DAYLIGHT_SEN_OBJECT\MHE_TMD4\set-sen-hidr-rock-01-DES\set-sen-hidr-rock-01-DES.g1p
0x4E66C04B,Plugins\FieldEditor4\LAND\RONIN_LIGHT\MHE_TMD4\set-s02-edo-ysw-objects-light-10a\set-s02-edo-ysw-objects-light-10a.g1cox
0x4E6C2777,Plugins\FieldEditor4\LAND\RONIN_OBJECT03\MHE_TMD4\set-s170-goods-box-06-DES\set-s170-goods-box-06-DES.g1cox
0x4E898553,Plugins\FieldEditor4\LAND\RONIN_OBJECT\MHE_TMD4\set-s02-ykhm-objects-07-jars04-DES\set-s02-ykhm-objects-07-jars04-DES.g1p
0x4E900D2F,Plugins\FieldEditor4\LAND\DAYLIGHT_SEN_OBJECT\MHE_TMD4\set-sen-cmn-goods-tea-04-DES\set-sen-cmn-goods-tea-04-DES.g1cox
0x4ED09260,Plugins\FieldEditor4\LAND\RONIN_OBJECT\MHE_TMD4\set-csl-goods-fusuma-a01-DES\set-csl-goods-fusuma-a01-DES.g1mx
0x4ED475E0,Plugins\FieldEditor4\LAND\RONIN_OBJECT\MHE_TMD4\set-cmn-kyt-flag-01a-DES\set-cmn-kyt-flag-01a-DES.g1cox
0x4EF773E9,Plugins\FieldEditor4\LAND\TWILIGHT_OBJECT\MHE_TMD4\set-S060-obj-f-01b-bk\set-S060-obj-f-01b-bk.g1mx
0x4F08DE77,Plugins\FieldEditor4\LAND\DAYLIGHT_CMN_PLANTHICHI\MHE_TMD4\set-dyl-tree-boss-small-03-DES\set-dyl-tree-boss-small-03-DES.g1mx
0x4FA1FA06,Plugins\FieldEditor4\LAND\DAYLIGHT_SEN_HOUSE\MHE_TMD4\set-sen-ryt-temple-01-door-01-DES\set-sen-ryt-temple-01-door-01-DES.g1cox
0x4FB5C597,Plugins\FieldEditor4\LAND\DAYLIGHT_SEN_OBJECT\MHE_TMD4\set-sen-msk-building-pillar-01-DES\set-sen-msk-building-pillar-01-DES.g1p
0x4FBF0998,Plugins\FieldEditor4\LAND\RONIN_OBJECT\MHE_TMD4\set-csl-goods-shelf-02-DES\set-csl-goods-shelf-02-DES.g1p
0x4FC9B1CB,Plugins\FieldEditor4\LAND\DAYLIGHT_CMN_GENERAL\MHE_TMD4\set-bak-gdt-cannon-object-DES\set-bak-gdt-cannon-object-DES.g1cox
0x4FD982B2,Plugins\FieldEditor4\LAND\RONIN_OBJECT\MHE_TMD4\set-s02-ykhm-objects-12-mat01-DES\set-s02-ykhm-objects-12-mat01-DES.g1cox
0x50049D90,Plugins\FieldEditor4\LAND\DAYLIGHT_SEN_HOUSE\MHE_TMD4\set-sen-cmn-hotel-window-03-DES\set-sen-cmn-hotel-window-03-DES.g1mx
0x508C91E5,Plugins\FieldEditor4\LAND\RONIN_OBJECT\MHE_TMD4\set-s170-goods-shelf-02-dest02-DES\set-s170-goods-shelf-02-dest02-DES.g1p
0x5093162F,Plugins\FieldEditor4\LAND\RONIN_OBJECT\MHE_TMD4\set-s02-edj-sword-01-DES\obj-s02-edj-sword-01-DES.g1p
0x50A5CF6E,Plugins\FieldEditor4\LAND\RONIN_OBJECT\MHE_TMD4\set-csl-goods-weapon-spear-DES\set-csl-goods-weapon-spear-DES.g1mx
0x50E74873,Plugins\FieldEditor4\LAND\RONIN_OBJECT\MHE_TMD4\set-s01-ysk-objects-00-cabinets11-DES\set-s01-ysk-objects-00-cabinets11-DES.g1mx
0x50F2CD80,Plugins\FieldEditor4\LAND\DAYLIGHT_SEN_HOUSE\MHE_TMD4\set-sen-ryt-temple-01-fence-DES\set-sen-ryt-temple-01-fence-DES.g1p
0x5100B5B5,Plugins\FieldEditor4\LAND\RONIN_OBJECT03\MHE_TMD4\set-s01-ykp-shop-drug-object-06a\set-s01-ykp-shop-drug-object-06a.g1p
0x5109DFED,Plugins\FieldEditor4\LAND\DAYLIGHT_SEN_OBJECT\MHE_TMD4\set-sen-hidr-rock-01-DES\set-sen-hidr-rock-01-DES.g1mx
0x512A5BFD,Plugins\FieldEditor4\LAND\RONIN_OBJECT\MHE_TMD4\set-s01-ykp-shop-drug-object-25a-DES\set-s01-ykp-shop-drug-object-25a-DES.g1p
0x516DE6EB,Plugins\FieldEditor4\LAND\RONIN_OBJECT\MHE_TMD4\set-cmn-g-throwdonou-01-DES\set-cmn-g-throwdonou-01-DES.g1p
0x51806BAC,Plugins\FieldEditor4\LAND\DAYLIGHT_SEN_OBJECT\MHE_TMD4\set-sen-cha-shelf-01-DES\set-sen-cha-shelf-01-DES.g1p
0x51C37189,Plugins\FieldEditor4\LAND\RONIN_OBJECT03\MHE_TMD4\set-EX-office-book01-DES\set-EX-office-book01-DES.g1mx
0x51C8E86A,Plugins\FieldEditor4\LAND\RONIN_OBJECT03\MHE_TMD4\set-cmn-kyt-objects-trashcan-01b-DES\set-cmn-kyt-objects-trashcan-01b-DES.g1cox
0x52052710,Plugins\FieldEditor4\LAND\RONIN_OBJECT\MHE_TMD4\set-s01-ykp-shop-kajiya-object-02a-DES\set-s01-ykp-shop-kajiya-object-02a-DES.g1mx
0x5207F766,Plugins\FieldEditor4\LAND\RONIN_OBJECT03\MHE_TMD4\set-EX-office-bottle02-DES\set-EX-office-bottle02-DES.g1cox
0x522A1C54,Plugins\FieldEditor4\LAND\RONIN_OBJECT\MHE_TMD4\set-csl-goods-box-06-DES\set-csl-goods-box-06-DES.g1mx
0x523CBE37,Plugins\FieldEditor4\LAND\RONIN_OBJECT\MHE_TMD4\set-csl-goods-box-04-DES\set-csl-goods-box-04-DES.g1p
0x525D5371,Plugins\FieldEditor4\LAND\RONIN_OBJECT03\MHE_TMD4\set-s01-ykp-objects-15-radish01-DES\set-s01-ykp-objects-15-radish01-DES.g1p
0x5264C851,Plugins\FieldEditor4\LAND\RONIN_OBJECT\MHE_TMD4\set-s170-goods-weapon-11-DES\set-s170-goods-weapon-11-DES.g1cox
0x5282CD99,Plugins\FieldEditor4\LAND\DAYLIGHT_SEN_OBJECT\MHE_TMD4\set-sen-cmn-obj-screen-05-DES\set-sen-cmn-obj-screen-05-DES.g1p
0x528EDF10,Plugins\FieldEditor4\LAND\RONIN_OBJECT03\MHE_TMD4\set-s01-sakr-objects-fusuma00-01-DES\set-s01-sakr-objects-fusuma00-01-DES.g1p
0x52A14F00,Plugins\FieldEditor4\LAND\RONIN_OBJECT\MHE_TMD4\set-s01-ykp-stall-05-DES\obj-s01-ykp-stall-05-DES.g1p
0x52A9A7F5,Plugins\FieldEditor4\LAND\TWILIGHT_OBJECT\MHE_TMD4\set-s010-goods-pail-02\set-s010-goods-pail-02.g1mx
0x52C64936,Plugins\FieldEditor4\LAND\TWILIGHT_OBJECT\MHE_TMD4\set-S100-brkobj-hanging-scroll-01\set-S100-brkobj-hanging-scroll-01.g1cox
0x52F78652,Plugins\FieldEditor4\LAND\RONIN_OBJECT03\MHE_TMD4\set-EX-office-notebook01-DES\set-EX-office-notebook01-DES.g1cox
0x52F88674,Plugins\FieldEditor4\LAND\RONIN_OBJECT03\MHE_TMD4\set-s01-sakr-objects-fusuma00-01-DES\set-s01-sakr-objects-fusuma00-01-DES.g1cox
0x52F91032,Plugins\FieldEditor4\LAND\TWILIGHT_OBJECT\MHE_TMD4\set-s010-bg-gm-14\set-s010-bg-gm-14.g1cox
0x52FE8854,Plugins\FieldEditor4\LAND\DAYLIGHT_CMN_PLANTHICHI\MHE_TMD4\set-dyl-tree-boss-small-01-DES\set-dyl-tree-boss-small-01-DES.g1cox
0x5335B61C,Plugins\FieldEditor4\LAND\RONIN_OBJECT\MHE_TMD4\set-s01-ysk-objects-00-jars05-DES\set-s01-ysk-objects-00-jars05-DES.g1cox
0x5344C45A,Plugins\FieldEditor4\LAND\RONIN_OBJECT\MHE_TMD4\set-s01-ysk-objects-00-cabinets11-DES\set-s01-ysk-objects-00-cabinets11-DES.g1cox
0x536B002F,Plugins\FieldEditor4\LAND\RONIN_OBJECT\MHE_TMD4\set-s170-goods-vase-03-DES\set-s170-goods-vase-03-DES.g1cox
0x5399F04F,Plugins\FieldEditor4\LAND\RONIN_OBJECT03\MHE_TMD4\set-s02-ykhm-objects-00-dish06-DES\set-s02-ykhm-objects-00-dish06-DES.g1cox
0x53A99BC8,Plugins\FieldEditor4\LAND\RONIN_OBJECT03\MHE_TMD4\set-s01-ykp-shop-kajiya-object-07a-DES\set-s01-ykp-shop-kajiya-object-07a-DES.g1mx
0x53CF30FD,Plugins\FieldEditor4\LAND\RONIN_OBJECT03\MHE_TMD4\set-cmn-mib-objects-02-DES\set-cmn-mib-objects-02-DES.g1p
0x53D24E87,Plugins\FieldEditor4\LAND\DRAFT_MODEL_CONTAINER\MHE_TMD4\set-general-placement-15-bk\set-general-placement-15-bk.g1cox
0x53E50829,Plugins\FieldEditor4\LAND\RONIN_OBJECT\MHE_TMD4\set-csl-goods-fusuma-a02-break-DES\set-csl-goods-fusuma-a02-break-DES.g1p
0x542AF844,Plugins\FieldEditor4\LAND\DAYLIGHT_CMN_GENERAL\MHE_TMD4\set-bak-gdt-cannon-object-OFF\set-bak-gdt-cannon-object-OFF.g1p
0x5432A26D,Plugins\FieldEditor4\LAND\RONIN_OBJECT03\MHE_TMD4\set-s01-hod-inn-door-02b-break01-DES\set-s01-hod-inn-door-02b-break01-DES.g1p
0x543C85C5,Plugins\FieldEditor4\LAND\RONIN_OBJECT\MHE_TMD4\set-s02-ykhm-objects-66-salt-farm-hoe-01-DES\set-s02-ykhm-objects-66-salt-farm-hoe-01-DES.g1p
0x543CF877,Plugins\FieldEditor4\LAND\RONIN_OBJECT\MHE_TMD4\set-s02-ykhm-objects-10-clothesline-03\set-s02-ykhm-objects-10-clothesline-03.g1mx
0x54489B49,Plugins\FieldEditor4\LAND\RONIN_LIGHT\MHE_TMD4\set-s03-kyt-cmn-objects-light-andon-03a-DES\set-s03-kyt-cmn-objects-light-andon-03a-DES.g1cox
0x5491F1E2,Plugins\FieldEditor4\LAND\RONIN_OBJECT03\MHE_TMD4\set-csl-goods-tool-08-DES\set-csl-goods-tool-08-DES.g1mx
0x54A9A695,Plugins\FieldEditor4\LAND\RONIN_OBJECT03\MHE_TMD4\set-ykak-goods-chair-03-DES\set-ykak-goods-chair-03-DES.g1cox
0x54AC0B9C,Plugins\FieldEditor4\LAND\RONIN_OBJECT03\MHE_TMD4\set-s01-ysk-objects-00-cabinets10-DES\set-s01-ysk-objects-00-cabinets10-DES.g1cox
0x54B9A511,Plugins\FieldEditor4\LAND\RONIN_OBJECT\MHE_TMD4\set-s02-ykhm-objects-33-cups02-DES\set-s02-ykhm-objects-33-cups02-DES.g1p
0x54C1537D,Plugins\FieldEditor4\LAND\RONIN_OBJECT\MHE_TMD4\set-cmn-kyt-flag-02a-DES\set-cmn-kyt-flag-02a-DES.g1p
0x54DA0096,Plugins\FieldEditor4\LAND\RONIN_OBJECT\MHE_TMD4\set-s010-Village-goods-04\set-s010-Village-goods-04.g1p
0x54DE423B,Plugins\FieldEditor4\LAND\RONIN_OBJECT\MHE_TMD4\set-s01-sksh-close-objects-04a\set-s01-sksh-close-objects-04a.g1mx
0x54E09FC6,Plugins\FieldEditor4\LAND\RONIN_OBJECT\MHE_TMD4\set-csl-goods-A-pot-00-DES\set-csl-goods-A-pot-00-DES.g1p
0x54E31DD3,Plugins\FieldEditor4\LAND\RONIN_LIGHT\MHE_TMD4\set-s01-ykak-goods-light-01-DES\set-s01-ykak-goods-light-01-DES.g1mx
0x5537B97C,Plugins\FieldEditor4\LAND\RONIN_OBJECT\MHE_TMD4\set-cmn-kyt-flag-01a-DES\set-cmn-kyt-flag-01a-DES.g1p
0x553EAE43,Plugins\FieldEditor4\LAND\RONIN_OBJECT\MHE_TMD4\set-s01-ykp-shop-goods-03a-DES\set-s01-ykp-shop-goods-03a-DES.g1mx
0x5552607B,Plugins\FieldEditor4\LAND\RONIN_OBJECT03\MHE_TMD4\set-s02-ykhm-objects-10-woodbox02-DES\set-s02-ykhm-objects-10-woodbox02-DES.g1mx
0x555ACAD7,Plugins\FieldEditor4\LAND\DAYLIGHT_SEN_OBJECT\MHE_TMD4\set-hre-fusuma-01a-DES\set-hre-fusuma-01a-DES.g1p
0x557DB8B8,Plugins\FieldEditor4\LAND\RONIN_OBJECT03\MHE_TMD4\set-cmn-edo-obj-watertank-01a-DES\set-cmn-edo-obj-watertank-01a-DES.g1mx
0x55809260,Plugins\FieldEditor4\LAND\DAYLIGHT_CMN_GENERAL\MHE_TMD4\set-hell-soranaki-kusabi-a01-DES\set-hell-soranaki-kusabi-a01-DES.g1cox
0x55AC69F7,Plugins\FieldEditor4\LAND\DAYLIGHT_CMN_HELL\MHE_TMD4\set-gdt-hell-kusabi-a02-DES\set-gdt-hell-kusabi-a02-DES.g1p
0x55C4A611,Plugins\FieldEditor4\LAND\TWILIGHT_OBJECT\MHE_TMD4\set-S800-bowl-01\set-S800-bowl-01.g1mx
0x55D3ACD3,Plugins\FieldEditor4\LAND\DAYLIGHT_CMN_GENERAL\MHE_TMD4\set-rtm-MS-kowaretourou-a01\set-rtm-MS-kowaretourou-a01.g1mx
0x55E2C65E,Plugins\FieldEditor4\LAND\RONIN_OBJECT03\MHE_TMD4\set-s01-ykp-shop-drug-object-12a-DES\set-s01-ykp-shop-drug-object-12a-DES.g1p
0x561C1041,Plugins\FieldEditor4\LAND\TWILIGHT_OBJECT\MHE_TMD4\set-s010-bg-gm-09\set-s010-bg-gm-09.g1mx
0x562764E5,Plugins\FieldEditor4\LAND\RONIN_OBJECT03\MHE_TMD4\set-s01-ykp-port-goods-01-DES\set-s01-ykp-port-goods-01-DES.g1cox
0x562F2BEB,Plugins\FieldEditor4\LAND\TWILIGHT_PLANTHICHI\MHE_TMD4\set-s050-tree-boss-small-02\set-s050-tree-boss-small-02.g1cox
0x56327A6E,Plugins\FieldEditor4\LAND\RONIN_OBJECT\MHE_TMD4\set-csl-goods-fusuma-a01-break-DES\set-csl-goods-fusuma-a01-break-DES.g1cox
0x567CA2E9,Plugins\FieldEditor4\LAND\RONIN_OBJECT\MHE_TMD4\set-csl-goods-fusuma-a01-DES\set-csl-goods-fusuma-a01-DES.g1p
0x568C5DD6,Plugins\FieldEditor4\LAND\DAYLIGHT_KOD_OBJECT\MHE_TMD4\set-MS-kod-sakimori-01-DES\set-MS-kod-sakimori-01-DES.g1mx
0x56B7E9BD,Plugins\FieldEditor4\LAND\TWILIGHT_OBJECT\MHE_TMD4\set-S060-obj-f-01b-dt\set-S060-obj-f-01b-dt.g1cox
0x56F46754,Plugins\FieldEditor4\LAND\TWILIGHT_OBJECT\MHE_TMD4\set-general-placement-07-dirt-bk\set-general-placement-07-dirt-bk.g1cox
0x56F9AF55,Plugins\FieldEditor4\LAND\RONIN_OBJECT\MHE_TMD4\set-s02-chdojo-objects-radish-02-DES\set-s02-chdojo-objects-radish-02-DES.g1cox
0x5718F19B,Plugins\FieldEditor4\LAND\RONIN_OBJECT\MHE_TMD4\set-S01-dojo-goods-cloth-02\obj-S01-dojo-goods-cloth-02.g1p
0x5752DF90,Plugins\FieldEditor4\LAND\RONIN_OBJECT03\MHE_TMD4\set-csl-goods-03-DES\set-csl-goods-03-DES.g1p
0x5768CD4D,Plugins\FieldEditor4\LAND\RONIN_OBJECT\MHE_TMD4\set-csl-goods-fusuma-a02-break-DES\set-csl-goods-fusuma-a02-break-DES.g1cox
0x57751C20,Plugins\FieldEditor4\LAND\DAYLIGHT_SEN_OBJECT\MHE_TMD4\set-sen-hidr-rock-01-DES\set-sen-hidr-rock-01-DES.g1cox
0x57A5AE56,Plugins\FieldEditor4\LAND\RONIN_OBJECT03\MHE_TMD4\set-s170-goods-cookware-03-DES\set-s170-goods-cookware-03-DES.g1p
0x57C34681,Plugins\FieldEditor4\LAND\RONIN_OBJECT\MHE_TMD4\set-s02-ykhm-objects-00-fish01\set-s02-ykhm-objects-00-fish01.g1p
0x57C68123,Plugins\FieldEditor4\LAND\DAYLIGHT_CMN_GENERAL\MHE_TMD4\set-htmt-gdt-bamboo-fence-stg-01a-DES\set-htmt-gdt-bamboo-fence-stg-01a-DES.g1p
0x57C90753,Plugins\FieldEditor4\LAND\DAYLIGHT_BAK_LIGHT\MHE_TMD4\set-bak-cmn-andon-light-01-DES\set-bak-cmn-andon-light-01-DES.g1cox
0x57FC9F0A,Plugins\FieldEditor4\LAND\RONIN_OBJECT\MHE_TMD4\set-s02-ykhm-objects-56-fabric05-DES\set-s02-ykhm-objects-56-fabric05-DES.g1mx
0x5818461B,Plugins\FieldEditor4\LAND\RONIN_OBJECT03\MHE_TMD4\set-s02-edo-knd-obj-19a-DES\set-s02-edo-knd-obj-19a-DES.g1p
0x58218D6A,Plugins\FieldEditor4\LAND\RONIN_OBJECT\MHE_TMD4\set-s01-ykp-goods-00-DES\set-s01-ykp-goods-00-DES.g1cox
0x583E8812,Plugins\FieldEditor4\LAND\RONIN_OBJECT\MHE_TMD4\set-cmn-kyt-objects-sake02a-DES\set-cmn-kyt-objects-sake02a-DES.g1mx
0x5854D237,Plugins\FieldEditor4\LAND\RONIN_OBJECT\MHE_TMD4\set-csl-goods-pail-04\set-csl-goods-pail-04.g1mx
0x585FFD36,Plugins\FieldEditor4\LAND\RONIN_OBJECT\MHE_TMD4\set-s02-ykhm-objects-07-jars04-DES\set-s02-ykhm-objects-07-jars04-DES.g1mx
0x586AA0EA,Plugins\FieldEditor4\LAND\DAYLIGHT_SEN_OBJECT\MHE_TMD4\set-MS-sen-htmt-coral-01b-DES\set-MS-sen-htmt-coral-01b-DES.g1cox
0x58821ECF,Plugins\FieldEditor4\LAND\RONIN_OBJECT03\MHE_TMD4\set-s170-goods-box-02-DES\set-s170-goods-box-02-DES.g1p
0x58D7DE85,Plugins\FieldEditor4\LAND\TWILIGHT_OBJECT\MHE_TMD4\set-general-placement-14-bk\set-general-placement-14-bk.g1cox
0x59149FC3,Plugins\FieldEditor4\LAND\DAYLIGHT_CMN_GENERAL\MHE_TMD4\set-MS-gdt-syugorei-rock-M01\set-MS-gdt-syugorei-rock-M01.g1cox
0x59880BB7,Plugins\FieldEditor4\LAND\DAYLIGHT_CMN_GENERAL\MHE_TMD4\set-GGT-hei-s0310-bamboo-M-01-DES\set-GGT-hei-s0310-bamboo-M-01-DES.g1p
0x59DB1EF9,Plugins\FieldEditor4\LAND\RONIN_OBJECT\MHE_TMD4\set-s01-ykp-shop-kajiya-object-31a-DES\set-s01-ykp-shop-kajiya-object-31a-DES.g1cox
0x59DD0D73,Plugins\FieldEditor4\LAND\RONIN_OBJECT\MHE_TMD4\set-s02-ykhm-objects-19-blinds03-DES\set-s02-ykhm-objects-19-blinds03-DES.g1cox
0x59E02DFB,Plugins\FieldEditor4\LAND\DAYLIGHT_SEN_NATURE\MHE_TMD4\set-dyl-grass-toutyukasou-03-DES\set-dyl-grass-toutyukasou-03-DES.g1mx
0x59E24890,Plugins\FieldEditor4\LAND\RONIN_OBJECT03\MHE_TMD4\set-s170-goods-vase-01-DES\set-s170-goods-vase-01-DES.g1p
0x5A2BE32E,Plugins\FieldEditor4\LAND\RONIN_OBJECT\MHE_TMD4\set-s01-ykp-objects-17-radish03-DES\set-s01-ykp-objects-17-radish03-DES.g1p
0x5A554070,Plugins\FieldEditor4\LAND\RONIN_OBJECT03\MHE_TMD4\set-s02-edo-knd-obj-three-03-DES\set-s02-edo-knd-obj-three-03-DES.g1mx
0x5A8055DA,Plugins\FieldEditor4\LAND\RONIN_OBJECT\MHE_TMD4\set-s01-ykp-tableware-01-DES\set-s01-ykp-tableware-01-DES.g1p
0x5A87D3FF,Plugins\FieldEditor4\LAND\RONIN_OBJECT03\MHE_TMD4\set-s02-kdc-objects-torture-16a-DES\set-s02-kdc-objects-torture-16a-DES.g1p
0x5AA9AD09,Plugins\FieldEditor4\LAND\RONIN_OBJECT\MHE_TMD4\set-s02-ykhm-objects-00-dish05-DES\set-s02-ykhm-objects-00-dish05-DES.g1p
0x5AAF6E3F,Plugins\FieldEditor4\LAND\RONIN_OBJECT03\MHE_TMD4\set-csl-goods-pot-04b-DES\obj-csl-goods-pot-04b-DES.g1p
0x5ADDE960,Plugins\FieldEditor4\LAND\RONIN_OBJECT03\MHE_TMD4\set-s01-ykp-brazier-00-DES\set-s01-ykp-brazier-00-DES.g1p
0x5B1BABD4,Plugins\FieldEditor4\LAND\TWILIGHT_OBJECT\MHE_TMD4\set-s060-hole-goods-22\set-s060-hole-goods-22.g1mx
0x5B289AFF,Plugins\FieldEditor4\LAND\RONIN_OBJECT03\MHE_TMD4\set-S01-dojo-goods-target-01-DES\set-S01-dojo-goods-target-01-DES.g1p
0x5B409721,Plugins\FieldEditor4\LAND\DAYLIGHT_BAK_OBJECT\MHE_TMD4\set-bak-abu-BOSS-house-pillar-01-DES\set-bak-abu-BOSS-house-pillar-01-DES.g1p
0x5BAAE3C2,Plugins\FieldEditor4\LAND\TWILIGHT_OBJECT\MHE_TMD4\set-S800-rubble-dest-01\set-S800-rubble-dest-01.g1cox
0x5BB95C10,Plugins\FieldEditor4\LAND\DAYLIGHT_SEN_OBJECT\MHE_TMD4\set-sen-cha-shelf-01-DES\set-sen-cha-shelf-01-DES.g1cox
0x5BBA4E8F,Plugins\FieldEditor4\LAND\RONIN_OBJECT\MHE_TMD4\set-S01-dojo-goods-cloth-01\obj-S01-dojo-goods-cloth-01.g1mx
0x5BCEB43F,Plugins\FieldEditor4\LAND\RONIN_OBJECT03\MHE_TMD4\set-cmn-kyt-screen-01a-DES\set-cmn-kyt-screen-01a-DES.g1p
0x5BD4EBF5,Plugins\FieldEditor4\LAND\TWILIGHT_OBJECT\MHE_TMD4\set-general-placement-01bk\set-general-placement-01bk.g1cox
0x5BDE215B,Plugins\FieldEditor4\LAND\RONIN_OBJECT03\MHE_TMD4\set-s01-ysk-objects-00-woodbox01-DES\set-s01-ysk-objects-00-woodbox01-DES.g1p
0x5BF2FBCC,Plugins\FieldEditor4\LAND\DAYLIGHT_SEN_OBJECT\MHE_TMD4\set-sen-cmn-objects-clothline-01-DES\set-sen-cmn-objects-clothline-01-DES.g1p
0x5C0C8FA2,Plugins\FieldEditor4\LAND\DAYLIGHT_SEN_OBJECT\MHE_TMD4\set-sen-you-goods-shugen-12-DES\set-sen-you-goods-shugen-12-DES.g1mx
0x5C10971C,Plugins\FieldEditor4\LAND\DAYLIGHT_SEN_HOUSE\MHE_TMD4\set-sen-cmn-hotel-window-02-DES\set-sen-cmn-hotel-window-02-DES.g1cox
0x5C11483D,Plugins\FieldEditor4\LAND\RONIN_OBJECT03\MHE_TMD4\set-csl-goods-table-04-DES\set-csl-goods-table-04-DES.g1p
0x5C77AF01,Plugins\FieldEditor4\LAND\TWILIGHT_PLANTHICHI\MHE_TMD4\set-s050-tree-boss-small-01\set-s050-tree-boss-small-01.g1mx
0x5C9861F9,Plugins\FieldEditor4\LAND\DAYLIGHT_CMN_GENERAL\MHE_TMD4\set-gdt-sen-kzk-temple-floor-01-DES\set-gdt-sen-kzk-temple-floor-01-DES.g1p
0x5CD19049,Plugins\FieldEditor4\LAND\RONIN_OBJECT\MHE_TMD4\set-cmn-kyt-obj-Village-goods-01-DES\set-cmn-kyt-obj-Village-goods-01-DES.g1mx
0x5CEC7121,Plugins\FieldEditor4\LAND\TWILIGHT_OBJECT\MHE_TMD4\set-general-placement-01\set-general-placement-01.g1mx
0x5CF54EA1,Plugins\FieldEditor4\LAND\RONIN_OBJECT03\MHE_TMD4\set-s02-ykhm-objects-30-braziers01-DES\set-s02-ykhm-objects-30-braziers01-DES.g1p
0x5D31D636,Plugins\FieldEditor4\LAND\DAYLIGHT_BAK_OBJECT\MHE_TMD4\set-bak-hnj-obj-pot-buddhist-01a-DES\set-bak-hnj-obj-pot-buddhist-01a-DES.g1p
0x5D36ACCF,Plugins\FieldEditor4\LAND\DAYLIGHT_SEN_OBJECT\MHE_TMD4\set-cmn-fusuma-04a-DES\set-cmn-fusuma-04a-DES.g1cox
0x5D48223F,Plugins\FieldEditor4\LAND\RONIN_OBJECT\MHE_TMD4\set-S01-dojo-goods-cloth-02\obj-S01-dojo-goods-cloth-02.g1cox
0x5D4E5A68,Plugins\FieldEditor4\LAND\TWILIGHT_OBJECT\MHE_TMD4\set-s080-goods-straw-break-01\set-s080-goods-straw-break-01.g1cox
0x5D510706,Plugins\FieldEditor4\LAND\RONIN_OBJECT\MHE_TMD4\set-csl-goods-table-03\obj-csl-goods-table-03.g1cox
0x5D70F69D,Plugins\FieldEditor4\LAND\RONIN_OBJECT03\MHE_TMD4\set-s170-goods-vase-05-DES\set-s170-goods-vase-05-DES.g1mx
0x5D8155C5,Plugins\FieldEditor4\LAND\RONIN_OBJECT03\MHE_TMD4\set-s02-ykhm-objects-30-braziers01-DES\set-s02-ykhm-objects-30-braziers01-DES.g1cox
0x5D8C32D5,Plugins\FieldEditor4\LAND\RONIN_OBJECT03\MHE_TMD4\set-s01-ykp-bonsai-03-DES\obj-s01-ykp-bonsai-03-DES.g1p
0x5DC27E87,Plugins\FieldEditor4\LAND\RONIN_OBJECT03\MHE_TMD4\set-s170-goods-lantern-03-inroom\set-s170-goods-lantern-03-inroom.g1cox
0x5DDED5FF,Plugins\FieldEditor4\LAND\DAYLIGHT_CMN_GENERAL\MHE_TMD4\set-gjt-hell-bosatu-01\set-gjt-hell-bosatu-01.g1p
0x5DEDC20E,Plugins\FieldEditor4\LAND\RONIN_OBJECT03\MHE_TMD4\set-csl-goods-cloth-06\obj-csl-goods-cloth-06.g1p
0x5DF322A8,Plugins\FieldEditor4\LAND\DAYLIGHT_CMN_GENERAL\MHE_TMD4\set-bak-gdt-cannon-object-OFF\set-bak-gdt-cannon-object-OFF.g1cox
0x5E19190B,Plugins\FieldEditor4\LAND\DAYLIGHT_SEN_OBJECT\MHE_TMD4\set-MS-sen-htmt-coral-03c-DES\set-MS-sen-htmt-coral-03c-DES.g1cox
0x5E22C400,Plugins\FieldEditor4\LAND\TWILIGHT_OBJECT\MHE_TMD4\set-general-placement-02\set-general-placement-02.g1mx
0x5E34D570,Plugins\FieldEditor4\LAND\TWILIGHT_OBJECT\MHE_TMD4\set-general-placement-05\set-general-placement-05.g1cox
0x5E38F362,Plugins\FieldEditor4\LAND\RONIN_LIGHT\MHE_TMD4\set-csl-goods-light-03-DES\set-csl-goods-light-03-DES.g1p
0x5E4129B8,Plugins\FieldEditor4\LAND\DAYLIGHT_CMN_GENERAL\MHE_TMD4\set-cmn-gdt-touseki-rock-01\set-cmn-gdt-touseki-rock-01.g1mx
0x5EC40673,Plugins\FieldEditor4\LAND\RONIN_OBJECT03\MHE_TMD4\set-s02-ykhm-objects-58-cabinet05-DES\set-s02-ykhm-objects-58-cabinet05-DES.g1cox
0x5EFE90B3,Plugins\FieldEditor4\LAND\DAYLIGHT_KOD_OBJECT\MHE_TMD4\set-MS-kod-sakimori-01-DES\set-MS-kod-sakimori-01-DES.g1p
0x5F2AFF0E,Plugins\FieldEditor4\LAND\RONIN_OBJECT03\MHE_TMD4\set-s01-goods-cask-02-DES\set-s01-goods-cask-02-DES.g1mx
0x5F3723EB,Plugins\FieldEditor4\LAND\TWILIGHT_OBJECT\MHE_TMD4\set-S060-obj-f-01\set-S060-obj-f-01.g1cox
0x5F5916DF,Plugins\FieldEditor4\LAND\TWILIGHT_OBJECT\MHE_TMD4\set-general-placement-03\set-general-placement-03.g1mx
0x5F6B284F,Plugins\FieldEditor4\LAND\TWILIGHT_OBJECT\MHE_TMD4\set-general-placement-15\set-general-placement-15.g1cox
0x5F91E601,Plugins\FieldEditor4\LAND\RONIN_LIGHT\MHE_TMD4\set-csl-goods-candle-01-DES\set-csl-goods-candle-01-DES.g1cox
0x5F9AB80E,Plugins\FieldEditor4\LAND\TWILIGHT_OBJECT\MHE_TMD4\set-s060-hole-goods-weapon-03\set-s060-hole-goods-weapon-03.g1p
0x5FA631DB,Plugins\FieldEditor4\LAND\RONIN_OBJECT\MHE_TMD4\set-s01-ysk-objects-00-jars04-DES\set-s01-ysk-objects-00-jars04-DES.g1cox
0x5FB02509,Plugins\FieldEditor4\LAND\RONIN_OBJECT\MHE_TMD4\set-s01-hod-inn-objects-00-basket01\set-s01-hod-inn-objects-00-basket01.g1cox
0x5FE0521F,Plugins\FieldEditor4\LAND\DAYLIGHT_KOD_LIGHT\MHE_TMD4\set-kod-ocha-andon-01-DES\set-kod-ocha-andon-01-DES.g1mx
0x6055B29A,Plugins\FieldEditor4\LAND\DAYLIGHT_CMN_HELL\MHE_TMD4\set-hell-kusabi-a01-DES\set-hell-kusabi-a01-DES.g1mx
0x6063B803,Plugins\FieldEditor4\LAND\TWILIGHT_OBJECT\MHE_TMD4\set-s050-building-pail-bk\set-s050-building-pail-bk.g1p
0x608061FD,Plugins\FieldEditor4\LAND\RONIN_OBJECT\MHE_TMD4\set-csl-goods-book-01-DES\set-csl-goods-book-01-DES.g1mx
0x60931818,Plugins\FieldEditor4\LAND\RONIN_OBJECT\MHE_TMD4\set-csl-goods-box-03-DES\set-csl-goods-box-03-DES.g1p
0x60950C7D,Plugins\FieldEditor4\LAND\RONIN_OBJECT\MHE_TMD4\set-s170-goods-vase-02-DES\set-s170-goods-vase-02-DES.g1mx
0x60BA90EC,Plugins\FieldEditor4\LAND\TWILIGHT_OBJECT\MHE_TMD4\set-general-placement-16\set-general-placement-16.g1p
0x6113C27C,Plugins\FieldEditor4\LAND\RONIN_OBJECT03\MHE_TMD4\set-cmn-ky-shop-obj-flag-03\set-cmn-ky-shop-obj-flag-03.g1mx
0x61156199,Plugins\FieldEditor4\LAND\RONIN_OBJECT\MHE_TMD4\set-s02-chdojo-objects-cloth-01a-DES\set-s02-chdojo-objects-cloth-01a-DES.g1mx
0x613B6833,Plugins\FieldEditor4\LAND\RONIN_OBJECT03\MHE_TMD4\set-s02-ykhm-objects-08-jars05-DES\set-s02-ykhm-objects-08-jars05-DES.g1mx
0x6142AB31,Plugins\FieldEditor4\LAND\TWILIGHT_OBJECT\MHE_TMD4\set-general-goods-byobu-02\set-general-goods-byobu-02.g1cox
0x615DE10D,Plugins\FieldEditor4\LAND\DAYLIGHT_SEN_OBJECT\MHE_TMD4\set-sen-cmn-goods-tea-06-DES\set-sen-cmn-goods-tea-06-DES.g1p
0x61825E1B,Plugins\FieldEditor4\LAND\RONIN_OBJECT03\MHE_TMD4\set-s01-ykp-tableware-03-DES\set-s01-ykp-tableware-03-DES.g1p
0x61BE19EE,Plugins\FieldEditor4\LAND\RONIN_OBJECT\MHE_TMD4\set-S01-dojo-goods-cloth-02\obj-S01-dojo-goods-cloth-02.g1mx
0x61C5BC9D,Plugins\FieldEditor4\LAND\TWILIGHT_OBJECT\MHE_TMD4\set-general-placement-05\set-general-placement-05.g1mx
0x61D1A6D2,Plugins\FieldEditor4\LAND\RONIN_OBJECT\MHE_TMD4\set-s01-ysk-objects-00-jars04-DES\set-s01-ysk-objects-00-jars04-DES.g1mx
0x61DAB3ED,Plugins\FieldEditor4\LAND\RONIN_OBJECT03\MHE_TMD4\set-s02-ykhm-objects-00-sign05-DES\set-s02-ykhm-objects-00-sign05-DES.g1cox
0x61DC0D27,Plugins\FieldEditor4\LAND\RONIN_OBJECT\MHE_TMD4\set-csl-goods-pot-02-DES\set-csl-goods-pot-02-DES.g1cox
0x61E7F4DA,Plugins\FieldEditor4\LAND\DAYLIGHT_CMN_GENERAL\MHE_TMD4\set-MS-gdt-syugorei-wall-M01\set-MS-gdt-syugorei-wall-M01.g1p
0x621327D2,Plugins\FieldEditor4\LAND\RONIN_OBJECT03\MHE_TMD4\set-s170-goods-cookware-02-DES\set-s170-goods-cookware-02-DES.g1mx
0x6213528E,Plugins\FieldEditor4\LAND\DAYLIGHT_BAK_OBJECT\MHE_TMD4\set-bak-yukaku-goods-screen-04-DES\set-bak-yukaku-goods-screen-04-DES.g1mx
0x623B6FBF,Plugins\FieldEditor4\LAND\RONIN_OBJECT03\MHE_TMD4\set-s01-china-goods-vial-01f-DES\set-s01-china-goods-vial-01f-DES.g1p
0x62AFE5DB,Plugins\FieldEditor4\LAND\RONIN_OBJECT\MHE_TMD4\set-cmn-jp-obj-table-01a-DES\set-cmn-jp-obj-table-01a-DES.g1cox
0x62CB49C5,Plugins\FieldEditor4\LAND\RONIN_OBJECT03\MHE_TMD4\set-s01-mit-shoji-01-DES\set-s01-mit-shoji-01-DES.g1p
0x62D8B050,Plugins\FieldEditor4\LAND\TWILIGHT_OBJECT\MHE_TMD4\set-s060-hole-goods-weapon-01\set-s060-hole-goods-weapon-01.g1p
0x62F768E0,Plugins\FieldEditor4\LAND\RONIN_OBJECT\MHE_TMD4\set-csl-goods-pot-05-DES\set-csl-goods-pot-05-DES.g1p
0x62F8A28F,Plugins\FieldEditor4\LAND\RONIN_OBJECT03\MHE_TMD4\set-s02-ykhm-objects-watertank-43a\set-s02-ykhm-objects-watertank-43a.g1mx
0x62FC0F7C,Plugins\FieldEditor4\LAND\TWILIGHT_OBJECT\MHE_TMD4\set-general-placement-06\set-general-placement-06.g1mx
0x63343141,Plugins\FieldEditor4\LAND\RONIN_OBJECT\MHE_TMD4\set-s170-goods-pail-04-DES\set-s170-goods-pail-04-DES.g1p
0x63418A4D,Plugins\FieldEditor4\LAND\RONIN_OBJECT03\MHE_TMD4\set-s01-ysk-objects-00-cabinets03-DES\set-s01-ysk-objects-00-cabinets03-DES.g1mx
0x636C47BE,Plugins\FieldEditor4\LAND\RONIN_OBJECT03\MHE_TMD4\set-s02-ykhm-objects-14-box01-DES\set-s02-ykhm-objects-14-box01-DES.g1p
0x6386F0E3,Plugins\FieldEditor4\LAND\RONIN_OBJECT03\MHE_TMD4\set-s01-umbrella-a-01\set-s01-umbrella-a-01.g1p
0x63E0B803,Plugins\FieldEditor4\LAND\DAYLIGHT_SEN_OBJECT\MHE_TMD4\set-sen-cmn-objects-watervat-01-DES\set-sen-cmn-objects-watervat-01-DES.g1mx
0x63F10C7E,Plugins\FieldEditor4\LAND\DAYLIGHT_BAK_LIGHT\MHE_TMD4\set-bak-hnj-BOSS-light-andon-01a-DES\set-bak-hnj-BOSS-light-andon-01a-DES.g1mx
0x640AF163,Plugins\FieldEditor4\LAND\RONIN_OBJECT03\MHE_TMD4\set-s01-sks-weapon-01a\set-s01-sks-weapon-01a.g1mx
0x642294C1,Plugins\FieldEditor4\LAND\RONIN_OBJECT\MHE_TMD4\set-csl-goods-vase-06-DES\set-csl-goods-vase-06-DES.g1cox
0x6423D8B8,Plugins\FieldEditor4\LAND\RONIN_OBJECT\MHE_TMD4\set-s01-ysk-objects-00-jars05-DES\set-s01-ysk-objects-00-jars05-DES.g1p
0x6432625B,Plugins\FieldEditor4\LAND\TWILIGHT_OBJECT\MHE_TMD4\set-general-placement-07\set-general-placement-07.g1mx
0x64410D57,Plugins\FieldEditor4\LAND\TWILIGHT_OBJECT\MHE_TMD4\set-s010-bg-gm-12-dest\set-s010-bg-gm-12-dest.g1mx
0x64645654,Plugins\FieldEditor4\LAND\RONIN_OBJECT\MHE_TMD4\set-s02-edo-skr-obj-05a-DES\set-s02-edo-skr-obj-05a-DES.g1p
0x647489A3,Plugins\FieldEditor4\LAND\RONIN_OBJECT03\MHE_TMD4\set-s01-ry-goods-screen-01-DES\set-s01-ry-goods-screen-01-DES.g1p
0x647A6DD9,Plugins\FieldEditor4\LAND\DAYLIGHT_SEN_OBJECT\MHE_TMD4\set-sen-cmn-tea-house-signboard-DES\set-sen-cmn-tea-house-signboard-DES.g1mx
0x6485B25D,Plugins\FieldEditor4\LAND\TWILIGHT_OBJECT\MHE_TMD4\set-general-placement-10-bk\set-general-placement-10-bk.g1p
0x6497117A,Plugins\FieldEditor4\LAND\TWILIGHT_OBJECT\MHE_TMD4\set-s010-hill-stone-05\set-s010-hill-stone-05.g1mx
0x649E99D9,Plugins\FieldEditor4\LAND\DAYLIGHT_BAK_OBJECT\MHE_TMD4\set-bak-yukaku-fence-01-DES\set-bak-yukaku-fence-01-DES.g1p
0x64B4008D,Plugins\FieldEditor4\LAND\RONIN_OBJECT03\MHE_TMD4\set-s02-ykhm-objects-00-stall-02-DES\set-s02-ykhm-objects-00-stall-02-DES.g1cox
0x64C4EA35,Plugins\FieldEditor4\LAND\DAYLIGHT_SEN_OBJECT\MHE_TMD4\set-sen-cha-basket-03-DES\set-sen-cha-basket-03-DES.g1mx
0x64CE265B,Plugins\FieldEditor4\LAND\DAYLIGHT_CMN_PLANTINS\MHE_TMD4\set-dyl-tree-boss-small-01-DES-i\set-dyl-tree-boss-small-01-DES-i.g1mx
0x64E05BE3,Plugins\FieldEditor4\LAND\DRAFT_MODEL_CONTAINER\MHE_TMD4\set-general-bonfire-t00a\set-general-bonfire-t00a.g1p
0x652556B8,Plugins\FieldEditor4\LAND\RONIN_OBJECT03\MHE_TMD4\set-s01-ykp-tableware-06-DES\set-s01-ykp-tableware-06-DES.g1p
0x652697BD,Plugins\FieldEditor4\LAND\RONIN_OBJECT03\MHE_TMD4\set-krf-cannon-box-01-DES\set-krf-cannon-box-01-DES.g1p
0x6551A52C,Plugins\FieldEditor4\LAND\DAYLIGHT_SEN_OBJECT\MHE_TMD4\set-sen-cmn-goods-tea-01-DES\set-sen-cmn-goods-tea-01-DES.g1cox
0x6568B53A,Plugins\FieldEditor4\LAND\TWILIGHT_OBJECT\MHE_TMD4\set-general-placement-08\set-general-placement-08.g1mx
0x65997CC1,Plugins\FieldEditor4\LAND\RONIN_OBJECT03\MHE_TMD4\set-s01-umbrella-a-06\set-s01-umbrella-a-06.g1mx
0x65CD6459,Plugins\FieldEditor4\LAND\TWILIGHT_OBJECT\MHE_TMD4\set-s010-hill-stone-06\set-s010-hill-stone-06.g1mx
0x65E631D3,Plugins\FieldEditor4\LAND\RONIN_OBJECT\MHE_TMD4\set-s02-ykhm-objects-45-pannier01-DES\set-s02-ykhm-objects-45-pannier01-DES.g1p
0x66019B88,Plugins\FieldEditor4\LAND\DAYLIGHT_BAK_LIGHT\MHE_TMD4\set-bak-hnj-BOSS-light-torou-01a-DES\set-bak-hnj-BOSS-light-torou-01a-DES.g1cox
0x663833C4,Plugins\FieldEditor4\LAND\RONIN_OBJECT03\MHE_TMD4\set-s02-edj-paper-02-DES\obj-s02-edj-paper-02-DES.g1cox
0x66A00F4A,Plugins\FieldEditor4\LAND\RONIN_OBJECT03\MHE_TMD4\set-EX-kitchen-crock03-DES\set-EX-kitchen-crock03-DES.g1mx
0x66C9422C,Plugins\FieldEditor4\LAND\DAYLIGHT_BAK_OBJECT\MHE_TMD4\set-bak-cho-inn-door-01a-DES\set-bak-cho-inn-door-01a-DES.g1p
0x66DC6237,Plugins\FieldEditor4\LAND\RONIN_OBJECT\MHE_TMD4\set-s02-ykhm-objects-00-pail01-DES\set-s02-ykhm-objects-00-pail01-DES.g1cox
0x66DCBDE7,Plugins\FieldEditor4\LAND\RONIN_OBJECT03\MHE_TMD4\set-s02-edo-knd-obj-22a-DES\set-s02-edo-knd-obj-22a-DES.g1cox
0x6703B738,Plugins\FieldEditor4\LAND\TWILIGHT_OBJECT\MHE_TMD4\set-s010-hill-stone-07\set-s010-hill-stone-07.g1mx
0x670E7A82,Plugins\FieldEditor4\LAND\RONIN_OBJECT\MHE_TMD4\set-s02-edj-nakaoku-millet-00-DES\set-s02-edj-nakaoku-millet-00-DES.g1mx
0x6728CC81,Plugins\FieldEditor4\LAND\RONIN_OBJECT03\MHE_TMD4\set-s01-ykp-shop-kajiya-object-07a-DES\set-s01-ykp-shop-kajiya-object-07a-DES.g1p
0x67304B27,Plugins\FieldEditor4\LAND\RONIN_OBJECT03\MHE_TMD4\set-csl-goods-tool-08-DES\set-csl-goods-tool-08-DES.g1p
0x674F5B2C,Plugins\FieldEditor4\LAND\RONIN_LIGHT\MHE_TMD4\set-csl-goods-light-03a-DES\set-csl-goods-light-03a-DES.g1mx
0x677F1AAC,Plugins\FieldEditor4\LAND\RONIN_OBJECT\MHE_TMD4\set-s01-ykp-shop-drug-object-24a-break-DES\set-s01-ykp-shop-drug-object-24a-break-DES.g1mx
0x6794D0DB,Plugins\FieldEditor4\LAND\RONIN_OBJECT03\MHE_TMD4\set-s170-goods-cookware-02-DES\set-s170-goods-cookware-02-DES.g1cox
0x6799FD9F,Plugins\FieldEditor4\LAND\DAYLIGHT_BAK_OBJECT\MHE_TMD4\set-bak-yukaku-goods-screen-04-DES\set-bak-yukaku-goods-screen-04-DES.g1cox
0x67B2BBE9,Plugins\FieldEditor4\LAND\RONIN_OBJECT\MHE_TMD4\set-cmn-mib-objects-pillow-01-DES\set-cmn-mib-objects-pillow-01-DES.g1mx
0x6817645F,Plugins\FieldEditor4\LAND\RONIN_OBJECT\MHE_TMD4\set-cmn-g-s02-edo-knd-obj-01a-DES\set-cmn-g-s02-edo-knd-obj-01a-DES.g1mx
0x682AE8E1,Plugins\FieldEditor4\LAND\DAYLIGHT_SEN_OBJECT\MHE_TMD4\set-sen-hidr-rock-02-DES\set-sen-hidr-rock-02-DES.g1cox
0x6836F662,Plugins\FieldEditor4\LAND\RONIN_OBJECT\MHE_TMD4\set-s01-ykw-fishing-objects-01-driedfish-01-DES\set-s01-ykw-fishing-objects-01-driedfish-01-DES.g1mx
0x683B2C5E,Plugins\FieldEditor4\LAND\DAYLIGHT_CMN_GENERAL\MHE_TMD4\set-GGT-s0310-bamboo-M-01-DES\set-GGT-s0310-bamboo-M-01-DES.g1mx
0x685038F6,Plugins\FieldEditor4\LAND\RONIN_OBJECT\MHE_TMD4\set-cmn-tokugawa-flag-03b\set-cmn-tokugawa-flag-03b.g1p
0x686FB77B,Plugins\FieldEditor4\LAND\RONIN_OBJECT\MHE_TMD4\set-s01-ykp-shop-kajiya-object-26a-DES\set-s01-ykp-shop-kajiya-object-26a-DES.g1p
0x687E131B,Plugins\FieldEditor4\LAND\RONIN_OBJECT03\MHE_TMD4\set-s01-ykp-shop-kajiya-object-34a-DES\set-s01-ykp-shop-kajiya-object-34a-DES.g1p
0x68B2C024,Plugins\FieldEditor4\LAND\RONIN_OBJECT\MHE_TMD4\set-csl-goods-pail-05-DES\set-csl-goods-pail-05-DES.g1mx
0x68C1EA99,Plugins\FieldEditor4\LAND\RONIN_OBJECT03\MHE_TMD4\set-csl-goods-03-DES\set-csl-goods-03-DES.g1mx
0x68ED25C1,Plugins\FieldEditor4\LAND\DAYLIGHT_SEN_OBJECT\MHE_TMD4\set-MS-sen-htmt-coral-02a-DES\set-MS-sen-htmt-coral-02a-DES.g1mx
0x6905C1CC,Plugins\FieldEditor4\LAND\RONIN_OBJECT\MHE_TMD4\set-s01-ykp-port-goods-01-break-DES\set-s01-ykp-port-goods-01-break-DES.g1mx
0x691893A2,Plugins\FieldEditor4\LAND\RONIN_CMN_PLANTHICHI\MHE_TMD4\set-nature-field-vege-04a\obj-nature-field-vege-04a.g1p
0x69438510,Plugins\FieldEditor4\LAND\DAYLIGHT_BAK_HELL\MHE_TMD4\set-bak-cmn-hell-needle-01a-DES\set-bak-cmn-hell-needle-01a-DES.g1mx
0x69688FD2,Plugins\FieldEditor4\LAND\DAYLIGHT_SEN_NATURE\MHE_TMD4\set-dyl-grass-toutyukasou-03-DES\set-dyl-grass-toutyukasou-03-DES.g1cox
0x696A3889,Plugins\FieldEditor4\LAND\RONIN_OBJECT\MHE_TMD4\set-cmn-fish-02a-DES\obj-cmn-fish-02a-DES.g1mx
0x697521DB,Plugins\FieldEditor4\LAND\TWILIGHT_OBJECT\MHE_TMD4\set-s060-hole-goods-weapon-03\set-s060-hole-goods-weapon-03.g1mx
0x69B910F1,Plugins\FieldEditor4\LAND\RONIN_OBJECT03\MHE_TMD4\set-s01-ysk-objects-00-cabinets10-DES\set-s01-ysk-objects-00-cabinets10-DES.g1mx
0x6A1C8EDC,Plugins\FieldEditor4\LAND\RONIN_OBJECT03\MHE_TMD4\set-s01-goods-desk-02-DES\set-s01-goods-desk-02-DES.g1cox
0x6A4090B7,Plugins\FieldEditor4\LAND\TWILIGHT_OBJECT\MHE_TMD4\set-s050-box-04\set-s050-box-04.g1cox
0x6A65DBAB,Plugins\FieldEditor4\LAND\DAYLIGHT_EDO_OBJECT\MHE_TMD4\set-edo-edojo-gate-bk-door-01-DES\set-edo-edojo-gate-bk-door-01-DES.g1cox
0x6ADA3434,Plugins\FieldEditor4\LAND\RONIN_OBJECT\MHE_TMD4\set-s02-ykhm-objects-10-clothesline-01\set-s02-ykhm-objects-10-clothesline-01.g1p
0x6AE40E2B,Plugins\FieldEditor4\LAND\DAYLIGHT_SEN_OBJECT\MHE_TMD4\set-sen-hidr-rock-03-DES\set-sen-hidr-rock-03-DES.g1mx
0x6AFBBC19,Plugins\FieldEditor4\LAND\RONIN_OBJECT\MHE_TMD4\set-s01-ykp-shop-kajiya-object-13a-DES\set-s01-ykp-shop-kajiya-object-13a-DES.g1p
0x6B15E6E6,Plugins\FieldEditor4\LAND\RONIN_OBJECT\MHE_TMD4\set-csl-goods-screen-01b-DES\set-csl-goods-screen-01b-DES.g1mx
0x6B1F272F,Plugins\FieldEditor4\LAND\TWILIGHT_OBJECT\MHE_TMD4\set-s010-bg-gm-06\set-s010-bg-gm-06.g1cox
0x6B503B24,Plugins\FieldEditor4\LAND\RONIN_OBJECT\MHE_TMD4\set-s01-ykp-goods-01-DES\set-s01-ykp-goods-01-DES.g1mx
0x6BB88885,Plugins\FieldEditor4\LAND\TWILIGHT_OBJECT\MHE_TMD4\set-general-placement-07-bk\set-general-placement-07-bk.g1p
0x6BBB304A,Plugins\FieldEditor4\LAND\TWILIGHT_LIGHT\MHE_TMD4\set-S300-andon-t00a\set-S300-andon-t00a.g1cox
0x6BEEBF55,Plugins\FieldEditor4\LAND\RONIN_OBJECT\MHE_TMD4\set-s02-rpj-chair-01\set-s02-rpj-chair-01.g1p
0x6C16AD9A,Plugins\FieldEditor4\LAND\RONIN_OBJECT\MHE_TMD4\set-s01-ysk-objects-00-jars03-DES\set-s01-ysk-objects-00-jars03-DES.g1cox
0x6C76EB66,Plugins\FieldEditor4\LAND\RONIN_LIGHT\MHE_TMD4\set-csl-goods-light-04-DES\set-csl-goods-light-04-DES.g1mx
0x6C9314D0,Plugins\FieldEditor4\LAND\RONIN_OBJECT03\MHE_TMD4\set-s03-omy-fusuma-01b-DES\set-s03-omy-fusuma-01b-DES.g1cox
0x6CC2C3DF,Plugins\FieldEditor4\LAND\RONIN_OBJECT\MHE_TMD4\set-s01-hod-inn-objects-00-bucket02\set-s01-hod-inn-objects-00-bucket02.g1mx
0x6CC94361,Plugins\FieldEditor4\LAND\RONIN_OBJECT03\MHE_TMD4\set-s01-ykp-bonsai-00-DES\set-s01-ykp-bonsai-00-DES.g1cox
0x6CDDD452,Plugins\FieldEditor4\LAND\TWILIGHT_OBJECT\MHE_TMD4\set-gl-brkobj-box-01a\set-gl-brkobj-box-01a.g1p
0x6D548E9D,Plugins\FieldEditor4\LAND\RONIN_OBJECT\MHE_TMD4\set-csl-goods-table-01-DES\set-csl-goods-table-01-DES.g1p
0x6D549883,Plugins\FieldEditor4\LAND\RONIN_OBJECT03\MHE_TMD4\set-csl-goods-vase-05-DES\set-csl-goods-vase-05-DES.g1cox
0x6D5DCEA1,Plugins\FieldEditor4\LAND\RONIN_OBJECT03\MHE_TMD4\set-s01-ykp-shop-drug-object-22a-DES\set-s01-ykp-shop-drug-object-22a-DES.g1cox
0x6D714FA7,Plugins\FieldEditor4\LAND\RONIN_OBJECT03\MHE_TMD4\set-s170-goods-weapon-09-DES\set-s170-goods-weapon-09-DES.g1p
0x6D906BB7,Plugins\FieldEditor4\LAND\RONIN_OBJECT03\MHE_TMD4\set-s010-furnace-goods00-DES\set-s010-furnace-goods00-DES.g1p
0x6D989C3A,Plugins\FieldEditor4\LAND\RONIN_OBJECT03\MHE_TMD4\set-s170-goods-cookware-03-DES\set-s170-goods-cookware-03-DES.g1cox
0x6DA530AB,Plugins\FieldEditor4\LAND\DAYLIGHT_CMN_GENERAL\MHE_TMD4\set-bak-gdt-hell-blade-tpo\set-bak-gdt-hell-blade-tpo.g1p
0x6DCE5CCC,Plugins\FieldEditor4\LAND\DAYLIGHT_SEN_OBJECT\MHE_TMD4\set-sen-cmn-goods-tea-05-DES\set-sen-cmn-goods-tea-05-DES.g1p
0x6DEAAF9C,Plugins\FieldEditor4\LAND\RONIN_OBJECT03\MHE_TMD4\set-cmn-mib-objects-03-DES\set-cmn-mib-objects-03-DES.g1p
0x6DEAE336,Plugins\FieldEditor4\LAND\DAYLIGHT_BAK_OBJECT\MHE_TMD4\set-bak-hnj-BOSS-pillar-02-DES\set-bak-hnj-BOSS-pillar-02-DES.g1cox
0x6DEDBE04,Plugins\FieldEditor4\LAND\RONIN_OBJECT03\MHE_TMD4\set-EX-office-book01-DES\set-EX-office-book01-DES.g1cox
0x6DFBFF17,Plugins\FieldEditor4\LAND\RONIN_OBJECT\MHE_TMD4\set-s01-sksh-objects-00-rice01-DES\set-s01-sksh-objects-00-rice01-DES.g1p
0x6E339D92,Plugins\FieldEditor4\LAND\DRAFT_MODEL_CONTAINER\MHE_TMD4\set-s050-box-01\set-s050-box-01.g1mx
0x6EC727F5,Plugins\FieldEditor4\LAND\RONIN_OBJECT03\MHE_TMD4\set-s01-ykp-shop-photo-obj-24a-DES\set-s01-ykp-shop-photo-obj-24a-DES.g1p
0x6EE971F9,Plugins\FieldEditor4\LAND\RONIN_OBJECT\MHE_TMD4\set-csl-goods-box-02-DES\set-csl-goods-box-02-DES.g1p
0x6F0188E0,Plugins\FieldEditor4\LAND\DAYLIGHT_SEN_HOUSE\MHE_TMD4\set-sen-cmn-hotel-door-04-DES\set-sen-cmn-hotel-door-04-DES.g1cox
0x6F18DC81,Plugins\FieldEditor4\LAND\RONIN_OBJECT\MHE_TMD4\set-s01-ykp-shop-goods-05a-DES\set-s01-ykp-shop-goods-05a-DES.g1mx
0x6F2D1B69,Plugins\FieldEditor4\LAND\RONIN_OBJECT03\MHE_TMD4\set-s01-ykp-shop-kajiya-object-28a-DES\set-s01-ykp-shop-kajiya-object-28a-DES.g1mx
0x6F6F8B97,Plugins\FieldEditor4\LAND\RONIN_LIGHT\MHE_TMD4\set-s170-goods-light-05\set-s170-goods-light-05.g1cox
0x6F6F9DF2,Plugins\FieldEditor4\LAND\RONIN_OBJECT\MHE_TMD4\set-s02-ykhm-objects-10-clothesline-03\set-s02-ykhm-objects-10-clothesline-03.g1p
0x6FA1F2D9,Plugins\FieldEditor4\LAND\RONIN_OBJECT03\MHE_TMD4\set-s02-edo-knd-obj-three-03-DES\set-s02-edo-knd-obj-three-03-DES.g1p
0x6FB48429,Plugins\FieldEditor4\LAND\RONIN_LIGHT\MHE_TMD4\set-cmn-g-fire-01a\set-cmn-g-fire-01a.g1mx
0x6FB6AB3A,Plugins\FieldEditor4\LAND\RONIN_OBJECT03\MHE_TMD4\set-s02-ykhm-close-objects-04a-DES\set-s02-ykhm-close-objects-04a-DES.g1cox
0x6FBEB6CC,Plugins\FieldEditor4\LAND\DAYLIGHT_SEN_OBJECT\MHE_TMD4\set-sen-cmn-kajiya-object-02a-DES\set-sen-cmn-kajiya-object-02a-DES.g1cox
0x6FC37756,Plugins\FieldEditor4\LAND\RONIN_OBJECT\MHE_TMD4\set-cmn-obj-kakashi-01a\set-cmn-obj-kakashi-01a.g1mx
0x6FE77326,Plugins\FieldEditor4\LAND\RONIN_OBJECT\MHE_TMD4\set-s02-ykhm-objects-02-basket02-DES\set-s02-ykhm-objects-02-basket02-DES.g1cox
0x6FF3678E,Plugins\FieldEditor4\LAND\TWILIGHT_OBJECT\MHE_TMD4\set-general-placement-07\set-general-placement-07.g1p
0x70030B5E,Plugins\FieldEditor4\LAND\RONIN_OBJECT03\MHE_TMD4\set-DE-hatago-andon-t02a\set-DE-hatago-andon-t02a.g1mx
0x705E8D92,Plugins\FieldEditor4\LAND\TWILIGHT_OBJECT\MHE_TMD4\set-S070-bf-wreck-03\set-S070-bf-wreck-03.g1mx
0x70949293,Plugins\FieldEditor4\LAND\RONIN_OBJECT\MHE_TMD4\set-s01-ykp-tableware-05-DES\set-s01-ykp-tableware-05-DES.g1mx
0x70982188,Plugins\FieldEditor4\LAND\RONIN_OBJECT\MHE_TMD4\set-csl-goods-fusuma-a02-DES\set-csl-goods-fusuma-a02-DES.g1p
0x70DB6D48,Plugins\FieldEditor4\LAND\DAYLIGHT_SEN_OBJECT\MHE_TMD4\set-sen-you-goods-shugen-11-DES\set-sen-you-goods-shugen-11-DES.g1p
0x70F5F30E,Plugins\FieldEditor4\LAND\RONIN_OBJECT\MHE_TMD4\set-csl-goods-bonsai-01-DES\set-csl-goods-bonsai-01-DES.g1mx
0x70FDFC87,Plugins\FieldEditor4\LAND\RONIN_OBJECT03\MHE_TMD4\set-YABUSAME-target-01a\set-YABUSAME-target-01a.g1cox
0x710A8320,Plugins\FieldEditor4\LAND\RONIN_OBJECT03\MHE_TMD4\set-s01-ykp-shop-kajiya-object-24a-DES\set-s01-ykp-shop-kajiya-object-24a-DES.g1cox
0x710B193C,Plugins\FieldEditor4\LAND\TWILIGHT_OBJECT\MHE_TMD4\set-S070-danjyo-csl-fnt-tub-01-dist\set-S070-danjyo-csl-fnt-tub-01-dist.g1mx
0x7125778D,Plugins\FieldEditor4\LAND\RONIN_OBJECT02\MHE_TMD4\set-csl-goods-shoji-01-break02-DES\set-csl-goods-shoji-01-break02-DES.g1cox
0x7141A749,Plugins\FieldEditor4\LAND\RONIN_OBJECT03\MHE_TMD4\set-s03-ikedaya-obj-cabinets-01-DES\set-s03-ikedaya-obj-cabinets-01-DES.g1mx
0x714DC2C1,Plugins\FieldEditor4\LAND\RONIN_OBJECT\MHE_TMD4\set-csl-goods-pot-04-DES\set-csl-goods-pot-04-DES.g1p
0x71B87858,Plugins\FieldEditor4\LAND\DAYLIGHT_BAK_NATURE\MHE_TMD4\set-bak-beehive-01-DES\set-bak-beehive-01-DES.g1p
0x71F249DE,Plugins\FieldEditor4\LAND\RONIN_OBJECT03\MHE_TMD4\set-s02-ykhm-objects-00-dish06-DES\set-s02-ykhm-objects-00-dish06-DES.g1mx
0x7224C639,Plugins\FieldEditor4\LAND\RONIN_OBJECT03\MHE_TMD4\set-s050-box-05\set-s050-box-05.g1cox
0x72364178,Plugins\FieldEditor4\LAND\TWILIGHT_OBJECT\MHE_TMD4\set-general-placement-01bk\set-general-placement-01bk.g1mx
0x725232C2,Plugins\FieldEditor4\LAND\TWILIGHT_OBJECT\MHE_TMD4\set-S060-obj-f-01\set-S060-obj-f-01.g1mx
0x7259F2C9,Plugins\FieldEditor4\LAND\RONIN_OBJECT03\MHE_TMD4\set-s01-ykp-red-Lantern-01-DES\set-s01-ykp-red-Lantern-01-DES.g1p
0x72BF838E,Plugins\FieldEditor4\LAND\RONIN_OBJECT03\MHE_TMD4\set-s01-sakr-goods-dish06-DES\set-s01-sakr-goods-dish06-DES.g1p
0x72C8F493,Plugins\FieldEditor4\LAND\RONIN_OBJECT03\MHE_TMD4\set-s170-goods-cookware-03-DES\set-s170-goods-cookware-03-DES.g1mx
0x72D82596,Plugins\FieldEditor4\LAND\RONIN_LIGHT\MHE_TMD4\set-s170-goods-light-05\set-s170-goods-light-05.g1mx
0x72DFEB1B,Plugins\FieldEditor4\LAND\RONIN_OBJECT03\MHE_TMD4\set-s02-edo-knd-obj-three-01-DES\set-s02-edo-knd-obj-three-01-DES.g1p
0x72F781D1,Plugins\FieldEditor4\LAND\RONIN_OBJECT03\MHE_TMD4\set-s170-goods-box-04-DES\set-s170-goods-box-04-DES.g1p
0x73086EBF,Plugins\FieldEditor4\LAND\RONIN_OBJECT03\MHE_TMD4\set-s01-ykp-tableware-03-DES\set-s01-ykp-tableware-03-DES.g1cox
0x7308C2C8,Plugins\FieldEditor4\LAND\TWILIGHT_OBJECT\MHE_TMD4\set-S130-hot-springs-tub-02\set-S130-hot-springs-tub-02.g1mx
0x733AC429,Plugins\FieldEditor4\LAND\RONIN_OBJECT\MHE_TMD4\set-cmn-g-throw-bucket-DES\set-cmn-g-throw-bucket-DES.g1cox
0x735F149B,Plugins\FieldEditor4\LAND\RONIN_OBJECT03\MHE_TMD4\set-s170-goods-box-01-DES\set-s170-goods-box-01-DES.g1mx
0x73ADCBD2,Plugins\FieldEditor4\LAND\RONIN_LIGHT\MHE_TMD4\set-s01-europe-light-02\set-s01-europe-light-02.g1mx
0x73E0F8BD,Plugins\FieldEditor4\LAND\DAYLIGHT_SEN_OBJECT\MHE_TMD4\set-sen-hidr-rock-02-DES\set-sen-hidr-rock-02-DES.g1p
0x7404F01F,Plugins\FieldEditor4\LAND\RONIN_OBJECT\MHE_TMD4\set-s01-ykp-shop-kajiya-object-26a-DES\set-s01-ykp-shop-kajiya-object-26a-DES.g1cox
0x746876DB,Plugins\FieldEditor4\LAND\DAYLIGHT_BAK_OBJECT\MHE_TMD4\set-bak-hnj-obj-pot-buddhist-01b-DES\set-bak-hnj-obj-pot-buddhist-01b-DES.g1cox
0x7469E178,Plugins\FieldEditor4\LAND\RONIN_OBJECT03\MHE_TMD4\set-s01-goods-desk-02-DES\set-s01-goods-desk-02-DES.g1p
0x746A6588,Plugins\FieldEditor4\LAND\RONIN_OBJECT03\MHE_TMD4\set-s02-ykhm-objects-36-table01-DES\set-s02-ykhm-objects-36-table01-DES.g1mx
0x748D3230,Plugins\FieldEditor4\LAND\TWILIGHT_OBJECT\MHE_TMD4\set-s340-arms-hill-01\set-s340-arms-hill-01.g1mx
0x749BD479,Plugins\FieldEditor4\LAND\RONIN_OBJECT\MHE_TMD4\set-s01-ykp-tableware-02-DES\set-s01-ykp-tableware-02-DES.g1p
0x74C8896A,Plugins\FieldEditor4\LAND\RONIN_OBJECT\MHE_TMD4\set-s01-ykp-shop-kajiya-object-19a-DES\set-s01-ykp-shop-kajiya-object-19a-DES.g1mx
0x74EBF42D,Plugins\FieldEditor4\LAND\RONIN_OBJECT\MHE_TMD4\set-s170-goods-weapon-11-DES\set-s170-goods-weapon-11-DES.g1p
0x75488870,Plugins\FieldEditor4\LAND\RONIN_OBJECT\MHE_TMD4\set-s01-sksh-objects-00-rice-break-DES\set-s01-sksh-objects-00-rice-break-DES.g1mx
0x755294A5,Plugins\FieldEditor4\LAND\TWILIGHT_OBJECT\MHE_TMD4\set-S130-hot-springs-tub-02\set-S130-hot-springs-tub-02.g1cox
0x75657123,Plugins\FieldEditor4\LAND\RONIN_OBJECT\MHE_TMD4\set-csl-goods-pail-03-DES\set-csl-goods-pail-03-DES.g1p
0x757045CC,Plugins\FieldEditor4\LAND\DAYLIGHT_SEN_OBJECT\MHE_TMD4\set-cmn-fusuma-03a-DES\set-cmn-fusuma-03a-DES.g1p
0x757797DB,Plugins\FieldEditor4\LAND\TWILIGHT_OBJECT\MHE_TMD4\set-s030-tana-00\set-s030-tana-00.g1mx
0x7579A060,Plugins\FieldEditor4\LAND\RONIN_OBJECT03\MHE_TMD4\set-s02-edj-paper-02-DES\obj-s02-edj-paper-02-DES.g1p
0x7589D035,Plugins\FieldEditor4\LAND\RONIN_OBJECT\MHE_TMD4\set-s02-ykhm-objects-33-cups02-DES\set-s02-ykhm-objects-33-cups02-DES.g1cox
0x75A99EF5,Plugins\FieldEditor4\LAND\RONIN_OBJECT03\MHE_TMD4\set-s02-ykhm-objects-59-cabinet06-DES\set-s02-ykhm-objects-59-cabinet06-DES.g1cox
0x75C40FE8,Plugins\FieldEditor4\LAND\DAYLIGHT_BAK_OBJECT\MHE_TMD4\set-bak-abu-goods-01-DES\set-bak-abu-goods-01-DES.g1p
0x75D4973E,Plugins\FieldEditor4\LAND\RONIN_OBJECT03\MHE_TMD4\set-s01-ykp-vase-00-DES\set-s01-ykp-vase-00-DES.g1cox
0x75E2B95D,Plugins\FieldEditor4\LAND\RONIN_OBJECT\MHE_TMD4\set-s01-ykp-shop-kajiya-object-02a-DES\set-s01-ykp-shop-kajiya-object-02a-DES.g1cox
0x7614B521,Plugins\FieldEditor4\LAND\RONIN_OBJECT\MHE_TMD4\set-s01-ysk-objects-00-table01-DES\set-s01-ysk-objects-00-table01-DES.g1mx
0x761C2CE3,Plugins\FieldEditor4\LAND\RONIN_OBJECT\MHE_TMD4\set-s01-ykp-port-goods-02-DES\set-s01-ykp-port-goods-02-DES.g1cox
0x762CC6DC,Plugins\FieldEditor4\LAND\RONIN_OBJECT03\MHE_TMD4\set-csl-goods-table-05-DES\set-csl-goods-table-05-DES.g1p
0x765E61C8,Plugins\FieldEditor4\LAND\RONIN_OBJECT\MHE_TMD4\set-s02-ykhm-objects-00-fish01\set-s02-ykhm-objects-00-fish01.g1mx
0x7683B185,Plugins\FieldEditor4\LAND\RONIN_OBJECT03\MHE_TMD4\set-s02-edo-knd-obj-20a-DES\set-s02-edo-knd-obj-20a-DES.g1p
0x76A6E574,Plugins\FieldEditor4\LAND\TWILIGHT_OBJECT\MHE_TMD4\set-General-water-tub00\set-General-water-tub00.g1p
0x76AD5DE8,Plugins\FieldEditor4\LAND\DRAFT_MODEL_CONTAINER\MHE_TMD4\set-csl-goods-pot-01-DES\set-csl-goods-pot-01-DES.g1mx
0x76B02788,Plugins\FieldEditor4\LAND\DAYLIGHT_SEN_OBJECT\MHE_TMD4\set-MS-sen-htmt-coral-03b-DES\set-MS-sen-htmt-coral-03b-DES.g1p
0x76C27B66,Plugins\FieldEditor4\LAND\DAYLIGHT_CMN_GENERAL\MHE_TMD4\set-htmt-gdt-bamboo-fence-stg-01a-DES\set-htmt-gdt-bamboo-fence-stg-01a-DES.g1mx
0x772C839A,Plugins\FieldEditor4\LAND\RONIN_OBJECT03\MHE_TMD4\set-s01-ykp-shop-kajiya-object-33a-DES\set-s01-ykp-shop-kajiya-object-33a-DES.g1p
0x776FBDF3,Plugins\FieldEditor4\LAND\RONIN_OBJECT\MHE_TMD4\set-cmn-tokugawa-flag-03b\set-cmn-tokugawa-flag-03b.g1mx
0x7795CBFD,Plugins\FieldEditor4\LAND\RONIN_OBJECT03\MHE_TMD4\set-s02-edo-knd-obj-three-03-DES\set-s02-edo-knd-obj-three-03-DES.g1cox
0x77B9FEA6,Plugins\FieldEditor4\LAND\RONIN_OBJECT\MHE_TMD4\set-s01-ykp-shop-goods-03a-DES\set-s01-ykp-shop-goods-03a-DES.g1p
0x77DF705C,Plugins\FieldEditor4\LAND\DAYLIGHT_CMN_HELL\MHE_TMD4\set-hell-sotoba-01\set-hell-sotoba-01.g1mx
0x77F96808,Plugins\FieldEditor4\LAND\TWILIGHT_OBJECT\MHE_TMD4\set-general-placement-01\set-general-placement-01.g1p
0x781307B4,Plugins\FieldEditor4\LAND\TWILIGHT_OBJECT\MHE_TMD4\set-s060-hole-goods-weapon-01\set-s060-hole-goods-weapon-01.g1cox
0x7815936F,Plugins\FieldEditor4\LAND\DAYLIGHT_CMN_HELL\MHE_TMD4\set-hell-kusabi-a01-DES\set-hell-kusabi-a01-DES.g1p
0x7824E7A1,Plugins\FieldEditor4\LAND\RONIN_OBJECT\MHE_TMD4\set-csl-goods-fusuma-a02-DES\set-csl-goods-fusuma-a02-DES.g1mx
0x78872959,Plugins\FieldEditor4\LAND\RONIN_OBJECT\MHE_TMD4\set-s01-ysk-objects-00-jars02-DES\set-s01-ysk-objects-00-jars02-DES.g1cox
0x78A703AB,Plugins\FieldEditor4\LAND\RONIN_OBJECT03\MHE_TMD4\set-s02-ykhm-objects-00-dish06-DES\set-s02-ykhm-objects-00-dish06-DES.g1p
0x78D76C34,Plugins\FieldEditor4\LAND\TWILIGHT_OBJECT\MHE_TMD4\set-s010-goods-box-01\set-s010-goods-box-01.g1cox
0x78E0B5A2,Plugins\FieldEditor4\LAND\DAYLIGHT_SEN_OBJECT\MHE_TMD4\set-sen-hidr-rock-03-DES\set-sen-hidr-rock-03-DES.g1cox
0x78F05743,Plugins\FieldEditor4\LAND\RONIN_OBJECT03\MHE_TMD4\set-s02-edo-knd-obj-22a-DES\set-s02-edo-knd-obj-22a-DES.g1p
0x78F38781,Plugins\FieldEditor4\LAND\RONIN_OBJECT03\MHE_TMD4\set-general-bonfire-t03a\set-general-bonfire-t03a.g1mx
0x7907E5B0,Plugins\FieldEditor4\LAND\RONIN_OBJECT\MHE_TMD4\set-csl-goods-vase-02-DES\set-csl-goods-vase-02-DES.g1mx
0x7958FC1B,Plugins\FieldEditor4\LAND\DAYLIGHT_SEN_HOUSE\MHE_TMD4\set-sen-sai-build-pillar-01-DES\set-sen-sai-build-pillar-01-DES.g1mx
0x797D954B,Plugins\FieldEditor4\LAND\DAYLIGHT_CMN_GENERAL\MHE_TMD4\set-cmn-gdt-syugorei-rock-L01\set-cmn-gdt-syugorei-rock-L01.g1mx
0x799177EC,Plugins\FieldEditor4\LAND\DAYLIGHT_SEN_OBJECT\MHE_TMD4\set-sen-cmn-goods-tea-02-break-DES\set-sen-cmn-goods-tea-02-break-DES.g1cox
0x79B638E0,Plugins\FieldEditor4\LAND\RONIN_OBJECT\MHE_TMD4\set-s01-sksh-wood-objects-02a-DES\set-s01-sksh-wood-objects-02a-DES.g1mx
0x7A155F1B,Plugins\FieldEditor4\LAND\RONIN_OBJECT\MHE_TMD4\set-s02-ykhm-objects-12-mat01-DES\set-s02-ykhm-objects-12-mat01-DES.g1mx
0x7A214A9D,Plugins\FieldEditor4\LAND\RONIN_OBJECT03\MHE_TMD4\set-s01-ykp-shop-drug-object-11a-DES\set-s01-ykp-shop-drug-object-11a-DES.g1p
0x7A26AA22,Plugins\FieldEditor4\LAND\RONIN_OBJECT03\MHE_TMD4\set-s02-edo-knd-obj-23a-DES\set-s02-edo-knd-obj-23a-DES.g1p
0x7A2E0086,Plugins\FieldEditor4\LAND\RONIN_OBJECT03\MHE_TMD4\set-s02-ykhm-objects-00-stall-05-DES\set-s02-ykhm-objects-00-stall-05-DES.g1p
0x7A3ED88B,Plugins\FieldEditor4\LAND\DAYLIGHT_SEN_OBJECT\MHE_TMD4\set-sen-cmn-goods-tea-04-DES\set-sen-cmn-goods-tea-04-DES.g1p
0x7A4D56B4,Plugins\FieldEditor4\LAND\RONIN_OBJECT\MHE_TMD4\set-s01-ysk-objects-00-jars01-DES\set-s01-ysk-objects-00-jars01-DES.g1p
0x7A5C6C99,Plugins\FieldEditor4\LAND\RONIN_OBJECT\MHE_TMD4\set-csl-goods-box-06-DES\set-csl-goods-box-06-DES.g1cox
0x7AB8E691,Plugins\FieldEditor4\LAND\RONIN_OBJECT03\MHE_TMD4\set-s01-hod-inn-door-02b-break01-DES\set-s01-hod-inn-door-02b-break01-DES.g1cox
0x7AC03EB7,Plugins\FieldEditor4\LAND\RONIN_OBJECT03\MHE_TMD4\set-s02-ykhm-objects-11-bin01-DES\set-s02-ykhm-objects-11-bin01-DES.g1p
0x7AD36946,Plugins\FieldEditor4\LAND\RONIN_OBJECT03\MHE_TMD4\set-s02-edo-knd-obj-22a-DES\set-s02-edo-knd-obj-22a-DES.g1mx
0x7AFB9E83,Plugins\FieldEditor4\LAND\TWILIGHT_LIGHT\MHE_TMD4\set-S300-andon-t00a\set-S300-andon-t00a.g1mx
0x7B201270,Plugins\FieldEditor4\LAND\RONIN_OBJECT\MHE_TMD4\set-csl-goods-sword-01-DES\set-csl-goods-sword-01-DES.g1cox
0x7B378C7D,Plugins\FieldEditor4\LAND\RONIN_OBJECT03\MHE_TMD4\set-s01-ykp-shop-kajiya-obj-06\set-s01-ykp-shop-kajiya-obj-06.g1p
0x7B40100E,Plugins\FieldEditor4\LAND\RONIN_OBJECT\MHE_TMD4\set-s01-ykp-shop-kajiya-object-26a-DES\set-s01-ykp-shop-kajiya-object-26a-DES.g1mx
0x7B473E30,Plugins\FieldEditor4\LAND\RONIN_OBJECT03\MHE_TMD4\set-ykak-goods-chair-02-DES\set-ykak-goods-chair-02-DES.g1p
0x7B9AD184,Plugins\FieldEditor4\LAND\DAYLIGHT_SEN_OBJECT\MHE_TMD4\set-sen-you-goods-shugen-08-DES\set-sen-you-goods-shugen-08-DES.g1cox
0x7BA58D52,Plugins\FieldEditor4\LAND\DAYLIGHT_SEN_HOUSE\MHE_TMD4\set-sen-cmn-hotel-window-01-DES\set-sen-cmn-hotel-window-01-DES.g1mx
0x7BB99AE2,Plugins\FieldEditor4\LAND\RONIN_OBJECT\MHE_TMD4\set-s02-ykhm-objects-01-basket01-DES\set-s02-ykhm-objects-01-basket01-DES.g1p
0x7BD51D06,Plugins\FieldEditor4\LAND\TWILIGHT_OBJECT\MHE_TMD4\set-s060-goods-weapon-01\set-s060-goods-weapon-01.g1p
0x7C4F47D9,Plugins\FieldEditor4\LAND\RONIN_OBJECT03\MHE_TMD4\set-s01-ykp-shop-drug-object-06a\set-s01-ykp-shop-drug-object-06a.g1cox
0x7C59AF7E,Plugins\FieldEditor4\LAND\RONIN_OBJECT\MHE_TMD4\set-s01-ysk-objects-00-cabinets04-DES\set-s01-ysk-objects-00-cabinets04-DES.g1cox
0x7C934FE0,Plugins\FieldEditor4\LAND\RONIN_OBJECT03\MHE_TMD4\set-s02-edo-knd-obj-25a-DES\set-s02-edo-knd-obj-25a-DES.g1p
0x7CBBC572,Plugins\FieldEditor4\LAND\DAYLIGHT_SEN_OBJECT\MHE_TMD4\set-sen-msk-building-pillar-01-DES\set-sen-msk-building-pillar-01-DES.g1mx
0x7CC9055D,Plugins\FieldEditor4\LAND\RONIN_OBJECT03\MHE_TMD4\set-s02-ykhm-objects-00-flag16\set-s02-ykhm-objects-00-flag16.g1mx
0x7CF0246C,Plugins\FieldEditor4\LAND\TWILIGHT_OBJECT\MHE_TMD4\set-s140-shield-03\set-s140-shield-03.g1cox
0x7CFD286E,Plugins\FieldEditor4\LAND\RONIN_OBJECT03\MHE_TMD4\set-s01-ykp-shop-kajiya-object-34a-DES\set-s01-ykp-shop-kajiya-object-34a-DES.g1mx
0x7D0341A4,Plugins\FieldEditor4\LAND\RONIN_OBJECT03\MHE_TMD4\set-s01-china-goods-vial-01a-DES\set-s01-china-goods-vial-01a-DES.g1p
0x7D043F08,Plugins\FieldEditor4\LAND\RONIN_OBJECT\MHE_TMD4\set-cmn-g-poison-01a-DES\set-cmn-g-poison-01a-DES.g1mx
0x7D3FCBDA,Plugins\FieldEditor4\LAND\RONIN_OBJECT\MHE_TMD4\set-csl-goods-box-01-DES\set-csl-goods-box-01-DES.g1p
0x7D4E3FFA,Plugins\FieldEditor4\LAND\TWILIGHT_OBJECT\MHE_TMD4\set-s010-bg-gm-02\set-s010-bg-gm-02.g1mx
0x7D97A3F7,Plugins\FieldEditor4\LAND\RONIN_OBJECT\MHE_TMD4\set-csl-goods-shelf-03-DES\set-csl-goods-shelf-03-DES.g1p
0x7DA4E14C,Plugins\FieldEditor4\LAND\DAYLIGHT_BAK_OBJECT\MHE_TMD4\set-bak-abu-goods-01-DES\set-bak-abu-goods-01-DES.g1cox
0x7DB3A168,Plugins\FieldEditor4\LAND\RONIN_OBJECT\MHE_TMD4\set-csl-goods-screen-01a-DES\set-csl-goods-screen-01a-DES.g1cox
0x7DDB0191,Plugins\FieldEditor4\LAND\RONIN_OBJECT\MHE_TMD4\set-csl-goods-shelf-02-DES\set-csl-goods-shelf-02-DES.g1mx
0x7E390C0A,Plugins\FieldEditor4\LAND\RONIN_OBJECT\MHE_TMD4\set-s01-ykp-shop-drug-object-27a-DES\set-s01-ykp-shop-drug-object-27a-DES.g1mx
0x7E5C5ABD,Plugins\FieldEditor4\LAND\RONIN_OBJECT03\MHE_TMD4\set-s01-ysk-objects-00-woodbox03-DES\set-s01-ysk-objects-00-woodbox03-DES.g1cox
0x7E6D274B,Plugins\FieldEditor4\LAND\DAYLIGHT_SEN_OBJECT\MHE_TMD4\set-sen-cmn-kajiya-object-01a-DES\set-sen-cmn-kajiya-object-01a-DES.g1cox
0x7E70E236,Plugins\FieldEditor4\LAND\RONIN_OBJECT03\MHE_TMD4\set-s02-ykhm-objects-04-jars01-DES\set-s02-ykhm-objects-04-jars01-DES.g1p
0x7EAE9C60,Plugins\FieldEditor4\LAND\RONIN_OBJECT03\MHE_TMD4\set-s170-goods-tea-01-DES\set-s170-goods-tea-01-DES.g1mx
0x7EE29B87,Plugins\FieldEditor4\LAND\RONIN_OBJECT03\MHE_TMD4\set-s02-edj-cushion-00-DES\set-s02-edj-cushion-00-DES.g1mx
0x7EE9F447,Plugins\FieldEditor4\LAND\RONIN_OBJECT\MHE_TMD4\set-csl-goods-screen-01b-DES\set-csl-goods-screen-01b-DES.g1cox
0x7F531CAC,Plugins\FieldEditor4\LAND\RONIN_OBJECT\MHE_TMD4\set-s01-ykp-port-goods-11-DES\set-s01-ykp-port-goods-11-DES.g1mx
0x7F5AC29A,Plugins\FieldEditor4\LAND\RONIN_OBJECT\MHE_TMD4\set-s01-ysk-objects-00-cabinets04-DES\set-s01-ysk-objects-00-cabinets04-DES.g1p
0x7F8A0472,Plugins\FieldEditor4\LAND\RONIN_OBJECT\MHE_TMD4\set-s01-ykp-objects-16-radish02-DES\set-s01-ykp-objects-16-radish02-DES.g1cox
0x7FA41CA2,Plugins\FieldEditor4\LAND\RONIN_OBJECT\MHE_TMD4\set-csl-goods-pot-03-DES\set-csl-goods-pot-03-DES.g1p
0x7FA52494,Plugins\FieldEditor4\LAND\RONIN_OBJECT\MHE_TMD4\set-csl-goods-cushion-01-DES\set-csl-goods-cushion-01-DES.g1cox
0x7FC67D32,Plugins\FieldEditor4\LAND\RONIN_OBJECT03\MHE_TMD4\set-s170-goods-box-01-DES\set-s170-goods-box-01-DES.g1cox
0x80158C32,Plugins\FieldEditor4\LAND\RONIN_OBJECT\MHE_TMD4\set-csl-goods-pail-04\set-csl-goods-pail-04.g1p
0x804B13E1,Plugins\FieldEditor4\LAND\DAYLIGHT_SEN_OBJECT\MHE_TMD4\set-sen-you-goods-shugen-11-DES\set-sen-you-goods-shugen-11-DES.g1mx
0x804F1B5B,Plugins\FieldEditor4\LAND\DAYLIGHT_SEN_HOUSE\MHE_TMD4\set-sen-cmn-hotel-window-01-DES\set-sen-cmn-hotel-window-01-DES.g1cox
0x8059255B,Plugins\FieldEditor4\LAND\DAYLIGHT_CMN_GENERAL\MHE_TMD4\set-GGT-hei-s0310-bamboo-M-01-DES\set-GGT-hei-s0310-bamboo-M-01-DES.g1cox
0x80756D0B,Plugins\FieldEditor4\LAND\DAYLIGHT_BAK_LIGHT\MHE_TMD4\set-bak-hnj-BOSS-light-andon-01a-DES\set-bak-hnj-BOSS-light-andon-01a-DES.g1p
0x8098B6A7,Plugins\FieldEditor4\LAND\RONIN_OBJECT\MHE_TMD4\set-s01-ykw-fishing-objects-01-driedfish-01-DES\set-s01-ykw-fishing-objects-01-driedfish-01-DES.g1p
0x80A9556E,Plugins\FieldEditor4\LAND\RONIN_OBJECT03\MHE_TMD4\set-s02-edo-knd-obj-19a-DES\set-s02-edo-knd-obj-19a-DES.g1mx
0x80BC3598,Plugins\FieldEditor4\LAND\RONIN_OBJECT03\MHE_TMD4\set-csl-goods-pail-03\set-csl-goods-pail-03.g1cox
0x80D1AA91,Plugins\FieldEditor4\LAND\TWILIGHT_OBJECT\MHE_TMD4\set-s010-bg-gm-15\set-s010-bg-gm-15.g1cox
0x80DB7773,Plugins\FieldEditor4\LAND\RONIN_OBJECT\MHE_TMD4\set-csl-goods-cushion-02-DES\set-csl-goods-cushion-02-DES.g1cox
0x812A7CC0,Plugins\FieldEditor4\LAND\RONIN_OBJECT\MHE_TMD4\set-csl-goods-screen-01-DES\set-csl-goods-screen-01-DES.g1mx
0x813264C2,Plugins\FieldEditor4\LAND\RONIN_OBJECT03\MHE_TMD4\set-csl-goods-screen-01b-break-DES\set-csl-goods-screen-01b-break-DES.g1mx
0x813F9488,Plugins\FieldEditor4\LAND\RONIN_OBJECT\MHE_TMD4\set-s170-goods-pail-01-DES\set-s170-goods-pail-01-DES.g1cox
0x81CC2086,Plugins\FieldEditor4\LAND\TWILIGHT_OBJECT\MHE_TMD4\set-s050-building-pail-bk\set-s050-building-pail-bk.g1mx
0x820B7F4F,Plugins\FieldEditor4\LAND\RONIN_OBJECT03\MHE_TMD4\set-s01-benten-stall-05\set-s01-benten-stall-05.g1mx
0x821DD847,Plugins\FieldEditor4\LAND\RONIN_OBJECT03\MHE_TMD4\set-s01-ry-goods-screen-01-DES\set-s01-ry-goods-screen-01-DES.g1cox
0x82306F4A,Plugins\FieldEditor4\LAND\RONIN_OBJECT03\MHE_TMD4\set-s01-umbrella-a-04\set-s01-umbrella-a-04.g1cox
0x82389248,Plugins\FieldEditor4\LAND\RONIN_OBJECT03\MHE_TMD4\set-s02-edj-paper-01-DES\obj-s02-edj-paper-01-DES.g1mx
0x82521B10,Plugins\FieldEditor4\LAND\DAYLIGHT_CMN_PLANTINS\MHE_TMD4\set-dyl-tree-boss-small-03-DES-i\set-dyl-tree-boss-small-03-DES-i.g1p
0x82B3609E,Plugins\FieldEditor4\LAND\RONIN_OBJECT\MHE_TMD4\set-s01-ykp-shop-kajiya-object-25a-DES\set-s01-ykp-shop-kajiya-object-25a-DES.g1cox
0x82CD19A2,Plugins\FieldEditor4\LAND\DAYLIGHT_SEN_OBJECT\MHE_TMD4\set-MS-sen-htmt-coral-03c-DES\set-MS-sen-htmt-coral-03c-DES.g1mx
0x82F543F2,Plugins\FieldEditor4\LAND\DAYLIGHT_EDO_OBJECT\MHE_TMD4\set-edo-edojo-box-01-DES\set-edo-edojo-box-01-DES.g1p
0x8320A347,Plugins\FieldEditor4\LAND\DAYLIGHT_SEN_OBJECT\MHE_TMD4\set-MS-sen-htmt-coral-02b-DES\set-MS-sen-htmt-coral-02b-DES.g1p
0x83268C47,Plugins\FieldEditor4\LAND\RONIN_OBJECT\MHE_TMD4\set-s02-ykhm-objects-00-dish07-DES\set-s02-ykhm-objects-00-dish07-DES.g1p
0x83307108,Plugins\FieldEditor4\LAND\RONIN_OBJECT\MHE_TMD4\set-s01-china-goods-chair-01a-DES\set-s01-china-goods-chair-01a-DES.g1p
0x83336536,Plugins\FieldEditor4\LAND\DAYLIGHT_SEN_OBJECT\MHE_TMD4\set-hre-fusuma-02a-DES\set-hre-fusuma-02a-DES.g1p
0x835EADBE,Plugins\FieldEditor4\LAND\RONIN_OBJECT03\MHE_TMD4\set-s02-ykhm-objects-watertank-43a\set-s02-ykhm-objects-watertank-43a.g1cox
0x83784081,Plugins\FieldEditor4\LAND\RONIN_OBJECT03\MHE_TMD4\set-s02-ykhm-close-objects-41a\set-s02-ykhm-close-objects-41a.g1p
0x83AE3CC4,Plugins\FieldEditor4\LAND\RONIN_OBJECT03\MHE_TMD4\set-s01-ykp-brazier-00-DES\set-s01-ykp-brazier-00-DES.g1cox
0x83C8DE71,Plugins\FieldEditor4\LAND\TWILIGHT_OBJECT\MHE_TMD4\set-general-placement-06\set-general-placement-06.g1cox
0x845B775E,Plugins\FieldEditor4\LAND\RONIN_OBJECT03\MHE_TMD4\set-csl-goods-vase-04-DES\set-csl-goods-vase-04-DES.g1p
0x846E4A5E,Plugins\FieldEditor4\LAND\DAYLIGHT_BAK_OBJECT\MHE_TMD4\set-bak-yukaku-goods-screen-03-DES\set-bak-yukaku-goods-screen-03-DES.g1cox
0x849129DC,Plugins\FieldEditor4\LAND\RONIN_OBJECT\MHE_TMD4\set-s01-ykp-shop-kajiya-object-01a-DES\set-s01-ykp-shop-kajiya-object-01a-DES.g1cox
0x84EE1607,Plugins\FieldEditor4\LAND\DAYLIGHT_EDO_OBJECT\MHE_TMD4\set-edo-edojo-gate-bk-door-01-DES\set-edo-edojo-gate-bk-door-01-DES.g1p
0x84F7A518,Plugins\FieldEditor4\LAND\RONIN_OBJECT\MHE_TMD4\set-s01-ysk-objects-00-jars01-DES\set-s01-ysk-objects-00-jars01-DES.g1cox
0x84FF3150,Plugins\FieldEditor4\LAND\TWILIGHT_OBJECT\MHE_TMD4\set-general-placement-16\set-general-placement-16.g1cox
0x8509E01D,Plugins\FieldEditor4\LAND\RONIN_OBJECT\MHE_TMD4\set-s01-ykp-shop-drug-object-14a-DES\set-s01-ykp-shop-drug-object-14a-DES.g1p
0x85811DBD,Plugins\FieldEditor4\LAND\DAYLIGHT_SEN_NATURE\MHE_TMD4\set-dyl-grass-toutyukasou-01-DES\set-dyl-grass-toutyukasou-01-DES.g1mx
0x85C320DD,Plugins\FieldEditor4\LAND\DAYLIGHT_SEN_HOUSE\MHE_TMD4\set-sen-cmn-hotel-door-01-DES\set-sen-cmn-hotel-door-01-DES.g1cox
0x85C32298,Plugins\FieldEditor4\LAND\RONIN_OBJECT\MHE_TMD4\set-s02-ykhm-objects-10-clothesline-01\set-s02-ykhm-objects-10-clothesline-01.g1cox
0x85C5CA49,Plugins\FieldEditor4\LAND\RONIN_OBJECT03\MHE_TMD4\set-s01-goods-cask-02\set-s01-goods-cask-02.g1p
0x85E42354,Plugins\FieldEditor4\LAND\TWILIGHT_OBJECT\MHE_TMD4\set-s010-bg-gm-01\set-s010-bg-gm-01.g1cox
0x85F3B21B,Plugins\FieldEditor4\LAND\DAYLIGHT_KOD_LIGHT\MHE_TMD4\set-kod-kajiya-light-02-DES\set-kod-kajiya-light-02-DES.g1p
0x85FA27C9,Plugins\FieldEditor4\LAND\RONIN_OBJECT\MHE_TMD4\set-s01-ykp-goods-01-DES\set-s01-ykp-goods-01-DES.g1cox
0x860B11E4,Plugins\FieldEditor4\LAND\DAYLIGHT_SEN_OBJECT\MHE_TMD4\set-MS-sen-htmt-coral-01c-DES\set-MS-sen-htmt-coral-01c-DES.g1mx
0x862A019A,Plugins\FieldEditor4\LAND\RONIN_OBJECT\MHE_TMD4\set-s02-ykhm-objects-18-blinds02-DES\set-s02-ykhm-objects-18-blinds02-DES.g1mx
0x8640C662,Plugins\FieldEditor4\LAND\TWILIGHT_OBJECT\MHE_TMD4\set-general-placement-11\set-general-placement-11.g1mx
0x86784337,Plugins\FieldEditor4\LAND\RONIN_OBJECT03\MHE_TMD4\set-s02-ykhm-close-objects-01a-DES\set-s02-ykhm-close-objects-01a-DES.g1cox
0x868A22A1,Plugins\FieldEditor4\LAND\RONIN_OBJECT03\MHE_TMD4\set-EX-kitchen-table06\set-EX-kitchen-table06.g1mx
0x8690372F,Plugins\FieldEditor4\LAND\DAYLIGHT_CMN_GENERAL\MHE_TMD4\set-gatling-01-GADGET\set-gatling-01-GADGET.g1cox
0x86AF544A,Plugins\FieldEditor4\LAND\DAYLIGHT_SEN_OBJECT\MHE_TMD4\set-sen-cmn-goods-tea-03-DES\set-sen-cmn-goods-tea-03-DES.g1p
0x86C39B0B,Plugins\FieldEditor4\LAND\RONIN_OBJECT\MHE_TMD4\set-cmn-kyt-obj-goods-pail-02-DES\set-cmn-kyt-obj-goods-pail-02-DES.g1cox
0x86D419CF,Plugins\FieldEditor4\LAND\RONIN_OBJECT03\MHE_TMD4\set-cmn-tokugawa-flag-02b\set-cmn-tokugawa-flag-02b.g1mx
0x86DF8A06,Plugins\FieldEditor4\LAND\RONIN_OBJECT03\MHE_TMD4\set-csl-goods-pot-01b-DES\obj-csl-goods-pot-01b-DES.g1cox
0x86F952F1,Plugins\FieldEditor4\LAND\TWILIGHT_OBJECT\MHE_TMD4\set-gl-brkobj-box-01b\set-gl-brkobj-box-01b.g1p
0x873569DF,Plugins\FieldEditor4\LAND\RONIN_OBJECT03\MHE_TMD4\set-s01-sakr-goods-dish02-DES\set-s01-sakr-goods-dish02-DES.g1mx
0x874D1933,Plugins\FieldEditor4\LAND\RONIN_OBJECT03\MHE_TMD4\set-cmn-kyt-shrine-flag-03a-DES\set-cmn-kyt-shrine-flag-03a-DES.g1mx
0x874E7647,Plugins\FieldEditor4\LAND\TWILIGHT_PLANTHICHI\MHE_TMD4\set-s050-tree-boss-small-02\set-s050-tree-boss-small-02.g1p
0x87554568,Plugins\FieldEditor4\LAND\DAYLIGHT_SEN_OBJECT\MHE_TMD4\set-sen-cmn-kajiya-object-02a-DES\set-sen-cmn-kajiya-object-02a-DES.g1p
0x87555042,Plugins\FieldEditor4\LAND\RONIN_OBJECT\MHE_TMD4\set-s02-ykhm-objects-02-basket02-DES\set-s02-ykhm-objects-02-basket02-DES.g1p
0x87879FC7,Plugins\FieldEditor4\LAND\RONIN_OBJECT03\MHE_TMD4\set-s01-ykp-shop-drug-object-17a-DES\set-s01-ykp-shop-drug-object-17a-DES.g1cox
0x8788C311,Plugins\FieldEditor4\LAND\RONIN_OBJECT\MHE_TMD4\set-csl-goods-box-03-DES\set-csl-goods-box-03-DES.g1mx
0x8790F427,Plugins\FieldEditor4\LAND\DAYLIGHT_CMN_GENERAL\MHE_TMD4\set-bak-gdt-cannon-object-DES\set-bak-gdt-cannon-object-DES.g1p
0x87D7D4D5,Plugins\FieldEditor4\LAND\RONIN_OBJECT\MHE_TMD4\set-s01-ykp-shop-kajiya-object-31a-DES\set-s01-ykp-shop-kajiya-object-31a-DES.g1p
0x8822D96C,Plugins\FieldEditor4\LAND\RONIN_OBJECT\MHE_TMD4\set-csl-goods-tea-03-DES\set-csl-goods-tea-03-DES.g1mx
0x8842EE16,Plugins\FieldEditor4\LAND\DAYLIGHT_CMN_GENERAL\MHE_TMD4\set-rtm-MS-kowaretourou-a01\set-rtm-MS-kowaretourou-a01.g1p
0x886E8AF5,Plugins\FieldEditor4\LAND\TWILIGHT_OBJECT\MHE_TMD4\set-s060-hole-goods-22\set-s060-hole-goods-22.g1p
0x887388FA,Plugins\FieldEditor4\LAND\DAYLIGHT_KOD_OBJECT\MHE_TMD4\set-kod-sakimori-03-DES\set-kod-sakimori-03-DES.g1mx
0x88A90094,Plugins\FieldEditor4\LAND\DRAFT_MODEL_CONTAINER\MHE_TMD4\set-s050-box-03\set-s050-box-03.g1mx
0x88AD6C20,Plugins\FieldEditor4\LAND\TWILIGHT_OBJECT\MHE_TMD4\set-general-placement-13\set-general-placement-13.g1mx
0x88BCD88F,Plugins\FieldEditor4\LAND\TWILIGHT_OBJECT\MHE_TMD4\set-s010-hill-stone-05\set-s010-hill-stone-05.g1p
0x88C7F512,Plugins\FieldEditor4\LAND\TWILIGHT_OBJECT\MHE_TMD4\set-S350-haniwa-a02\set-S350-haniwa-a02.g1cox
0x89397337,Plugins\FieldEditor4\LAND\RONIN_LIGHT\MHE_TMD4\set-s01-europe-light-02\set-s01-europe-light-02.g1p
0x894EACDB,Plugins\FieldEditor4\LAND\RONIN_LIGHT\MHE_TMD4\set-s01-europe-light-02\set-s01-europe-light-02.g1cox
0x895C156D,Plugins\FieldEditor4\LAND\DAYLIGHT_CMN_HELL\MHE_TMD4\set-hell-sotoba-01\set-hell-sotoba-01.g1p
0x8965A599,Plugins\FieldEditor4\LAND\RONIN_OBJECT\MHE_TMD4\set-csl-goods-vase-02-DES\set-csl-goods-vase-02-DES.g1p
0x898314ED,Plugins\FieldEditor4\LAND\TWILIGHT_OBJECT\MHE_TMD4\set-S060-obj-f-01b\set-S060-obj-f-01b.g1cox
0x89999F1D,Plugins\FieldEditor4\LAND\RONIN_OBJECT\MHE_TMD4\set-s01-ykp-port-goods-11-DES\set-s01-ykp-port-goods-11-DES.g1p
0x89BA08CD,Plugins\FieldEditor4\LAND\DAYLIGHT_SEN_OBJECT\MHE_TMD4\set-MS-sen-htmt-coral-03a-DES\set-MS-sen-htmt-coral-03a-DES.g1cox
0x89CE5518,Plugins\FieldEditor4\LAND\TWILIGHT_OBJECT\MHE_TMD4\set-s010-goods-pail-02\set-s010-goods-pail-02.g1cox
0x89E3BEFF,Plugins\FieldEditor4\LAND\TWILIGHT_OBJECT\MHE_TMD4\set-general-placement-14\set-general-placement-14.g1mx
0x8A0EE62D,Plugins\FieldEditor4\LAND\TWILIGHT_OBJECT\MHE_TMD4\set-general-placement-17\set-general-placement-17.g1p
0x8A1D13A6,Plugins\FieldEditor4\LAND\RONIN_OBJECT03\MHE_TMD4\set-s02-ykhm-objects-52-fabric01-DES\set-s02-ykhm-objects-52-fabric01-DES.g1cox
0x8A7A0C31,Plugins\FieldEditor4\LAND\TWILIGHT_OBJECT\MHE_TMD4\set-S070-bf-wreck-04\set-S070-bf-wreck-04.g1mx
0x8A8D800A,Plugins\FieldEditor4\LAND\DRAFT_MODEL_CONTAINER\MHE_TMD4\set-csl-goods-pot-06-DES\set-csl-goods-pot-06-DES.g1cox
0x8A8D8A62,Plugins\FieldEditor4\LAND\RONIN_LIGHT\MHE_TMD4\set-s02-edo-ysw-objects-light-10a\set-s02-edo-ysw-objects-light-10a.g1mx
0x8AAB83E7,Plugins\FieldEditor4\LAND\RONIN_OBJECT03\MHE_TMD4\set-EX-office-bottle02-DES\set-EX-office-bottle02-DES.g1mx
0x8B1A11DE,Plugins\FieldEditor4\LAND\TWILIGHT_OBJECT\MHE_TMD4\set-general-placement-15\set-general-placement-15.g1mx
0x8B7AB6FE,Plugins\FieldEditor4\LAND\TWILIGHT_OBJECT\MHE_TMD4\set-s010-bg-gm-06\set-s010-bg-gm-06.g1mx
0x8B7DDEF8,Plugins\FieldEditor4\LAND\RONIN_OBJECT\MHE_TMD4\set-s01-ykw-fishing-objects-02-basket-01-DES\set-s01-ykw-fishing-objects-02-basket-01-DES.g1p
0x8B94EC37,Plugins\FieldEditor4\LAND\RONIN_OBJECT\MHE_TMD4\set-cmn-jp-obj-table-01a-DES\set-cmn-jp-obj-table-01a-DES.g1p
0x8BAB98ED,Plugins\FieldEditor4\LAND\RONIN_OBJECT03\MHE_TMD4\set-s01-ykp-shop-kajiya-object-24a-DES\set-s01-ykp-shop-kajiya-object-24a-DES.g1mx
0x8BBFB57C,Plugins\FieldEditor4\LAND\RONIN_OBJECT\MHE_TMD4\set-csl-goods-desk-01-DES\set-csl-goods-desk-01-DES.g1p
0x8BFEDF9D,Plugins\FieldEditor4\LAND\RONIN_OBJECT\MHE_TMD4\set-csl-goods-sword-01-DES\set-csl-goods-sword-01-DES.g1mx
0x8C31DE25,Plugins\FieldEditor4\LAND\RONIN_OBJECT03\MHE_TMD4\set-cmn-kyt-shrine-flag-02a\set-cmn-kyt-shrine-flag-02a.g1p
0x8C32BDC0,Plugins\FieldEditor4\LAND\RONIN_OBJECT03\MHE_TMD4\set-s01-ysk-objects-00-cabinets03-DES\set-s01-ysk-objects-00-cabinets03-DES.g1cox
0x8C5064BD,Plugins\FieldEditor4\LAND\TWILIGHT_OBJECT\MHE_TMD4\set-general-placement-16\set-general-placement-16.g1mx
0x8C5ADF61,Plugins\FieldEditor4\LAND\RONIN_OBJECT03\MHE_TMD4\set-ykak-goods-chair-01\set-ykak-goods-chair-01.g1cox
0x8CAE3BBA,Plugins\FieldEditor4\LAND\RONIN_OBJECT\MHE_TMD4\set-s01-ykp-shop-kajiya-object-25a-DES\set-s01-ykp-shop-kajiya-object-25a-DES.g1p
0x8D08709C,Plugins\FieldEditor4\LAND\RONIN_OBJECT\MHE_TMD4\set-csl-goods-mat-03-DES\set-csl-goods-mat-03-DES.g1mx
0x8D311176,Plugins\FieldEditor4\LAND\RONIN_OBJECT\MHE_TMD4\set-s02-ykhm-objects-10-clothesline-02\set-s02-ykhm-objects-10-clothesline-02.g1mx
0x8D382E46,Plugins\FieldEditor4\LAND\RONIN_OBJECT\MHE_TMD4\set-csl-goods-pail-02-DES\set-csl-goods-pail-02-DES.g1cox
0x8D5F46A4,Plugins\FieldEditor4\LAND\RONIN_OBJECT03\MHE_TMD4\set-s01-sks-weapon-01b\set-s01-sks-weapon-01b.g1mx
0x8D6CE4D3,Plugins\FieldEditor4\LAND\RONIN_OBJECT03\MHE_TMD4\set-s170-goods-box-06-DES\set-s170-goods-box-06-DES.g1p
0x8D7A933A,Plugins\FieldEditor4\LAND\RONIN_OBJECT03\MHE_TMD4\set-s170-goods-box-02-DES\set-s170-goods-box-02-DES.g1mx
0x8D86B79C,Plugins\FieldEditor4\LAND\TWILIGHT_OBJECT\MHE_TMD4\set-general-placement-17\set-general-placement-17.g1mx
0x8DA71411,Plugins\FieldEditor4\LAND\DAYLIGHT_SEN_NATURE\MHE_TMD4\set-dyl-grass-toutyukasou-02-DES\set-dyl-grass-toutyukasou-02-DES.g1cox
0x8DEA3E7C,Plugins\FieldEditor4\LAND\TWILIGHT_OBJECT\MHE_TMD4\set-S350-haniwa-a03\set-S350-haniwa-a03.g1mx
0x8DFA7683,Plugins\FieldEditor4\LAND\RONIN_OBJECT\MHE_TMD4\set-csl-goods-pot-02-DES\set-csl-goods-pot-02-DES.g1p
0x8E236D88,Plugins\FieldEditor4\LAND\RONIN_OBJECT\MHE_TMD4\set-csl-goods-pot-04-DES\set-csl-goods-pot-04-DES.g1mx
0x8E2EC748,Plugins\FieldEditor4\LAND\RONIN_OBJECT\MHE_TMD4\set-cmn-g-throw-pot-01a-DES\set-cmn-g-throw-pot-01a-DES.g1p
0x8E5AAE0D,Plugins\FieldEditor4\LAND\DAYLIGHT_BAK_OBJECT\MHE_TMD4\set-bak-abu-goods-02-DES\set-bak-abu-goods-02-DES.g1cox
0x8EBD0A7B,Plugins\FieldEditor4\LAND\TWILIGHT_OBJECT\MHE_TMD4\set-general-placement-18\set-general-placement-18.g1mx
0x8F195AE1,Plugins\FieldEditor4\LAND\RONIN_OBJECT02\MHE_TMD4\set-csl-goods-shoji-01-break03-DES\set-csl-goods-shoji-01-break03-DES.g1mx
0x8F341CC5,Plugins\FieldEditor4\LAND\RONIN_LIGHT\MHE_TMD4\set-csl-goods-light-02-DES\set-csl-goods-light-02-DES.g1cox
0x8F3A4058,Plugins\FieldEditor4\LAND\RONIN_OBJECT\MHE_TMD4\set-s01-ykp-shop-kajiya-object-12a-DES\set-s01-ykp-shop-kajiya-object-12a-DES.g1p
0x8F46216A,Plugins\FieldEditor4\LAND\DAYLIGHT_BAK_OBJECT\MHE_TMD4\set-bak-cho-inn-door-03a-DES\set-bak-cho-inn-door-03a-DES.g1p
0x8F7315D5,Plugins\FieldEditor4\LAND\RONIN_LIGHT\MHE_TMD4\set-cmn-goods-lantern-01a\set-cmn-goods-lantern-01a.g1p
0x8F8F47F0,Plugins\FieldEditor4\LAND\TWILIGHT_OBJECT\MHE_TMD4\set-S800-bowl-02\set-S800-bowl-02.g1mx
0x8F911F06,Plugins\FieldEditor4\LAND\DAYLIGHT_SEN_OBJECT\MHE_TMD4\set-MS-sen-htmt-coral-01b-DES\set-MS-sen-htmt-coral-01b-DES.g1p
0x8F9CCD19,Plugins\FieldEditor4\LAND\TWILIGHT_OBJECT\MHE_TMD4\set-s060-hole-goods-22\set-s060-hole-goods-22.g1cox
0x8FB2B8C7,Plugins\FieldEditor4\LAND\RONIN_CMN_PLANTHICHI\MHE_TMD4\set-nature-field-vege-04a\obj-nature-field-vege-04a.g1mx
0x8FB4A786,Plugins\FieldEditor4\LAND\RONIN_OBJECT\MHE_TMD4\set-csl-goods-pot-03-DES\set-csl-goods-pot-03-DES.g1cox
0x8FCFE6F0,Plugins\FieldEditor4\LAND\RONIN_OBJECT\MHE_TMD4\set-s02-ykhm-objects-10-stair-00-DES\set-s02-ykhm-objects-10-stair-00-DES.g1p
0x90837B73,Plugins\FieldEditor4\LAND\RONIN_OBJECT\MHE_TMD4\set-s02-ykhm-objects-15-chair01-DES\set-s02-ykhm-objects-15-chair01-DES.g1mx
0x90882361,Plugins\FieldEditor4\LAND\RONIN_OBJECT\MHE_TMD4\set-csl-goods-desk-02-DES\set-csl-goods-desk-02-DES.g1cox
0x90EA24FB,Plugins\FieldEditor4\LAND\DAYLIGHT_BAK_OBJECT\MHE_TMD4\set-bak-yukaku-goods-screen-04-DES\set-bak-yukaku-goods-screen-04-DES.g1p
0x9145B388,Plugins\FieldEditor4\LAND\RONIN_OBJECT\MHE_TMD4\set-cmn-g-fire-01b\set-cmn-g-fire-01b.g1cox
0x915654C0,Plugins\FieldEditor4\LAND\RONIN_OBJECT03\MHE_TMD4\set-s01-ykp-shop-kajiya-object-28a-DES\set-s01-ykp-shop-kajiya-object-28a-DES.g1p
0x9158A672,Plugins\FieldEditor4\LAND\RONIN_OBJECT\MHE_TMD4\set-s01-ykp-shop-kajiya-object-11a-DES\set-s01-ykp-shop-kajiya-object-11a-DES.g1mx
0x916D4D81,Plugins\FieldEditor4\LAND\DAYLIGHT_SEN_OBJECT\MHE_TMD4\set-sen-cmn-objects-cabinet-02b-DES\set-sen-cmn-objects-cabinet-02b-DES.g1cox
0x9184A29F,Plugins\FieldEditor4\LAND\RONIN_OBJECT\MHE_TMD4\set-s01-ykp-shop-kajiya-object-19a-DES\set-s01-ykp-shop-kajiya-object-19a-DES.g1p
0x91944661,Plugins\FieldEditor4\LAND\DRAFT_MODEL_CONTAINER\MHE_TMD4\set-csl-goods-pot-01-DES\set-csl-goods-pot-01-DES.g1p
0x920D1E3D,Plugins\FieldEditor4\LAND\RONIN_OBJECT03\MHE_TMD4\set-s02-ykhm-objects-watertank-42a\set-s02-ykhm-objects-watertank-42a.g1cox
0x920EB7EC,Plugins\FieldEditor4\LAND\DAYLIGHT_SEN_NATURE\MHE_TMD4\set-dyl-grass-toutyukasou-01-DES\set-dyl-grass-toutyukasou-01-DES.g1p
0x9214E6A7,Plugins\FieldEditor4\LAND\TWILIGHT_OBJECT\MHE_TMD4\set-general-placement-11\set-general-placement-11.g1p
0x92219E1A,Plugins\FieldEditor4\LAND\RONIN_OBJECT03\MHE_TMD4\set-s01-ykp-shop-photo-obj-03a-DES\set-s01-ykp-shop-photo-obj-03a-DES.g1cox
0x923C3E3A,Plugins\FieldEditor4\LAND\DAYLIGHT_SEN_OBJECT\MHE_TMD4\set-sen-cmn-chair-DES\obj-sen-cmn-chair-DES.g1mx
0x925F93A1,Plugins\FieldEditor4\LAND\RONIN_OBJECT\MHE_TMD4\set-cmn-kyt-flag-02a-DES\set-cmn-kyt-flag-02a-DES.g1cox
0x929C77E4,Plugins\FieldEditor4\LAND\RONIN_OBJECT03\MHE_TMD4\set-s02-ykhm-objects-00-stall-06-DES\set-s02-ykhm-objects-00-stall-06-DES.g1mx
0x92F3B817,Plugins\FieldEditor4\LAND\TWILIGHT_OBJECT\MHE_TMD4\set-S100-brkobj-hanging-scroll-01\set-S100-brkobj-hanging-scroll-01.g1mx
0x931FD009,Plugins\FieldEditor4\LAND\DAYLIGHT_SEN_OBJECT\MHE_TMD4\set-sen-cmn-goods-tea-02-DES\set-sen-cmn-goods-tea-02-DES.g1p
0x9341A313,Plugins\FieldEditor4\LAND\RONIN_OBJECT\MHE_TMD4\set-ykak-goods-chair-04-DES\set-ykak-goods-chair-04-DES.g1cox
0x9370E41D,Plugins\FieldEditor4\LAND\RONIN_OBJECT03\MHE_TMD4\set-s01-goods-desk-03-DES\set-s01-goods-desk-03-DES.g1cox
0x93ABC319,Plugins\FieldEditor4\LAND\RONIN_OBJECT03\MHE_TMD4\set-s01-ykp-flag-02b\set-s01-ykp-flag-02b.g1p
0x93B5B6F9,Plugins\FieldEditor4\LAND\RONIN_OBJECT03\MHE_TMD4\set-s02-chdojo-objects-radish-01-DES\set-s02-chdojo-objects-radish-01-DES.g1cox
0x93C86430,Plugins\FieldEditor4\LAND\DAYLIGHT_SEN_OBJECT\MHE_TMD4\set-sen-cmn-objects-clothline-01-DES\set-sen-cmn-objects-clothline-01-DES.g1cox
0x93D3DE17,Plugins\FieldEditor4\LAND\DAYLIGHT_BAK_OBJECT\MHE_TMD4\set-bak-hnj-BOSS-pillar-02-DES\set-bak-hnj-BOSS-pillar-02-DES.g1mx
0x93DCDB2D,Plugins\FieldEditor4\LAND\DAYLIGHT_SEN_HOUSE\MHE_TMD4\set-sen-cmn-hotel-door-04-DES\set-sen-cmn-hotel-door-04-DES.g1mx
0x93E16979,Plugins\FieldEditor4\LAND\RONIN_OBJECT\MHE_TMD4\set-s02-rpj-chair-01\set-s02-rpj-chair-01.g1cox
0x93EFFCF9,Plugins\FieldEditor4\LAND\RONIN_OBJECT03\MHE_TMD4\set-s01-ykp-bonsai-03-DES\obj-s01-ykp-bonsai-03-DES.g1cox
0x9410A73D,Plugins\FieldEditor4\LAND\RONIN_OBJECT\MHE_TMD4\set-s01-ykp-shop-kajiya-object-06a-DES\set-s01-ykp-shop-kajiya-object-06a-DES.g1p
0x9421876D,Plugins\FieldEditor4\LAND\RONIN_OBJECT03\MHE_TMD4\set-s01-goods-cask-02\set-s01-goods-cask-02.g1cox
0x944C8E07,Plugins\FieldEditor4\LAND\RONIN_OBJECT\MHE_TMD4\set-cmn-kyt-obj-sign-01-DES\set-cmn-kyt-obj-sign-01-DES.g1p
0x9485FB2C,Plugins\FieldEditor4\LAND\RONIN_OBJECT03\MHE_TMD4\set-EX-kitchen-jug02-DES\set-EX-kitchen-jug02-DES.g1p
0x949E6A41,Plugins\FieldEditor4\LAND\TWILIGHT_OBJECT\MHE_TMD4\set-s060-hole-goods-sacks-05\set-s060-hole-goods-sacks-05.g1cox
0x94C056C3,Plugins\FieldEditor4\LAND\DRAFT_MODEL_CONTAINER\MHE_TMD4\set-csl-goods-pot-06-DES\set-csl-goods-pot-06-DES.g1mx
0x950CDDC6,Plugins\FieldEditor4\LAND\TWILIGHT_OBJECT\MHE_TMD4\set-general-placement-08-bk\set-general-placement-08-bk.g1p
0x952168BE,Plugins\FieldEditor4\LAND\RONIN_OBJECT\MHE_TMD4\set-csl-goods-box-01-DES\set-csl-goods-box-01-DES.g1cox
0x954E8F4A,Plugins\FieldEditor4\LAND\RONIN_OBJECT03\MHE_TMD4\set-EX-office-book02-DES\set-EX-office-book02-DES.g1mx
0x95828D2A,Plugins\FieldEditor4\LAND\RONIN_OBJECT03\MHE_TMD4\set-s02-ykhm-objects-63-table05-DES\set-s02-ykhm-objects-63-table05-DES.g1mx
0x959B871B,Plugins\FieldEditor4\LAND\RONIN_OBJECT\MHE_TMD4\set-csl-goods-weapon-03-DES\set-csl-goods-weapon-03-DES.g1p
0x95E2BC64,Plugins\FieldEditor4\LAND\RONIN_LIGHT\MHE_TMD4\set-s02-ykhm-objects-57-light01-DES\set-s02-ykhm-objects-57-light01-DES.g1cox
0x95E41EE8,Plugins\FieldEditor4\LAND\RONIN_OBJECT03\MHE_TMD4\set-s02-ykhm-objects-60-cabinet07-DES\set-s02-ykhm-objects-60-cabinet07-DES.g1p
0x961C5A97,Plugins\FieldEditor4\LAND\RONIN_OBJECT\MHE_TMD4\set-s01-ysk-objects-00-cabinets01-DES\set-s01-ysk-objects-00-cabinets01-DES.g1p
0x96269184,Plugins\FieldEditor4\LAND\RONIN_OBJECT\MHE_TMD4\set-csl-goods-pot-06-break-DES\set-csl-goods-pot-06-break-DES.g1cox
0x964CC921,Plugins\FieldEditor4\LAND\DAYLIGHT_CMN_GENERAL\MHE_TMD4\set-cmn-g-nohocanon-01\set-cmn-g-nohocanon-01.g1p
0x96670372,Plugins\FieldEditor4\LAND\RONIN_OBJECT03\MHE_TMD4\set-cmn-ky-shop-obj-flag-04\set-cmn-ky-shop-obj-flag-04.g1cox
0x969947F5,Plugins\FieldEditor4\LAND\RONIN_OBJECT\MHE_TMD4\set-s02-chdojo-objects-cloth-02a-DES\set-s02-chdojo-objects-cloth-02a-DES.g1cox
0x96A3427C,Plugins\FieldEditor4\LAND\RONIN_OBJECT03\MHE_TMD4\set-s01-ykp-shop-kajiya-obj-04-DES\set-s01-ykp-shop-kajiya-obj-04-DES.g1mx
0x96BE82E4,Plugins\FieldEditor4\LAND\RONIN_OBJECT\MHE_TMD4\set-s170-goods-shelf-02-dest02-DES\set-s170-goods-shelf-02-dest02-DES.g1mx
0x971AD36F,Plugins\FieldEditor4\LAND\DAYLIGHT_SEN_HOUSE\MHE_TMD4\set-sen-cmn-hotel-door-02-DES\set-sen-cmn-hotel-door-02-DES.g1mx
0x978887DA,Plugins\FieldEditor4\LAND\RONIN_OBJECT\MHE_TMD4\set-s02-edj-sword-01-DES\obj-s02-edj-sword-01-DES.g1mx
0x97921C9D,Plugins\FieldEditor4\LAND\RONIN_OBJECT\MHE_TMD4\set-csl-goods-vase-06-DES\set-csl-goods-vase-06-DES.g1p
0x97C70585,Plugins\FieldEditor4\LAND\RONIN_OBJECT\MHE_TMD4\set-s02-edo-ysw-object-kimono-01-DES\set-s02-edo-ysw-object-kimono-01-DES.g1cox
0x98033A8D,Plugins\FieldEditor4\LAND\RONIN_OBJECT\MHE_TMD4\set-s01-ysk-objects-00-wood01-DES\set-s01-ysk-objects-00-wood01-DES.g1cox
0x982EBA64,Plugins\FieldEditor4\LAND\RONIN_OBJECT\MHE_TMD4\set-s01-ykp-stall-05-DES\obj-s01-ykp-stall-05-DES.g1cox
0x984E601E,Plugins\FieldEditor4\LAND\DAYLIGHT_CMN_GENERAL\MHE_TMD4\set-gdt-hei-hell-ice-02a-DES\set-gdt-hei-hell-ice-02a-DES.g1cox
0x98506493,Plugins\FieldEditor4\LAND\RONIN_OBJECT\MHE_TMD4\set-csl-goods-shelf-04-DES\set-csl-goods-shelf-04-DES.g1mx
0x98538C8F,Plugins\FieldEditor4\LAND\RONIN_OBJECT03\MHE_TMD4\set-s01-sakr-goods-dish07-DES\set-s01-sakr-goods-dish07-DES.g1p
0x985640CD,Plugins\FieldEditor4\LAND\RONIN_OBJECT03\MHE_TMD4\set-csl-goods-weapon-01-DES\set-csl-goods-weapon-01-DES.g1mx
0x986F6545,Plugins\FieldEditor4\LAND\RONIN_OBJECT03\MHE_TMD4\set-s02-ykhm-objects-38-table03-DES\set-s02-ykhm-objects-38-table03-DES.g1p
0x9873F6E6,Plugins\FieldEditor4\LAND\RONIN_OBJECT03\MHE_TMD4\set-csl-goods-weapon-04\obj-csl-goods-weapon-04.g1cox
0x988C4B12,Plugins\FieldEditor4\LAND\DAYLIGHT_CMN_HELL\MHE_TMD4\set-hell-sotoba-02\set-hell-sotoba-02.g1cox
0x988EF7F2,Plugins\FieldEditor4\LAND\DAYLIGHT_CMN_PLANTHICHI\MHE_TMD4\set-dyl-tree-boss-small-03-DES\set-dyl-tree-boss-small-03-DES.g1p
0x98C964E8,Plugins\FieldEditor4\LAND\TWILIGHT_OBJECT\MHE_TMD4\set-s010-bg-gm-09\set-s010-bg-gm-09.g1p
0x98CA1AFF,Plugins\FieldEditor4\LAND\RONIN_OBJECT03\MHE_TMD4\set-s170-goods-tea-02-DES\set-s170-goods-tea-02-DES.g1mx
0x98DA01B9,Plugins\FieldEditor4\LAND\DRAFT_MODEL_CONTAINER\MHE_TMD4\set-s060-hole-goods-10\set-s060-hole-goods-10.g1cox
0x98E930E6,Plugins\FieldEditor4\LAND\RONIN_OBJECT\MHE_TMD4\set-csl-goods-A-pot-03-DES\set-csl-goods-A-pot-03-DES.g1mx
0x98F7C18E,Plugins\FieldEditor4\LAND\TWILIGHT_OBJECT\MHE_TMD4\set-s010-bg-gm-07\set-s010-bg-gm-07.g1cox
0x98FB6695,Plugins\FieldEditor4\LAND\RONIN_OBJECT03\MHE_TMD4\set-s01-ykp-objects-15-radish01-DES\set-s01-ykp-objects-15-radish01-DES.g1cox
0x99070DA9,Plugins\FieldEditor4\LAND\RONIN_OBJECT\MHE_TMD4\set-s01-ykp-shop-kajiya-object-09a-DES\set-s01-ykp-shop-kajiya-object-09a-DES.g1mx
0x9947BCCF,Plugins\FieldEditor4\LAND\TWILIGHT_OBJECT\MHE_TMD4\set-general-placement-08\set-general-placement-08.g1p
0x995AA440,Plugins\FieldEditor4\LAND\RONIN_OBJECT\MHE_TMD4\set-cmn-mib-objects-pillow-01-DES\set-cmn-mib-objects-pillow-01-DES.g1p
0x997501BE,Plugins\FieldEditor4\LAND\DAYLIGHT_SEN_OBJECT\MHE_TMD4\set-sen-hidr-rock-03-DES\set-sen-hidr-rock-03-DES.g1p
0x998C93AC,Plugins\FieldEditor4\LAND\RONIN_OBJECT03\MHE_TMD4\set-csl-goods-weapon-02-DES\set-csl-goods-weapon-02-DES.g1mx
0x99A7D08D,Plugins\FieldEditor4\LAND\TWILIGHT_OBJECT\MHE_TMD4\set-S070-danjyo-csl-fnt-tub-01-dist\set-S070-danjyo-csl-fnt-tub-01-dist.g1p
0x99C4C919,Plugins\FieldEditor4\LAND\TWILIGHT_OBJECT\MHE_TMD4\set-s340-arms-hill-01\set-s340-arms-hill-01.g1p
0x99FCE57F,Plugins\FieldEditor4\LAND\RONIN_OBJECT03\MHE_TMD4\set-s02-ykhm-objects-61-cabinet08-DES\set-s02-ykhm-objects-61-cabinet08-DES.g1mx
0x9A78F8B2,Plugins\FieldEditor4\LAND\RONIN_OBJECT03\MHE_TMD4\set-s02-ykhm-objects-09-woodbox01-DES\set-s02-ykhm-objects-09-woodbox01-DES.g1mx
0x9AD4C68B,Plugins\FieldEditor4\LAND\DRAFT_MODEL_CONTAINER\MHE_TMD4\set-s120-hole-box-01\set-s120-hole-box-01.g1cox
0x9AD5574F,Plugins\FieldEditor4\LAND\RONIN_OBJECT03\MHE_TMD4\set-s01-ykp-shop-photo-obj-18a-DES\set-s01-ykp-shop-photo-obj-18a-DES.g1mx
0x9AD7B445,Plugins\FieldEditor4\LAND\DRAFT_MODEL_CONTAINER\MHE_TMD4\set-general-placement-16-bk\set-general-placement-16-bk.g1mx
0x9AF00A6A,Plugins\FieldEditor4\LAND\RONIN_OBJECT03\MHE_TMD4\set-s170-goods-tea-02-DES\set-s170-goods-tea-02-DES.g1p
0x9AF9EFEA,Plugins\FieldEditor4\LAND\RONIN_OBJECT03\MHE_TMD4\set-s02-ykhm-objects-61-cabinet08-DES\set-s02-ykhm-objects-61-cabinet08-DES.g1p
0x9B0F6AD1,Plugins\FieldEditor4\LAND\DAYLIGHT_BAK_NATURE\MHE_TMD4\set-bak-beehive-01-DES\set-bak-beehive-01-DES.g1mx
0x9B48A151,Plugins\FieldEditor4\LAND\RONIN_OBJECT\MHE_TMD4\set-csl-goods-mat-03-DES\set-csl-goods-mat-03-DES.g1cox
0x9B566343,Plugins\FieldEditor4\LAND\RONIN_OBJECT\MHE_TMD4\set-s02-ykhm-objects-55-fabric04-DES\set-s02-ykhm-objects-55-fabric04-DES.g1cox
0x9B5818E9,Plugins\FieldEditor4\LAND\DAYLIGHT_BAK_OBJECT\MHE_TMD4\set-bak-abu-goods-02-DES\set-bak-abu-goods-02-DES.g1p
0x9B5B1327,Plugins\FieldEditor4\LAND\RONIN_OBJECT\MHE_TMD4\set-s170-goods-pail-02-DES\set-s170-goods-pail-02-DES.g1cox
0x9B69DBEA,Plugins\FieldEditor4\LAND\DAYLIGHT_CMN_GENERAL\MHE_TMD4\set-MS-gdt-syugorei-rock-M01\set-MS-gdt-syugorei-rock-M01.g1mx
0x9B8BFD5E,Plugins\FieldEditor4\LAND\DAYLIGHT_SEN_OBJECT\MHE_TMD4\set-cmn-fusuma-04a-DES\set-cmn-fusuma-04a-DES.g1mx
0x9B96A6B6,Plugins\FieldEditor4\LAND\TWILIGHT_OBJECT\MHE_TMD4\set-s010-bg-gm-10\set-s010-bg-gm-10.g1cox
0x9BC65863,Plugins\FieldEditor4\LAND\RONIN_OBJECT03\MHE_TMD4\set-EX-office-book02-DES\set-EX-office-book02-DES.g1cox
0x9BE99E18,Plugins\FieldEditor4\LAND\DAYLIGHT_BAK_HELL\MHE_TMD4\set-bak-cmn-hell-needle-01b-DES\set-bak-cmn-hell-needle-01b-DES.g1p
0x9C1302A3,Plugins\FieldEditor4\LAND\RONIN_OBJECT03\MHE_TMD4\set-S01-dojo-goods-target-01-DES\set-S01-dojo-goods-target-01-DES.g1cox
0x9C4F8530,Plugins\FieldEditor4\LAND\DAYLIGHT_SEN_OBJECT\MHE_TMD4\set-sen-cmn-goods-tea-05-DES\set-sen-cmn-goods-tea-05-DES.g1cox
0x9C800407,Plugins\FieldEditor4\LAND\TWILIGHT_OBJECT\MHE_TMD4\set-S060-obj-f-03b\set-S060-obj-f-03b.g1p
0x9C9C7EAC,Plugins\FieldEditor4\LAND\RONIN_OBJECT\MHE_TMD4\set-s170-goods-shelf-04-dest01-DES\set-s170-goods-shelf-04-dest01-DES.g1cox
0x9C9E4362,Plugins\FieldEditor4\LAND\DAYLIGHT_SEN_OBJECT\MHE_TMD4\set-sen-cmn-kajiya-object-01a-DES\set-sen-cmn-kajiya-object-01a-DES.g1mx
0x9CAFC402,Plugins\FieldEditor4\LAND\RONIN_OBJECT03\MHE_TMD4\set-csl-goods-weapon-04\obj-csl-goods-weapon-04.g1p
0x9CBF11F6,Plugins\FieldEditor4\LAND\DAYLIGHT_CMN_GENERAL\MHE_TMD4\set-S130-barrel-gunpowder-02\set-S130-barrel-gunpowder-02.g1cox
0x9CE3B434,Plugins\FieldEditor4\LAND\RONIN_OBJECT03\MHE_TMD4\set-cmn-mib-flag-01b\set-cmn-mib-flag-01b.g1cox
0x9D0ACEA5,Plugins\FieldEditor4\LAND\RONIN_OBJECT03\MHE_TMD4\set-cmn-kyt-objects-trashcan-01c-DES\set-cmn-kyt-objects-trashcan-01c-DES.g1p
0x9D4E05F4,Plugins\FieldEditor4\LAND\RONIN_OBJECT03\MHE_TMD4\set-s02-chdojo-objects-radish-01-DES\set-s02-chdojo-objects-radish-01-DES.g1mx
0x9D5EDDB5,Plugins\FieldEditor4\LAND\RONIN_OBJECT\MHE_TMD4\set-csl-goods-cookware-02-DES\set-csl-goods-cookware-02-DES.g1cox
0x9D622E09,Plugins\FieldEditor4\LAND\RONIN_OBJECT\MHE_TMD4\set-csl-goods-pot-06-break-DES\set-csl-goods-pot-06-break-DES.g1mx
0x9D94612C,Plugins\FieldEditor4\LAND\RONIN_OBJECT03\MHE_TMD4\set-s02-ykhm-objects-00-stall-03-DES\set-s02-ykhm-objects-00-stall-03-DES.g1cox
0x9DAA1F19,Plugins\FieldEditor4\LAND\DAYLIGHT_CMN_PLANTINS\MHE_TMD4\set-dyl-tree-boss-small-03-DES-i\set-dyl-tree-boss-small-03-DES-i.g1mx
0x9DD68744,Plugins\FieldEditor4\LAND\RONIN_OBJECT03\MHE_TMD4\set-s01-goods-mask-02-DES\set-s01-goods-mask-02-DES.g1mx
0x9DE4BA2D,Plugins\FieldEditor4\LAND\RONIN_OBJECT03\MHE_TMD4\set-s170-goods-table-03-DES\set-s170-goods-table-03-DES.g1p
0x9DEE5E2C,Plugins\FieldEditor4\LAND\RONIN_OBJECT\MHE_TMD4\set-s02-ykhm-objects-00-dish02-DES\set-s02-ykhm-objects-00-dish02-DES.g1p
0x9E3F0605,Plugins\FieldEditor4\LAND\RONIN_OBJECT\MHE_TMD4\set-cmn-g-throw-bucket-DES\set-cmn-g-throw-bucket-DES.g1p
0x9EDCC274,Plugins\FieldEditor4\LAND\DAYLIGHT_CMN_PLANTINS\MHE_TMD4\set-dyl-tree-boss-small-03-DES-i\set-dyl-tree-boss-small-03-DES-i.g1cox
0x9EE43045,Plugins\FieldEditor4\LAND\DAYLIGHT_CMN_GENERAL\MHE_TMD4\set-cmn-g-nohocanon-01\set-cmn-g-nohocanon-01.g1cox
0x9EE9D3FE,Plugins\FieldEditor4\LAND\RONIN_OBJECT\MHE_TMD4\set-s01-ykp-shop-drug-object-26a-DES\set-s01-ykp-shop-drug-object-26a-DES.g1p
0x9F029F7C,Plugins\FieldEditor4\LAND\RONIN_OBJECT03\MHE_TMD4\set-s03-kin-flag-02b\set-s03-kin-flag-02b.g1mx
0x9F107ACE,Plugins\FieldEditor4\LAND\DAYLIGHT_BAK_OBJECT\MHE_TMD4\set-bak-abu-goods-03-DES\set-bak-abu-goods-03-DES.g1cox
0x9F1ACCFC,Plugins\FieldEditor4\LAND\RONIN_OBJECT\MHE_TMD4\set-s02-ykhm-close-objects-09a-DES\set-s02-ykhm-close-objects-09a-DES.g1cox
0x9F517553,Plugins\FieldEditor4\LAND\RONIN_OBJECT\MHE_TMD4\set-s02-ykhm-objects-16-blinds00-DES\set-s02-ykhm-objects-16-blinds00-DES.g1cox
0x9F7946CA,Plugins\FieldEditor4\LAND\DAYLIGHT_SEN_OBJECT\MHE_TMD4\set-sen-cmn-objects-watervat-01-DES\set-sen-cmn-objects-watervat-01-DES.g1cox
0x9F904BC8,Plugins\FieldEditor4\LAND\DAYLIGHT_SEN_OBJECT\MHE_TMD4\set-sen-cmn-goods-tea-01-DES\set-sen-cmn-goods-tea-01-DES.g1p
0x9F98957A,Plugins\FieldEditor4\LAND\DAYLIGHT_BAK_OBJECT\MHE_TMD4\set-bak-yukaku-goods-screen-03-DES\set-bak-yukaku-goods-screen-03-DES.g1p
0x9F9C3207,Plugins\FieldEditor4\LAND\RONIN_OBJECT03\MHE_TMD4\set-csl-goods-weapon-07-DES\set-csl-goods-weapon-07-DES.g1mx
0x9FC0E12C,Plugins\FieldEditor4\LAND\RONIN_OBJECT03\MHE_TMD4\set-s01-ykp-shop-drug-object-11a-DES\set-s01-ykp-shop-drug-object-11a-DES.g1mx
0x9FD25C22,Plugins\FieldEditor4\LAND\RONIN_OBJECT\MHE_TMD4\set-csl-goods-table-03\obj-csl-goods-table-03.g1p
0x9FD753E9,Plugins\FieldEditor4\LAND\RONIN_OBJECT\MHE_TMD4\set-s02-ykhm-objects-66-salt-farm-hoe-01-DES\set-s02-ykhm-objects-66-salt-farm-hoe-01-DES.g1cox
0xA004C53F,Plugins\FieldEditor4\LAND\RONIN_OBJECT03\MHE_TMD4\set-s01-ykp-shop-kajiya-object-27a-DES\set-s01-ykp-shop-kajiya-object-27a-DES.g1p
0xA00FC0EC,Plugins\FieldEditor4\LAND\RONIN_OBJECT03\MHE_TMD4\set-s02-ykhm-objects-62-cabinet09-DES\set-s02-ykhm-objects-62-cabinet09-DES.g1p
0xA014A5C1,Plugins\FieldEditor4\LAND\RONIN_OBJECT03\MHE_TMD4\set-s01-ykp-port-goods-01-DES\set-s01-ykp-port-goods-01-DES.g1p
0xA01718BC,Plugins\FieldEditor4\LAND\DAYLIGHT_SEN_OBJECT\MHE_TMD4\set-sen-cmn-goods-tea-06-DES\set-sen-cmn-goods-tea-06-DES.g1mx
0xA02549E5,Plugins\FieldEditor4\LAND\RONIN_OBJECT03\MHE_TMD4\set-s02-ykhm-objects-36-table01-DES\set-s02-ykhm-objects-36-table01-DES.g1cox
0xA0341BB7,Plugins\FieldEditor4\LAND\RONIN_OBJECT\MHE_TMD4\set-s02-ykhm-objects-10-clothesline-02\set-s02-ykhm-objects-10-clothesline-02.g1cox
0xA0392601,Plugins\FieldEditor4\LAND\DAYLIGHT_SEN_OBJECT\MHE_TMD4\set-sen-you-goods-shugen-07-DES\set-sen-you-goods-shugen-07-DES.g1p
0xA0677247,Plugins\FieldEditor4\LAND\RONIN_OBJECT03\MHE_TMD4\set-s02-edo-knd-obj-23a-DES\set-s02-edo-knd-obj-23a-DES.g1mx
0xA0A04438,Plugins\FieldEditor4\LAND\RONIN_OBJECT03\MHE_TMD4\set-s01-sksh-close-objects-01a-DES\obj-s01-sksh-close-objects-01a-DES.g1mx
0xA0AA3123,Plugins\FieldEditor4\LAND\RONIN_OBJECT03\MHE_TMD4\set-s01-ykp-shop-drug-object-17a-DES\set-s01-ykp-shop-drug-object-17a-DES.g1p
0xA0D284E6,Plugins\FieldEditor4\LAND\RONIN_OBJECT03\MHE_TMD4\set-csl-goods-weapon-08-DES\set-csl-goods-weapon-08-DES.g1mx
0xA0EE2442,Plugins\FieldEditor4\LAND\TWILIGHT_OBJECT\MHE_TMD4\set-general-placement-07-dirt\set-general-placement-07-dirt.g1mx
0xA0FB08A5,Plugins\FieldEditor4\LAND\RONIN_OBJECT03\MHE_TMD4\set-csl-goods-pot-02b-DES\obj-csl-goods-pot-02b-DES.g1cox
0xA1015D16,Plugins\FieldEditor4\LAND\RONIN_LIGHT\MHE_TMD4\set-s01-ykak-goods-light-01-DES\set-s01-ykak-goods-light-01-DES.g1p
0xA10F981D,Plugins\FieldEditor4\LAND\RONIN_OBJECT03\MHE_TMD4\set-s01-sakr-goods-dish04-DES\set-s01-sakr-goods-dish04-DES.g1mx
0xA111E17C,Plugins\FieldEditor4\LAND\RONIN_OBJECT03\MHE_TMD4\set-s01-ykp-signboard-01\set-s01-ykp-signboard-01.g1mx
0xA142971D,Plugins\FieldEditor4\LAND\DAYLIGHT_BAK_OBJECT\MHE_TMD4\set-bak-yukaku-goods-screen-02-DES\set-bak-yukaku-goods-screen-02-DES.g1cox
0xA14AE863,Plugins\FieldEditor4\LAND\RONIN_OBJECT03\MHE_TMD4\set-s02-ykhm-objects-00-stall-05-DES\set-s02-ykhm-objects-00-stall-05-DES.g1mx
0xA14DBD49,Plugins\FieldEditor4\LAND\TWILIGHT_OBJECT\MHE_TMD4\set-general-placement-02\set-general-placement-02.g1p
0xA161F12C,Plugins\FieldEditor4\LAND\RONIN_OBJECT\MHE_TMD4\set-s170-goods-vase-02-DES\set-s170-goods-vase-02-DES.g1p
0xA17381AF,Plugins\FieldEditor4\LAND\DAYLIGHT_BAK_LIGHT\MHE_TMD4\set-bak-hnj-BOSS-light-andon-01a-DES\set-bak-hnj-BOSS-light-andon-01a-DES.g1cox
0xA17ACEA7,Plugins\FieldEditor4\LAND\RONIN_OBJECT03\MHE_TMD4\set-s02-ykhm-objects-37-table02-DES\set-s02-ykhm-objects-37-table02-DES.g1cox
0xA1C41123,Plugins\FieldEditor4\LAND\RONIN_LIGHT\MHE_TMD4\set-csl-goods-light-04-DES\set-csl-goods-light-04-DES.g1p
0xA1D26977,Plugins\FieldEditor4\LAND\DRAFT_MODEL_CONTAINER\MHE_TMD4\set-s050-box-01\set-s050-box-01.g1p
0xA1DED400,Plugins\FieldEditor4\LAND\RONIN_LIGHT\MHE_TMD4\set-cmn-g-fire-01a\set-cmn-g-fire-01a.g1p
0xA1EEE84E,Plugins\FieldEditor4\LAND\RONIN_OBJECT\MHE_TMD4\set-s01-ykp-tableware-00-DES\set-s01-ykp-tableware-00-DES.g1mx
0xA1F46E47,Plugins\FieldEditor4\LAND\TWILIGHT_OBJECT\MHE_TMD4\set-S060-obj-f-01\set-S060-obj-f-01.g1p
0xA1FD1D3C,Plugins\FieldEditor4\LAND\RONIN_OBJECT\MHE_TMD4\set-csl-goods-vase-01-DES\set-csl-goods-vase-01-DES.g1cox
0xA1FFE73B,Plugins\FieldEditor4\LAND\DAYLIGHT_SEN_OBJECT\MHE_TMD4\set-sen-msk-building-pillar-01-DES\set-sen-msk-building-pillar-01-DES.g1cox
0xA208D7C5,Plugins\FieldEditor4\LAND\RONIN_OBJECT03\MHE_TMD4\set-csl-goods-weapon-09-DES\set-csl-goods-weapon-09-DES.g1mx
0xA2121683,Plugins\FieldEditor4\LAND\RONIN_OBJECT03\MHE_TMD4\set-s02-ykhm-objects-63-table05-DES\set-s02-ykhm-objects-63-table05-DES.g1cox
0xA21E7BA2,Plugins\FieldEditor4\LAND\RONIN_OBJECT03\MHE_TMD4\set-s02-ykhm-objects-14-box01-DES\set-s02-ykhm-objects-14-box01-DES.g1cox
0xA24CC141,Plugins\FieldEditor4\LAND\RONIN_OBJECT\MHE_TMD4\set-cmn-g-poison-01a-DES\set-cmn-g-poison-01a-DES.g1p
0xA2C99DA8,Plugins\FieldEditor4\LAND\TWILIGHT_OBJECT\MHE_TMD4\set-general-placement-06-bk\set-general-placement-06-bk.g1cox
0xA2D05369,Plugins\FieldEditor4\LAND\RONIN_OBJECT03\MHE_TMD4\set-s02-ykhm-objects-38-table03-DES\set-s02-ykhm-objects-38-table03-DES.g1cox
0xA2D281BE,Plugins\FieldEditor4\LAND\RONIN_OBJECT\MHE_TMD4\set-S01-dojo-goods-cloth-01\obj-S01-dojo-goods-cloth-01.g1cox
0xA2DB94B8,Plugins\FieldEditor4\LAND\RONIN_CMN_PLANTHICHI\MHE_TMD4\set-nature-field-vege-02c\set-nature-field-vege-02c.g1mx
0xA31FBAA9,Plugins\FieldEditor4\LAND\DAYLIGHT_SEN_HOUSE\MHE_TMD4\set-sen-ryt-temple-01-fence-DES\set-sen-ryt-temple-01-fence-DES.g1mx
0xA32EFEA3,Plugins\FieldEditor4\LAND\RONIN_OBJECT\MHE_TMD4\set-s170-goods-shelf-02-dest01-DES\set-s170-goods-shelf-02-dest01-DES.g1mx
0xA3331BA3,Plugins\FieldEditor4\LAND\RONIN_OBJECT\MHE_TMD4\set-csl-goods-A-pot-03-DES\set-csl-goods-A-pot-03-DES.g1p
0xA336BBBF,Plugins\FieldEditor4\LAND\RONIN_OBJECT03\MHE_TMD4\set-s02-edo-knd-obj-three-01-DES\set-s02-edo-knd-obj-three-01-DES.g1cox
0xA348E02B,Plugins\FieldEditor4\LAND\DAYLIGHT_SEN_OBJECT\MHE_TMD4\set-cmn-fusuma-04a-DES\set-cmn-fusuma-04a-DES.g1p
0xA35510FE,Plugins\FieldEditor4\LAND\DAYLIGHT_SEN_OBJECT\MHE_TMD4\set-sen-cmn-goods-tea-04-DES\set-sen-cmn-goods-tea-04-DES.g1mx
0xA3986AB0,Plugins\FieldEditor4\LAND\TWILIGHT_OBJECT\MHE_TMD4\set-S060-obj-f-01b-dt\set-S060-obj-f-01b-dt.g1mx
0xA39A5E39,Plugins\FieldEditor4\LAND\TWILIGHT_OBJECT\MHE_TMD4\set-general-placement-07-dirt-bk\set-general-placement-07-dirt-bk.g1mx
0xA39AA4B0,Plugins\FieldEditor4\LAND\RONIN_OBJECT03\MHE_TMD4\set-s02-ykhm-objects-00-flag16\set-s02-ykhm-objects-00-flag16.g1cox
0xA3DADF3A,Plugins\FieldEditor4\LAND\RONIN_OBJECT03\MHE_TMD4\set-s02-ykhm-objects-58-cabinet05-DES\set-s02-ykhm-objects-58-cabinet05-DES.g1mx
0xA3E5F96E,Plugins\FieldEditor4\LAND\RONIN_OBJECT\MHE_TMD4\set-s060-hole-goods-12\set-s060-hole-goods-12.g1p
0xA3EBA84F,Plugins\FieldEditor4\LAND\TWILIGHT_OBJECT\MHE_TMD4\set-s030-tana-01\set-s030-tana-01.g1p
0xA425D82B,Plugins\FieldEditor4\LAND\RONIN_OBJECT03\MHE_TMD4\set-s02-ykhm-objects-39-table04-DES\set-s02-ykhm-objects-39-table04-DES.g1cox
0xA4266312,Plugins\FieldEditor4\LAND\DAYLIGHT_CMN_GENERAL\MHE_TMD4\set-S130-barrel-gunpowder-02\set-S130-barrel-gunpowder-02.g1p
0xA43D5FA9,Plugins\FieldEditor4\LAND\RONIN_OBJECT03\MHE_TMD4\set-s01-goods-mask-02-DES\set-s01-goods-mask-02-DES.g1cox
0xA45C123D,Plugins\FieldEditor4\LAND\TWILIGHT_OBJECT\MHE_TMD4\set-s340-arms-hill-01\set-s340-arms-hill-01.g1cox
0xA4823D6E,Plugins\FieldEditor4\LAND\RONIN_OBJECT03\MHE_TMD4\set-s01-ykp-tableware-03-DES\set-s01-ykp-tableware-03-DES.g1mx
0xA496396A,Plugins\FieldEditor4\LAND\RONIN_OBJECT03\MHE_TMD4\set-s01-sks-weapon-01a\set-s01-sks-weapon-01a.g1cox
0xA49B9371,Plugins\FieldEditor4\LAND\RONIN_OBJECT03\MHE_TMD4\set-ykak-goods-chair-03-DES\set-ykak-goods-chair-03-DES.g1p
0xA4C3219A,Plugins\FieldEditor4\LAND\TWILIGHT_OBJECT\MHE_TMD4\set-S800-bowl-03\set-S800-bowl-03.g1p
0xA4CED914,Plugins\FieldEditor4\LAND\RONIN_OBJECT03\MHE_TMD4\set-s01-ykp-shop-drug-object-06a\set-s01-ykp-shop-drug-object-06a.g1mx
0xA4E40B69,Plugins\FieldEditor4\LAND\RONIN_OBJECT03\MHE_TMD4\set-s02-ykhm-objects-00-stall-02-DES\set-s02-ykhm-objects-00-stall-02-DES.g1p
0xA4E480C5,Plugins\FieldEditor4\LAND\RONIN_OBJECT03\MHE_TMD4\set-s01-ykp-shop-drug-object-15a-DES\set-s01-ykp-shop-drug-object-15a-DES.g1cox
0xA51657F5,Plugins\FieldEditor4\LAND\RONIN_OBJECT\MHE_TMD4\set-s01-ysk-objects-00-jars01-DES\set-s01-ysk-objects-00-jars01-DES.g1mx
0xA563DC60,Plugins\FieldEditor4\LAND\DAYLIGHT_BAK_OBJECT\MHE_TMD4\set-bak-abu-goods-02-DES\set-bak-abu-goods-02-DES.g1mx
0xA58020E2,Plugins\FieldEditor4\LAND\RONIN_OBJECT03\MHE_TMD4\set-s01-china-goods-vial-01c-DES\set-s01-china-goods-vial-01c-DES.g1p
0xA5B80ABB,Plugins\FieldEditor4\LAND\DAYLIGHT_CMN_HELL\MHE_TMD4\set-hell-sotoba-02\set-hell-sotoba-02.g1mx
0xA5CC8C49,Plugins\FieldEditor4\LAND\RONIN_OBJECT03\MHE_TMD4\set-s01-sks-weapon-01b\set-s01-sks-weapon-01b.g1cox
0xA608BE21,Plugins\FieldEditor4\LAND\RONIN_OBJECT\MHE_TMD4\set-csl-goods-shelf-04-dest01-DES\set-csl-goods-shelf-04-dest01-DES.g1cox
0xA62A18EB,Plugins\FieldEditor4\LAND\DAYLIGHT_SEN_OBJECT\MHE_TMD4\set-MS-sen-htmt-coral-02b-DES\set-MS-sen-htmt-coral-02b-DES.g1cox
0xA65D7908,Plugins\FieldEditor4\LAND\RONIN_OBJECT03\MHE_TMD4\set-cmn-obj-scarecrow-01\set-cmn-obj-scarecrow-01.g1p
0xA6714A23,Plugins\FieldEditor4\LAND\RONIN_OBJECT03\MHE_TMD4\set-EX-office-bottle01-DES\set-EX-office-bottle01-DES.g1p
0xA6909F4F,Plugins\FieldEditor4\LAND\DAYLIGHT_CMN_PLANTINS\MHE_TMD4\set-dyl-tree-boss-small-02-DES-i\set-dyl-tree-boss-small-02-DES-i.g1p
0xA6930940,Plugins\FieldEditor4\LAND\DAYLIGHT_SEN_OBJECT\MHE_TMD4\set-sen-cmn-goods-tea-02-DES\set-sen-cmn-goods-tea-02-DES.g1mx
0xA6CD0AB0,Plugins\FieldEditor4\LAND\TWILIGHT_OBJECT\MHE_TMD4\set-general-goods-byobu-01\set-general-goods-byobu-01.g1cox
0xA6E03839,Plugins\FieldEditor4\LAND\TWILIGHT_OBJECT\MHE_TMD4\set-s060-hole-goods-04\set-s060-hole-goods-04.g1p
0xA6F9C28F,Plugins\FieldEditor4\LAND\DAYLIGHT_SEN_OBJECT\MHE_TMD4\set-cmn-fusuma-01b-DES\set-cmn-fusuma-01b-DES.g1p
0xA713B6D1,Plugins\FieldEditor4\LAND\RONIN_OBJECT03\MHE_TMD4\set-s02-ykhm-objects-00-bag01-DES\set-s02-ykhm-objects-00-bag01-DES.g1mx
0xA71FBEC9,Plugins\FieldEditor4\LAND\TWILIGHT_OBJECT\MHE_TMD4\set-s010-bg-gm-08\set-s010-bg-gm-08.g1p
0xA73D6871,Plugins\FieldEditor4\LAND\DAYLIGHT_CMN_PLANTHICHI\MHE_TMD4\set-dyl-tree-boss-small-02-DES\set-dyl-tree-boss-small-02-DES.g1p
0xA7651970,Plugins\FieldEditor4\LAND\RONIN_OBJECT\MHE_TMD4\set-csl-goods-screen-04-DES\set-csl-goods-screen-04-DES.g1cox
0xA7AD9148,Plugins\FieldEditor4\LAND\RONIN_OBJECT\MHE_TMD4\set-csl-goods-pail-04-DES\set-csl-goods-pail-04-DES.g1cox
0xA7CA1DC3,Plugins\FieldEditor4\LAND\RONIN_OBJECT\MHE_TMD4\set-csl-goods-tea-01-DES\set-csl-goods-tea-01-DES.g1cox
0xA7CC2B18,Plugins\FieldEditor4\LAND\TWILIGHT_OBJECT\MHE_TMD4\set-s010-bg-gm-13-dest\set-s010-bg-gm-13-dest.g1mx
0xA824AB42,Plugins\FieldEditor4\LAND\RONIN_OBJECT03\MHE_TMD4\set-s01-china-goods-vial-01g-DES\set-s01-china-goods-vial-01g-DES.g1cox
0xA82A1671,Plugins\FieldEditor4\LAND\RONIN_OBJECT03\MHE_TMD4\set-s01-ykp-shop-kajiya-object-20a-DES\set-s01-ykp-shop-kajiya-object-20a-DES.g1mx
0xA836E08C,Plugins\FieldEditor4\LAND\RONIN_OBJECT\MHE_TMD4\set-s01-ysk-objects-00-rope02\set-s01-ysk-objects-00-rope02.g1mx
0xA8474C00,Plugins\FieldEditor4\LAND\RONIN_OBJECT03\MHE_TMD4\set-s02-kdc-objects-torture-16b-DES\set-s02-kdc-objects-torture-16b-DES.g1p
0xA8894CF3,Plugins\FieldEditor4\LAND\DAYLIGHT_EDO_OBJECT\MHE_TMD4\set-edo-edojo-box-02-DES\set-edo-edojo-box-02-DES.g1p
0xA8CCDBA5,Plugins\FieldEditor4\LAND\RONIN_OBJECT03\MHE_TMD4\set-s01-ykp-shop-kajiya-object-07a-DES\set-s01-ykp-shop-kajiya-object-07a-DES.g1cox
0xA8D2D1B7,Plugins\FieldEditor4\LAND\RONIN_OBJECT\MHE_TMD4\set-s01-ykp-tableware-04-DES\set-s01-ykp-tableware-04-DES.g1p
0xA91AD273,Plugins\FieldEditor4\LAND\RONIN_OBJECT03\MHE_TMD4\set-s170-goods-box-02-DES\set-s170-goods-box-02-DES.g1cox
0xA927ED0A,Plugins\FieldEditor4\LAND\RONIN_OBJECT03\MHE_TMD4\set-csl-goods-table-02-DES\set-csl-goods-table-02-DES.g1mx
0xA95CE772,Plugins\FieldEditor4\LAND\TWILIGHT_OBJECT\MHE_TMD4\set-general-placement-07\set-general-placement-07.g1cox
0xA9897C81,Plugins\FieldEditor4\LAND\RONIN_OBJECT\MHE_TMD4\set-cmn-gissha-04\set-cmn-gissha-04.g1cox
0xA9A97FC7,Plugins\FieldEditor4\LAND\RONIN_LIGHT\MHE_TMD4\set-csl-goods-light-04-DES\set-csl-goods-light-04-DES.g1cox
0xA9AE3837,Plugins\FieldEditor4\LAND\RONIN_OBJECT\MHE_TMD4\set-s01-ysk-objects-00-jars04-DES\set-s01-ysk-objects-00-jars04-DES.g1p
0xA9D9FBCC,Plugins\FieldEditor4\LAND\RONIN_OBJECT\MHE_TMD4\set-s01-ykp-shop-drug-object-25a-DES\set-s01-ykp-shop-drug-object-25a-DES.g1mx
0xA9DB909D,Plugins\FieldEditor4\LAND\RONIN_LIGHT\MHE_TMD4\set-csl-goods-light-03a-DES\set-csl-goods-light-03a-DES.g1p
0xA9EAE3BF,Plugins\FieldEditor4\LAND\RONIN_OBJECT03\MHE_TMD4\set-s01-ykp-shop-kajiya-object-34a-DES\set-s01-ykp-shop-kajiya-object-34a-DES.g1cox
0xAA3AD0F3,Plugins\FieldEditor4\LAND\RONIN_LIGHT\MHE_TMD4\set-s170-goods-light-05\set-s170-goods-light-05.g1p
0xAA47CAC1,Plugins\FieldEditor4\LAND\RONIN_OBJECT03\MHE_TMD4\set-s02-ykhm-objects-36-table01-DES\set-s02-ykhm-objects-36-table01-DES.g1p
0xAA760BF1,Plugins\FieldEditor4\LAND\RONIN_OBJECT03\MHE_TMD4\set-EX-kitchen-bench02-DES\set-EX-kitchen-bench02-DES.g1mx
0xAA7E0666,Plugins\FieldEditor4\LAND\TWILIGHT_LIGHT\MHE_TMD4\set-S300-andon-t00a\set-S300-andon-t00a.g1p
0xAA8381B7,Plugins\FieldEditor4\LAND\DAYLIGHT_SEN_HOUSE\MHE_TMD4\set-sen-cmn-hotel-window-01-DES\set-sen-cmn-hotel-window-01-DES.g1p
0xAA933A51,Plugins\FieldEditor4\LAND\TWILIGHT_OBJECT\MHE_TMD4\set-general-placement-17\set-general-placement-17.g1cox
0xAAC6A065,Plugins\FieldEditor4\LAND\RONIN_OBJECT\MHE_TMD4\set-cmn-g-poison-01a-DES\set-cmn-g-poison-01a-DES.g1cox
0xAAF28152,Plugins\FieldEditor4\LAND\RONIN_OBJECT\MHE_TMD4\set-s060-hole-goods-12\set-s060-hole-goods-12.g1cox
0xAB239BF6,Plugins\FieldEditor4\LAND\TWILIGHT_OBJECT\MHE_TMD4\set-s010-bg-gm-12-dest\set-s010-bg-gm-12-dest.g1cox
0xAB62A384,Plugins\FieldEditor4\LAND\RONIN_OBJECT03\MHE_TMD4\set-s01-china-goods-vial-01e-DES\set-s01-china-goods-vial-01e-DES.g1cox
0xAB703E56,Plugins\FieldEditor4\LAND\RONIN_OBJECT\MHE_TMD4\set-csl-goods-shelf-04-DES\set-csl-goods-shelf-04-DES.g1p
0xAB8BA243,Plugins\FieldEditor4\LAND\RONIN_OBJECT\MHE_TMD4\set-s01-ykp-shop-kajiya-object-19a-DES\set-s01-ykp-shop-kajiya-object-19a-DES.g1cox
0xAB93C9A7,Plugins\FieldEditor4\LAND\DAYLIGHT_SEN_OBJECT\MHE_TMD4\set-sen-cmn-kajiya-object-01a-DES\set-sen-cmn-kajiya-object-01a-DES.g1p
0xABCD77F0,Plugins\FieldEditor4\LAND\TWILIGHT_OBJECT\MHE_TMD4\set-general-placement-07-dirt-bk\set-general-placement-07-dirt-bk.g1p
0xAC4D8FED,Plugins\FieldEditor4\LAND\RONIN_OBJECT03\MHE_TMD4\set-s01-ykp-red-Lantern-01-DES\set-s01-ykp-red-Lantern-01-DES.g1cox
0xACC8630B,Plugins\FieldEditor4\LAND\DAYLIGHT_SEN_OBJECT\MHE_TMD4\set-sen-you-goods-shugen-12-DES\set-sen-you-goods-shugen-12-DES.g1cox
0xAD21D9B0,Plugins\FieldEditor4\LAND\RONIN_OBJECT03\MHE_TMD4\set-s01-ysk-objects-00-woodbox03-DES\set-s01-ysk-objects-00-woodbox03-DES.g1mx
0xAD24BDDD,Plugins\FieldEditor4\LAND\RONIN_LIGHT\MHE_TMD4\set-csl-goods-candle-01-DES\set-csl-goods-candle-01-DES.g1p
0xAD324352,Plugins\FieldEditor4\LAND\DAYLIGHT_CMN_GENERAL\MHE_TMD4\set-GGT-hei-s0310-bamboo-M-01-DES\set-GGT-hei-s0310-bamboo-M-01-DES.g1mx
0xAD8B32F3,Plugins\FieldEditor4\LAND\DAYLIGHT_CMN_PLANTINS\MHE_TMD4\set-dyl-tree-boss-small-02-DES-i\set-dyl-tree-boss-small-02-DES-i.g1cox
0xADC95CB0,Plugins\FieldEditor4\LAND\DAYLIGHT_CMN_GENERAL\MHE_TMD4\set-MS-gdt-sen-brokenrock-01\set-MS-gdt-sen-brokenrock-01.g1p
0xADF7553F,Plugins\FieldEditor4\LAND\RONIN_OBJECT\MHE_TMD4\set-s01-ykp-port-goods-02-DES\set-s01-ykp-port-goods-02-DES.g1p
0xAE1DF559,Plugins\FieldEditor4\LAND\RONIN_OBJECT03\MHE_TMD4\set-cmn-mib-flag-01b\set-cmn-mib-flag-01b.g1mx
0xAE30AB38,Plugins\FieldEditor4\LAND\RONIN_OBJECT\MHE_TMD4\set-cmn-mib-objects-04-DES\set-cmn-mib-objects-04-DES.g1p
0xAE4705F9,Plugins\FieldEditor4\LAND\DAYLIGHT_BAK_OBJECT\MHE_TMD4\set-bak-yukaku-goods-screen-02-DES\set-bak-yukaku-goods-screen-02-DES.g1p
0xAE6979CC,Plugins\FieldEditor4\LAND\RONIN_OBJECT\MHE_TMD4\set-csl-goods-shelf-04-dest01-DES\set-csl-goods-shelf-04-dest01-DES.g1mx
0xAE78CFD2,Plugins\FieldEditor4\LAND\RONIN_OBJECT03\MHE_TMD4\set-s03-kin-flag-02a\set-s03-kin-flag-02a.g1cox
0xAE7AE48B,Plugins\FieldEditor4\LAND\RONIN_OBJECT03\MHE_TMD4\set-s01-china-goods-vial-01g-DES\set-s01-china-goods-vial-01g-DES.g1mx
0xAE920C7B,Plugins\FieldEditor4\LAND\RONIN_OBJECT\MHE_TMD4\set-s060-hole-goods-12\set-s060-hole-goods-12.g1mx
0xAE9D3E80,Plugins\FieldEditor4\LAND\RONIN_OBJECT03\MHE_TMD4\set-s01-ykp-red-Lantern-01-DES\set-s01-ykp-red-Lantern-01-DES.g1mx
0xAEA09BC6,Plugins\FieldEditor4\LAND\RONIN_OBJECT03\MHE_TMD4\set-s01-china-goods-vial-01c-DES\set-s01-china-goods-vial-01c-DES.g1cox
0xAEDB58E5,Plugins\FieldEditor4\LAND\RONIN_OBJECT\MHE_TMD4\set-s01-ykp-goods-02-DES\set-s01-ykp-goods-02-DES.g1mx
0xAF285C65,Plugins\FieldEditor4\LAND\TWILIGHT_OBJECT\MHE_TMD4\set-general-placement-18-bk\set-general-placement-18-bk.g1p
0xAF4239BA,Plugins\FieldEditor4\LAND\TWILIGHT_OBJECT\MHE_TMD4\set-s030-tana-01\set-s030-tana-01.g1mx
0xAFD81449,Plugins\FieldEditor4\LAND\RONIN_OBJECT03\MHE_TMD4\set-cmn-kyt-shrine-flag-02a\set-cmn-kyt-shrine-flag-02a.g1cox
0xAFF958E2,Plugins\FieldEditor4\LAND\RONIN_OBJECT03\MHE_TMD4\set-s02-ykhm-objects-00-stall-04-DES\set-s02-ykhm-objects-00-stall-04-DES.g1mx
0xB006B638,Plugins\FieldEditor4\LAND\RONIN_LIGHT\MHE_TMD4\set-cmn-kyt-light-03\set-cmn-kyt-light-03.g1p
0xB01571EE,Plugins\FieldEditor4\LAND\RONIN_OBJECT\MHE_TMD4\set-s01-sksh-wood-objects-01a-DES\set-s01-sksh-wood-objects-01a-DES.g1cox
0xB03648F8,Plugins\FieldEditor4\LAND\TWILIGHT_OBJECT\MHE_TMD4\set-s050-box-06\set-s050-box-06.g1mx
0xB0571EE5,Plugins\FieldEditor4\LAND\RONIN_OBJECT\MHE_TMD4\set-s01-hod-inn-objects-00-basket01\set-s01-hod-inn-objects-00-basket01.g1p
0xB05A67B4,Plugins\FieldEditor4\LAND\DAYLIGHT_CMN_GENERAL\MHE_TMD4\set-MS-FAB-general-rollingsnowball-01\set-MS-FAB-general-rollingsnowball-01.g1mx
0xB07CE4E8,Plugins\FieldEditor4\LAND\RONIN_OBJECT\MHE_TMD4\set-s170-goods-tea-03-DES\set-s170-goods-tea-03-DES.g1p
0xB09FA37C,Plugins\FieldEditor4\LAND\DAYLIGHT_BAK_HELL\MHE_TMD4\set-bak-cmn-hell-needle-01b-DES\set-bak-cmn-hell-needle-01b-DES.g1cox
0xB0C756DA,Plugins\FieldEditor4\LAND\RONIN_OBJECT03\MHE_TMD4\set-s01-sakr-objects-fusuma00-02-DES\set-s01-sakr-objects-fusuma00-02-DES.g1mx
0xB0CF7E8F,Plugins\FieldEditor4\LAND\DAYLIGHT_CMN_GENERAL\MHE_TMD4\set-MS-gdt-syugorei-wall-M01\set-MS-gdt-syugorei-wall-M01.g1mx
0xB0E016C9,Plugins\FieldEditor4\LAND\RONIN_OBJECT03\MHE_TMD4\set-s02-ykhm-objects-00-sign05-DES\set-s02-ykhm-objects-00-sign05-DES.g1p
0xB10BFF95,Plugins\FieldEditor4\LAND\DAYLIGHT_SEN_OBJECT\MHE_TMD4\set-hre-fusuma-03a-DES\set-hre-fusuma-03a-DES.g1p
0xB15056A8,Plugins\FieldEditor4\LAND\RONIN_OBJECT\MHE_TMD4\set-csl-goods-pail-01-DES\set-csl-goods-pail-01-DES.g1mx
0xB16C1277,Plugins\FieldEditor4\LAND\DAYLIGHT_EDO_OBJECT\MHE_TMD4\set-edo-edojo-box-01-DES\set-edo-edojo-box-01-DES.g1mx
0xB17894CF,Plugins\FieldEditor4\LAND\RONIN_OBJECT\MHE_TMD4\set-cmn-g-bell-L00-DES\set-cmn-g-bell-L00-DES.g1mx
0xB1C7AD10,Plugins\FieldEditor4\LAND\DAYLIGHT_CMN_GENERAL\MHE_TMD4\set-GGT-hei-s0310-bamboo-M-03-DES\set-GGT-hei-s0310-bamboo-M-03-DES.g1mx
0xB1DE9408,Plugins\FieldEditor4\LAND\RONIN_OBJECT03\MHE_TMD4\set-s01-china-goods-vial-01a-DES\set-s01-china-goods-vial-01a-DES.g1cox
0xB1E59850,Plugins\FieldEditor4\LAND\DAYLIGHT_SEN_NATURE\MHE_TMD4\set-dyl-grass-toutyukasou-01-DES\set-dyl-grass-toutyukasou-01-DES.g1cox
0xB1F75F35,Plugins\FieldEditor4\LAND\RONIN_OBJECT03\MHE_TMD4\set-s01-ry-goods-vase-01-DES\set-s01-ry-goods-vase-01-DES.g1mx
0xB207CE9E,Plugins\FieldEditor4\LAND\RONIN_OBJECT\MHE_TMD4\set-cmn-g-throwdonou-01-DES\set-cmn-g-throwdonou-01-DES.g1mx
0xB2112DD0,Plugins\FieldEditor4\LAND\TWILIGHT_OBJECT\MHE_TMD4\set-s010-hill-stone-06\set-s010-hill-stone-06.g1p
0xB2164BB4,Plugins\FieldEditor4\LAND\DAYLIGHT_SEN_OBJECT\MHE_TMD4\set-sen-cmn-tea-house-signboard-DES\set-sen-cmn-tea-house-signboard-DES.g1cox
0xB224150A,Plugins\FieldEditor4\LAND\RONIN_OBJECT\MHE_TMD4\set-cmn-g-s02-edo-knd-obj-01a-DES\set-cmn-g-s02-edo-knd-obj-01a-DES.g1p
0xB2299E19,Plugins\FieldEditor4\LAND\RONIN_OBJECT03\MHE_TMD4\set-s810-tresure-dish-06-DES\set-s810-tresure-dish-06-DES.g1cox
0xB2318E38,Plugins\FieldEditor4\LAND\RONIN_OBJECT03\MHE_TMD4\set-s01-ysk-objects-00-cabinets10-DES\set-s01-ysk-objects-00-cabinets10-DES.g1p
0xB2760F61,Plugins\FieldEditor4\LAND\RONIN_OBJECT03\MHE_TMD4\set-s02-edo-ysw-objects-bonsai-01a-DES\set-s02-edo-ysw-objects-bonsai-01a-DES.g1cox
0xB2B295CE,Plugins\FieldEditor4\LAND\DAYLIGHT_SEN_HOUSE\MHE_TMD4\set-sen-sai-build-pillar-01-DES\set-sen-sai-build-pillar-01-DES.g1p
0xB2C90D6A,Plugins\FieldEditor4\LAND\RONIN_OBJECT\MHE_TMD4\set-s01-ykp-shop-kajiya-obj-01\set-s01-ykp-shop-kajiya-obj-01.g1mx
0xB2D8B66E,Plugins\FieldEditor4\LAND\RONIN_OBJECT\MHE_TMD4\set-s01-hod-inn-objects-00-bucket02\set-s01-hod-inn-objects-00-bucket02.g1cox
0xB2DEF706,Plugins\FieldEditor4\LAND\RONIN_OBJECT\MHE_TMD4\set-s170-goods-pail-04-break-DES\set-s170-goods-pail-04-break-DES.g1cox
0xB3007052,Plugins\FieldEditor4\LAND\RONIN_OBJECT03\MHE_TMD4\set-s02-ykhm-objects-11-bin01-DES\set-s02-ykhm-objects-11-bin01-DES.g1mx
0xB305ADEC,Plugins\FieldEditor4\LAND\RONIN_OBJECT03\MHE_TMD4\set-cmn-kyt-objects-lifegoods-01a-DES\set-cmn-kyt-objects-lifegoods-01a-DES.g1mx
0xB30EEDC0,Plugins\FieldEditor4\LAND\RONIN_OBJECT\MHE_TMD4\set-bky-temple-shoji-03b-DES\set-bky-temple-shoji-03b-DES.g1mx
0xB3111D2D,Plugins\FieldEditor4\LAND\DAYLIGHT_SEN_OBJECT\MHE_TMD4\set-sen-cmn-goods-tea-02-DES\set-sen-cmn-goods-tea-02-DES.g1cox
0xB31F8688,Plugins\FieldEditor4\LAND\RONIN_OBJECT03\MHE_TMD4\set-EX-kitchen-table06\set-EX-kitchen-table06.g1p
0xB3633B6E,Plugins\FieldEditor4\LAND\TWILIGHT_OBJECT\MHE_TMD4\set-general-placement-18\set-general-placement-18.g1p
0xB378C497,Plugins\FieldEditor4\LAND\RONIN_OBJECT\MHE_TMD4\set-s01-ykp-shop-kajiya-object-11a-DES\set-s01-ykp-shop-kajiya-object-11a-DES.g1p
0xB38D8C7C,Plugins\FieldEditor4\LAND\DAYLIGHT_SEN_HOUSE\MHE_TMD4\set-sen-cmn-hotel-door-04-DES\set-sen-cmn-hotel-door-04-DES.g1p
0xB3994730,Plugins\FieldEditor4\LAND\RONIN_OBJECT03\MHE_TMD4\set-s01-hod-inn-door-02b-break02-DES\set-s01-hod-inn-door-02b-break02-DES.g1cox
0xB39B26DF,Plugins\FieldEditor4\LAND\RONIN_OBJECT03\MHE_TMD4\set-s02-ykhm-objects-63-table05-DES\set-s02-ykhm-objects-63-table05-DES.g1p
0xB3B82050,Plugins\FieldEditor4\LAND\DAYLIGHT_CMN_GENERAL\MHE_TMD4\set-gdt-hei-hell-ice-01a-DES\set-gdt-hei-hell-ice-01a-DES.g1mx
0xB3BCBDB3,Plugins\FieldEditor4\LAND\TWILIGHT_OBJECT\MHE_TMD4\set-s010-bg-gm-02\set-s010-bg-gm-02.g1cox
0xB3C73064,Plugins\FieldEditor4\LAND\DRAFT_MODEL_CONTAINER\MHE_TMD4\set-general-placement-16-bk\set-general-placement-16-bk.g1p
0xB3C9855B,Plugins\FieldEditor4\LAND\RONIN_OBJECT03\MHE_TMD4\set-s010-furnace-goods00-DES\set-s010-furnace-goods00-DES.g1cox
0xB3D2C228,Plugins\FieldEditor4\LAND\RONIN_OBJECT\MHE_TMD4\set-s01-ykp-goods-02-DES\set-s01-ykp-goods-02-DES.g1cox
0xB445E1FD,Plugins\FieldEditor4\LAND\DAYLIGHT_SEN_OBJECT\MHE_TMD4\set-sen-cha-shelf-01-DES\set-sen-cha-shelf-01-DES.g1mx
0xB46C77C4,Plugins\FieldEditor4\LAND\RONIN_OBJECT\MHE_TMD4\set-s01-ykp-goods-02-DES\set-s01-ykp-goods-02-DES.g1p
0xB478D315,Plugins\FieldEditor4\LAND\DAYLIGHT_CMN_GENERAL\MHE_TMD4\set-MS-FAB-general-rollingsnowball-01\set-MS-FAB-general-rollingsnowball-01.g1p
0xB56DA55B,Plugins\FieldEditor4\LAND\RONIN_OBJECT\MHE_TMD4\set-s01-ykp-objects-16-radish02-DES\set-s01-ykp-objects-16-radish02-DES.g1mx
0xB57618AA,Plugins\FieldEditor4\LAND\TWILIGHT_OBJECT\MHE_TMD4\set-s010-bg-gm-07\set-s010-bg-gm-07.g1p
0xB57691C6,Plugins\FieldEditor4\LAND\RONIN_OBJECT\MHE_TMD4\set-s170-goods-pail-03-DES\set-s170-goods-pail-03-DES.g1cox
0xB58E1C33,Plugins\FieldEditor4\LAND\TWILIGHT_OBJECT\MHE_TMD4\set-s010-hill-stone-05\set-s010-hill-stone-05.g1cox
0xB5972AB1,Plugins\FieldEditor4\LAND\RONIN_OBJECT\MHE_TMD4\set-s01-ykp-shop-kajiya-object-01a-DES\set-s01-ykp-shop-kajiya-object-01a-DES.g1mx
0xB5A7A6FE,Plugins\FieldEditor4\LAND\DAYLIGHT_CMN_GENERAL\MHE_TMD4\set-gatling-01-GADGET\set-gatling-01-GADGET.g1mx
0xB5EBD8F0,Plugins\FieldEditor4\LAND\DAYLIGHT_CMN_PLANTHICHI\MHE_TMD4\set-dyl-tree-boss-small-01-DES\set-dyl-tree-boss-small-01-DES.g1p
0xB637BFE0,Plugins\FieldEditor4\LAND\RONIN_OBJECT\MHE_TMD4\set-s01-ysk-objects-00-wood01-DES\set-s01-ysk-objects-00-wood01-DES.g1mx
0xB658A29E,Plugins\FieldEditor4\LAND\RONIN_OBJECT\MHE_TMD4\set-s01-ysk-objects-00-cabinets08-DES\set-s01-ysk-objects-00-cabinets08-DES.g1p
0xB65ED757,Plugins\FieldEditor4\LAND\DAYLIGHT_CMN_GENERAL\MHE_TMD4\set-S130-barrel-gunpowder-02\set-S130-barrel-gunpowder-02.g1mx
0xB660A2FD,Plugins\FieldEditor4\LAND\RONIN_OBJECT03\MHE_TMD4\set-csl-goods-pot-06b-DES\obj-csl-goods-pot-06b-DES.g1p
0xB674145A,Plugins\FieldEditor4\LAND\RONIN_OBJECT\MHE_TMD4\set-s02-ykhm-objects-16-blinds00-DES\set-s02-ykhm-objects-16-blinds00-DES.g1mx
0xB681CEC8,Plugins\FieldEditor4\LAND\RONIN_OBJECT03\MHE_TMD4\set-csl-goods-pot-02b-DES\obj-csl-goods-pot-02b-DES.g1mx
0xB69BF682,Plugins\FieldEditor4\LAND\RONIN_OBJECT03\MHE_TMD4\set-s02-ykhm-objects-39-table04-DES\set-s02-ykhm-objects-39-table04-DES.g1mx
0xB6A08F71,Plugins\FieldEditor4\LAND\TWILIGHT_OBJECT\MHE_TMD4\set-S350-haniwa-a03\set-S350-haniwa-a03.g1cox
0xB6AC9DC2,Plugins\FieldEditor4\LAND\DAYLIGHT_SEN_OBJECT\MHE_TMD4\set-MS-sen-htmt-coral-02b-DES\set-MS-sen-htmt-coral-02b-DES.g1mx
0xB6B1DF5D,Plugins\FieldEditor4\LAND\TWILIGHT_OBJECT\MHE_TMD4\set-general-goods-byobu-01\set-general-goods-byobu-01.g1mx
0xB6DB5689,Plugins\FieldEditor4\LAND\RONIN_OBJECT03\MHE_TMD4\set-s01-sakr-goods-dish01-DES\set-s01-sakr-goods-dish01-DES.g1p
0xB702FD11,Plugins\FieldEditor4\LAND\DAYLIGHT_BAK_HELL\MHE_TMD4\set-bak-cmn-hell-needle-01b-DES\set-bak-cmn-hell-needle-01b-DES.g1mx
0xB71B12AE,Plugins\FieldEditor4\LAND\RONIN_OBJECT03\MHE_TMD4\set-s02-edo-ysw-object-folding-screen-01-DES\set-s02-edo-ysw-object-folding-screen-01-DES.g1p
0xB74AFB3E,Plugins\FieldEditor4\LAND\RONIN_OBJECT03\MHE_TMD4\set-s01-ysk-shoji-01-ref-break01-DES\set-s01-ysk-shoji-01-ref-break01-DES.g1mx
0xB7591736,Plugins\FieldEditor4\LAND\RONIN_OBJECT03\MHE_TMD4\set-cmn-mib-flag-03b\set-cmn-mib-flag-03b.g1cox
0xB763D4C2,Plugins\FieldEditor4\LAND\RONIN_OBJECT\MHE_TMD4\set-s02-ykhm-objects-00-dish07-DES\set-s02-ykhm-objects-00-dish07-DES.g1mx
0xB77230B1,Plugins\FieldEditor4\LAND\DAYLIGHT_BAK_OBJECT\MHE_TMD4\set-bak-yukaku-goods-screen-01-DES\set-bak-yukaku-goods-screen-01-DES.g1mx
0xB7857830,Plugins\FieldEditor4\LAND\RONIN_OBJECT03\MHE_TMD4\set-s01-ykp-flag-02b\set-s01-ykp-flag-02b.g1mx
0xB78F23DF,Plugins\FieldEditor4\LAND\RONIN_OBJECT02\MHE_TMD4\set-csl-goods-shoji-01-DES\set-csl-goods-shoji-01-DES.g1mx
0xB7BF925F,Plugins\FieldEditor4\LAND\DAYLIGHT_CMN_GENERAL\MHE_TMD4\set-cmn-gdt-syugorei-rock-M01\set-cmn-gdt-syugorei-rock-M01.g1p
0xB7E670FD,Plugins\FieldEditor4\LAND\RONIN_OBJECT03\MHE_TMD4\set-s170-goods-cloth-10-DES\set-s170-goods-cloth-10-DES.g1p
0xB81FA199,Plugins\FieldEditor4\LAND\RONIN_OBJECT03\MHE_TMD4\set-s170-goods-vase-01-DES\set-s170-goods-vase-01-DES.g1mx
0xB84D5F62,Plugins\FieldEditor4\LAND\DAYLIGHT_SEN_OBJECT\MHE_TMD4\set-sen-msk-ruins-DES-01\set-sen-msk-ruins-DES-01.g1cox
0xB863EE61,Plugins\FieldEditor4\LAND\RONIN_OBJECT\MHE_TMD4\set-s02-edo-ysw-object-kimono-01-DES\set-s02-edo-ysw-object-kimono-01-DES.g1p
0xB86E7F08,Plugins\FieldEditor4\LAND\RONIN_OBJECT\MHE_TMD4\set-s01-ykp-shop-goods-01a-DES\set-s01-ykp-shop-goods-01a-DES.g1cox
0xB8968821,Plugins\FieldEditor4\LAND\RONIN_OBJECT\MHE_TMD4\set-s01-china-goods-chair-01a-DES\set-s01-china-goods-chair-01a-DES.g1mx
0xB8BF09CE,Plugins\FieldEditor4\LAND\RONIN_OBJECT03\MHE_TMD4\set-csl-goods-screen-03-DES\set-csl-goods-screen-03-DES.g1p
0xB8E24C15,Plugins\FieldEditor4\LAND\RONIN_OBJECT03\MHE_TMD4\set-s050-box-05\set-s050-box-05.g1p
0xB8F08EE4,Plugins\FieldEditor4\LAND\RONIN_OBJECT\MHE_TMD4\set-csl-goods-pail-04-DES\set-csl-goods-pail-04-DES.g1p
0xB8F219B3,Plugins\FieldEditor4\LAND\DAYLIGHT_SEN_OBJECT\MHE_TMD4\set-hre-fusuma-02a-DES\set-hre-fusuma-02a-DES.g1mx
0xB9159EA3,Plugins\FieldEditor4\LAND\DAYLIGHT_SEN_HOUSE\MHE_TMD4\set-sen-ryt-temple-01-door-02-DES\set-sen-ryt-temple-01-door-02-DES.g1p
0xB91BE282,Plugins\FieldEditor4\LAND\RONIN_LIGHT\MHE_TMD4\set-ykak-tourou-02-DES\set-ykak-tourou-02-DES.g1mx
0xB92CB7C9,Plugins\FieldEditor4\LAND\TWILIGHT_OBJECT\MHE_TMD4\set-S060-obj-f-01b\set-S060-obj-f-01b.g1p
0xB9576AEF,Plugins\FieldEditor4\LAND\RONIN_OBJECT03\MHE_TMD4\set-s01-ysk-shoji-01-ref-break01-DES\set-s01-ysk-shoji-01-ref-break01-DES.g1cox
0xB9945E16,Plugins\FieldEditor4\LAND\TWILIGHT_LIGHT\MHE_TMD4\set-bonfire-bamboo-01\set-bonfire-bamboo-01.g1mx
0xB9A48C1B,Plugins\FieldEditor4\LAND\RONIN_OBJECT\MHE_TMD4\set-csl-goods-weapon-spear-DES\set-csl-goods-weapon-spear-DES.g1p
0xB9C12F8C,Plugins\FieldEditor4\LAND\TWILIGHT_PLANTHICHI\MHE_TMD4\set-s050-tree-boss-small-01\set-s050-tree-boss-small-01.g1cox
0xB9CB256E,Plugins\FieldEditor4\LAND\RONIN_OBJECT03\MHE_TMD4\set-s02-ykhm-objects-10-woodbox02-DES\set-s02-ykhm-objects-10-woodbox02-DES.g1p
0xB9CED518,Plugins\FieldEditor4\LAND\TWILIGHT_OBJECT\MHE_TMD4\set-S800-bowl-01\set-S800-bowl-01.g1p
0xB9F6D831,Plugins\FieldEditor4\LAND\RONIN_OBJECT\MHE_TMD4\set-s01-ykw-fishing-objects-02-basket-01-DES\set-s01-ykw-fishing-objects-02-basket-01-DES.g1mx
0xBA6DD5FD,Plugins\FieldEditor4\LAND\RONIN_OBJECT\MHE_TMD4\set-s01-ykp-port-goods-01-break-DES\set-s01-ykp-port-goods-01-break-DES.g1p
0xBA7113A0,Plugins\FieldEditor4\LAND\RONIN_OBJECT\MHE_TMD4\set-cmn-fish-02a-DES\obj-cmn-fish-02a-DES.g1p
0xBA93F720,Plugins\FieldEditor4\LAND\RONIN_OBJECT03\MHE_TMD4\set-s02-ykhm-objects-44-scaffolding01-DES\set-s02-ykhm-objects-44-scaffolding01-DES.g1cox
0xBAA514D6,Plugins\FieldEditor4\LAND\RONIN_OBJECT\MHE_TMD4\set-s02-ykhm-objects-10-clothesline-03\set-s02-ykhm-objects-10-clothesline-03.g1cox
0xBAB065A2,Plugins\FieldEditor4\LAND\RONIN_OBJECT\MHE_TMD4\set-cmn-edo-obj-pail-01a\set-cmn-edo-obj-pail-01a.g1mx
0xBAC556B2,Plugins\FieldEditor4\LAND\RONIN_OBJECT\MHE_TMD4\set-s01-ykw-fishing-objects-02-basket-02-DES\set-s01-ykw-fishing-objects-02-basket-02-DES.g1mx
0xBAE9C65B,Plugins\FieldEditor4\LAND\RONIN_OBJECT03\MHE_TMD4\set-s01-sakr-goods-dish06-DES\set-s01-sakr-goods-dish06-DES.g1mx
0xBAEB604A,Plugins\FieldEditor4\LAND\RONIN_OBJECT03\MHE_TMD4\set-s01-china-goods-vial-01f-DES\set-s01-china-goods-vial-01f-DES.g1mx
0xBB0A0420,Plugins\FieldEditor4\LAND\DAYLIGHT_EDO_OBJECT\MHE_TMD4\set-edo-edojo-pot-02-DES\set-edo-edojo-pot-02-DES.g1mx
0xBB0B83FD,Plugins\FieldEditor4\LAND\RONIN_OBJECT\MHE_TMD4\set-s01-sksh-objects-00-rice-break-DES\set-s01-sksh-objects-00-rice-break-DES.g1cox
0xBB168744,Plugins\FieldEditor4\LAND\RONIN_OBJECT03\MHE_TMD4\set-csl-goods-pot-03b-DES\obj-csl-goods-pot-03b-DES.g1cox
0xBB1B5AD8,Plugins\FieldEditor4\LAND\DAYLIGHT_SEN_OBJECT\MHE_TMD4\set-sen-cha-basket-03-DES\set-sen-cha-basket-03-DES.g1cox
0xBB93D533,Plugins\FieldEditor4\LAND\RONIN_OBJECT\MHE_TMD4\set-s01-ykw-fishing-objects-02-basket-03-DES\set-s01-ykw-fishing-objects-02-basket-03-DES.g1mx
0xBBA84648,Plugins\FieldEditor4\LAND\RONIN_OBJECT02\MHE_TMD4\set-csl-goods-shoji-01-break03-DES\set-csl-goods-shoji-01-break03-DES.g1p
0xBC15612E,Plugins\FieldEditor4\LAND\RONIN_OBJECT\MHE_TMD4\set-csl-goods-pot-05b-DES\obj-csl-goods-pot-05b-DES.g1mx
0xBC39A372,Plugins\FieldEditor4\LAND\DAYLIGHT_CMN_PLANTINS\MHE_TMD4\set-dyl-tree-boss-small-01-DES-i\set-dyl-tree-boss-small-01-DES-i.g1cox
0xBC4E2246,Plugins\FieldEditor4\LAND\RONIN_OBJECT\MHE_TMD4\set-s170-goods-shelf-02-dest01-DES\set-s170-goods-shelf-02-dest01-DES.g1p
0xBC59C1EB,Plugins\FieldEditor4\LAND\RONIN_OBJECT\MHE_TMD4\set-s02-ykhm-objects-00-dish07-DES\set-s02-ykhm-objects-00-dish07-DES.g1cox
0xBCA6A364,Plugins\FieldEditor4\LAND\DAYLIGHT_CMN_GENERAL\MHE_TMD4\set-MS-gdt-syugorei-rock-L01\set-MS-gdt-syugorei-rock-L01.g1cox
0xBCB5AABC,Plugins\FieldEditor4\LAND\TWILIGHT_OBJECT\MHE_TMD4\set-general-goods-byobu-02\set-general-goods-byobu-02.g1mx
0xBCB9B951,Plugins\FieldEditor4\LAND\TWILIGHT_OBJECT\MHE_TMD4\set-s050-box-06\set-s050-box-06.g1p
0xBCBE672F,Plugins\FieldEditor4\LAND\RONIN_OBJECT03\MHE_TMD4\set-s01-sakr-objects-fusuma00-02-DES\set-s01-sakr-objects-fusuma00-02-DES.g1p
0xBCC172D2,Plugins\FieldEditor4\LAND\RONIN_OBJECT\MHE_TMD4\set-cmn-jp-obj-table-01a-DES\set-cmn-jp-obj-table-01a-DES.g1mx
0xBCD87ED2,Plugins\FieldEditor4\LAND\RONIN_OBJECT03\MHE_TMD4\set-s02-edo-ysw-objects-flower-01a\set-s02-edo-ysw-objects-flower-01a.g1cox
0xBCEF424C,Plugins\FieldEditor4\LAND\TWILIGHT_OBJECT\MHE_TMD4\set-general-goods-byobu-01\set-general-goods-byobu-01.g1p
0xBCF57678,Plugins\FieldEditor4\LAND\DAYLIGHT_BAK_OBJECT\MHE_TMD4\set-bak-yukaku-goods-screen-01-DES\set-bak-yukaku-goods-screen-01-DES.g1p
0xBCF6658A,Plugins\FieldEditor4\LAND\RONIN_OBJECT02\MHE_TMD4\set-csl-goods-shoji-01-DES\set-csl-goods-shoji-01-DES.g1p
0xBD1BC25B,Plugins\FieldEditor4\LAND\RONIN_OBJECT\MHE_TMD4\set-csl-goods-pot-05b-DES\obj-csl-goods-pot-05b-DES.g1p
0xBD2D0593,Plugins\FieldEditor4\LAND\RONIN_OBJECT03\MHE_TMD4\set-s02-ykhm-close-objects-04a-DES\set-s02-ykhm-close-objects-04a-DES.g1mx
0xBD5D2556,Plugins\FieldEditor4\LAND\DAYLIGHT_CMN_GENERAL\MHE_TMD4\set-MS-ryt-gdt-tourou-DES\set-MS-ryt-gdt-tourou-DES.g1p
0xBD5F890F,Plugins\FieldEditor4\LAND\RONIN_OBJECT03\MHE_TMD4\set-s01-ykp-vase-00-DES\set-s01-ykp-vase-00-DES.g1mx
0xBD76233B,Plugins\FieldEditor4\LAND\RONIN_OBJECT03\MHE_TMD4\set-s02-ykhm-close-objects-05a-DES\set-s02-ykhm-close-objects-05a-DES.g1cox
0xBD8D41E5,Plugins\FieldEditor4\LAND\RONIN_OBJECT\MHE_TMD4\set-csl-goods-pot-04-DES\set-csl-goods-pot-04-DES.g1cox
0xBDBC010C,Plugins\FieldEditor4\LAND\RONIN_OBJECT\MHE_TMD4\set-csl-goods-screen-04-DES\set-csl-goods-screen-04-DES.g1p
0xBDE3210F,Plugins\FieldEditor4\LAND\DAYLIGHT_CMN_GENERAL\MHE_TMD4\set-S070-kumotamago-a-01\set-S070-kumotamago-a-01.g1p
0xBDE79590,Plugins\FieldEditor4\LAND\RONIN_OBJECT03\MHE_TMD4\set-s01-sakr-goods-dish08-DES\set-s01-sakr-goods-dish08-DES.g1p
0xBE16E3DC,Plugins\FieldEditor4\LAND\DAYLIGHT_BAK_OBJECT\MHE_TMD4\set-bak-yukaku-goods-screen-01-DES\set-bak-yukaku-goods-screen-01-DES.g1cox
0xBE5DC9AC,Plugins\FieldEditor4\LAND\TWILIGHT_OBJECT\MHE_TMD4\set-s060-hole-goods-sacks-05\set-s060-hole-goods-sacks-05.g1mx
0xBE956C06,Plugins\FieldEditor4\LAND\RONIN_OBJECT\MHE_TMD4\set-s170-goods-pail-02-DES\set-s170-goods-pail-02-DES.g1mx
0xBEA7C961,Plugins\FieldEditor4\LAND\RONIN_OBJECT03\MHE_TMD4\set-s02-ykhm-objects-00-stall-03-DES\set-s02-ykhm-objects-00-stall-03-DES.g1mx
0xBED2EE9D,Plugins\FieldEditor4\LAND\DAYLIGHT_CMN_GENERAL\MHE_TMD4\set-general-rollingstone-01\set-general-rollingstone-01.g1cox
0xBED6506E,Plugins\FieldEditor4\LAND\RONIN_OBJECT03\MHE_TMD4\set-s02-edo-knd-obj-three-01-DES\set-s02-edo-knd-obj-three-01-DES.g1mx
0xBEDBCC82,Plugins\FieldEditor4\LAND\DAYLIGHT_KOD_OBJECT\MHE_TMD4\set-kod-goods-03-DES\set-kod-goods-03-DES.g1cox
0xBEE63E8A,Plugins\FieldEditor4\LAND\RONIN_OBJECT02\MHE_TMD4\set-csl-goods-shoji-01-break01-DES\set-csl-goods-shoji-01-break01-DES.g1p
0xBEEF749A,Plugins\FieldEditor4\LAND\DAYLIGHT_SEN_OBJECT\MHE_TMD4\set-sen-cmn-light-03-DES\set-sen-cmn-light-03-DES.g1p
0xBF40985F,Plugins\FieldEditor4\LAND\RONIN_OBJECT\MHE_TMD4\set-s01-sksh-wood-objects-01a-DES\set-s01-sksh-wood-objects-01a-DES.g1mx
0xBF97BA2D,Plugins\FieldEditor4\LAND\RONIN_OBJECT\MHE_TMD4\set-s02-ykhm-objects-00-dish05-DES\set-s02-ykhm-objects-00-dish05-DES.g1cox
0xBFA86029,Plugins\FieldEditor4\LAND\DAYLIGHT_CMN_GENERAL\MHE_TMD4\set-MS-gdt-syugorei-rock-L01\set-MS-gdt-syugorei-rock-L01.g1mx
0xBFBA9B4B,Plugins\FieldEditor4\LAND\DAYLIGHT_KOD_OBJECT\MHE_TMD4\set-kod-goods-03-DES\set-kod-goods-03-DES.g1mx
0xBFD45514,Plugins\FieldEditor4\LAND\DAYLIGHT_CMN_GENERAL\MHE_TMD4\set-general-rolling-gunpowder-01\set-general-rolling-gunpowder-01.g1mx
0xBFDA38E7,Plugins\FieldEditor4\LAND\DRAFT_MODEL_CONTAINER\MHE_TMD4\set-s120-hole-box-01\set-s120-hole-box-01.g1p
0xBFE449C3,Plugins\FieldEditor4\LAND\RONIN_OBJECT\MHE_TMD4\set-s01-ykp-watervat-01-DES\set-s01-ykp-watervat-01-DES.g1p
0xBFFE083B,Plugins\FieldEditor4\LAND\DAYLIGHT_SEN_HOUSE\MHE_TMD4\set-sen-cmn-hotel-door-03-DES\set-sen-cmn-hotel-door-03-DES.g1p
0xC0124E7D,Plugins\FieldEditor4\LAND\RONIN_OBJECT03\MHE_TMD4\set-s01-ykp-shop-drug-object-22a-DES\set-s01-ykp-shop-drug-object-22a-DES.g1p
0xC03FE7AA,Plugins\FieldEditor4\LAND\RONIN_OBJECT03\MHE_TMD4\set-s01-ysk-shoji-02-ref-DES\set-s01-ysk-shoji-02-ref-DES.g1p
0xC047FBF3,Plugins\FieldEditor4\LAND\TWILIGHT_OBJECT\MHE_TMD4\set-s030-tana-01\set-s030-tana-01.g1cox
0xC06C8C3D,Plugins\FieldEditor4\LAND\RONIN_OBJECT03\MHE_TMD4\set-s01-ykp-flag-02b\set-s01-ykp-flag-02b.g1cox
0xC06DDB25,Plugins\FieldEditor4\LAND\RONIN_OBJECT03\MHE_TMD4\set-EX-kitchen-crock01-DES\set-EX-kitchen-crock01-DES.g1cox
0xC087966F,Plugins\FieldEditor4\LAND\DAYLIGHT_BAK_OBJECT\MHE_TMD4\set-bak-cho-inn-door-02a-DES\set-bak-cho-inn-door-02a-DES.g1cox
0xC09E1067,Plugins\FieldEditor4\LAND\RONIN_OBJECT\MHE_TMD4\set-s01-ykp-watervat-01-DES\set-s01-ykp-watervat-01-DES.g1cox
0xC0B35121,Plugins\FieldEditor4\LAND\RONIN_OBJECT03\MHE_TMD4\set-s170-goods-cloth-10-DES\set-s170-goods-cloth-10-DES.g1cox
0xC0BE61F2,Plugins\FieldEditor4\LAND\TWILIGHT_OBJECT\MHE_TMD4\set-s030-tana-00\set-s030-tana-00.g1cox
0xC0D95DBB,Plugins\FieldEditor4\LAND\TWILIGHT_OBJECT\MHE_TMD4\set-s010-bg-gm-03\set-s010-bg-gm-03.g1mx
0xC0EC21EA,Plugins\FieldEditor4\LAND\DAYLIGHT_BAK_OBJECT\MHE_TMD4\set-bak-abu-goods-03-DES\set-bak-abu-goods-03-DES.g1p
0xC0FBB6D8,Plugins\FieldEditor4\LAND\TWILIGHT_OBJECT\MHE_TMD4\set-s060-hole-goods-14\set-s060-hole-goods-14.g1p
0xC1095ABB,Plugins\FieldEditor4\LAND\RONIN_OBJECT\MHE_TMD4\set-s01-ykp-objects-17-radish03-DES\set-s01-ykp-objects-17-radish03-DES.g1mx
0xC148A7C8,Plugins\FieldEditor4\LAND\RONIN_OBJECT03\MHE_TMD4\set-s02-ykhm-close-objects-41a\set-s02-ykhm-close-objects-41a.g1mx
0xC172DB4C,Plugins\FieldEditor4\LAND\RONIN_OBJECT03\MHE_TMD4\set-s01-ykp-shop-kajiya-obj-06\set-s01-ykp-shop-kajiya-obj-06.g1mx
0xC1741291,Plugins\FieldEditor4\LAND\RONIN_OBJECT\MHE_TMD4\set-csl-goods-cookware-02-DES\set-csl-goods-cookware-02-DES.g1p
0xC1803F43,Plugins\FieldEditor4\LAND\RONIN_OBJECT03\MHE_TMD4\set-s01-ykp-port-goods-03-DES\set-s01-ykp-port-goods-03-DES.g1p
0xC1845D78,Plugins\FieldEditor4\LAND\RONIN_OBJECT03\MHE_TMD4\set-s01-ykp-flag-02c\set-s01-ykp-flag-02c.g1p
0xC198566E,Plugins\FieldEditor4\LAND\RONIN_OBJECT02\MHE_TMD4\set-csl-goods-shoji-01-DES\set-csl-goods-shoji-01-DES.g1cox
0xC1AA960E,Plugins\FieldEditor4\LAND\RONIN_OBJECT03\MHE_TMD4\set-csl-goods-weapon-11-DES\set-csl-goods-weapon-11-DES.g1mx
0xC1B19078,Plugins\FieldEditor4\LAND\RONIN_OBJECT03\MHE_TMD4\set-s170-goods-box-04-DES\set-s170-goods-box-04-DES.g1mx
0xC1EFD22D,Plugins\FieldEditor4\LAND\RONIN_OBJECT\MHE_TMD4\set-csl-goods-desk-01-DES\set-csl-goods-desk-01-DES.g1mx
0xC1F94BD9,Plugins\FieldEditor4\LAND\DAYLIGHT_CMN_GENERAL\MHE_TMD4\set-general-rolling-gunpowder-01\set-general-rolling-gunpowder-01.g1cox
0xC24161C3,Plugins\FieldEditor4\LAND\RONIN_OBJECT03\MHE_TMD4\set-s01-ykp-shop-drug-object-13a-DES\set-s01-ykp-shop-drug-object-13a-DES.g1cox
0xC250430C,Plugins\FieldEditor4\LAND\RONIN_OBJECT03\MHE_TMD4\set-s170-goods-vase-05-DES\set-s170-goods-vase-05-DES.g1p
0xC287BA81,Plugins\FieldEditor4\LAND\TWILIGHT_OBJECT\MHE_TMD4\set-general-placement-10-bk\set-general-placement-10-bk.g1cox
0xC29A2909,Plugins\FieldEditor4\LAND\DAYLIGHT_SEN_OBJECT\MHE_TMD4\set-MS-sen-htmt-coral-01c-DES\set-MS-sen-htmt-coral-01c-DES.g1cox
0xC2A621BC,Plugins\FieldEditor4\LAND\RONIN_OBJECT03\MHE_TMD4\set-s02-ykhm-objects-00-bag01-DES\set-s02-ykhm-objects-00-bag01-DES.g1cox
0xC2B9761B,Plugins\FieldEditor4\LAND\TWILIGHT_OBJECT\MHE_TMD4\set-general-goods-byobu-03\set-general-goods-byobu-03.g1mx
0xC2C2D1A5,Plugins\FieldEditor4\LAND\RONIN_OBJECT\MHE_TMD4\set-s01-ykp-goods-01-DES\set-s01-ykp-goods-01-DES.g1p
0xC2CEC58A,Plugins\FieldEditor4\LAND\RONIN_OBJECT\MHE_TMD4\set-s01-hod-inn-objects-00-bucket02\set-s01-hod-inn-objects-00-bucket02.g1p
0xC2D5B26F,Plugins\FieldEditor4\LAND\RONIN_OBJECT\MHE_TMD4\set-s02-ykhm-objects-00-dish03-DES\set-s02-ykhm-objects-00-dish03-DES.g1cox
0xC2E210A8,Plugins\FieldEditor4\LAND\RONIN_OBJECT\MHE_TMD4\set-s01-ykp-shop-goods-05a-DES\set-s01-ykp-shop-goods-05a-DES.g1p
0xC2EE5056,Plugins\FieldEditor4\LAND\RONIN_OBJECT\MHE_TMD4\set-s01-ykp-tableware-05-DES\set-s01-ykp-tableware-05-DES.g1p
0xC2F1747B,Plugins\FieldEditor4\LAND\RONIN_OBJECT\MHE_TMD4\set-csl-goods-bonsai-01-DES\set-csl-goods-bonsai-01-DES.g1p
0xC2F2E6B6,Plugins\FieldEditor4\LAND\RONIN_OBJECT\MHE_TMD4\set-csl-goods-cookware-03-DES\set-csl-goods-cookware-03-DES.g1cox
0xC2FA031D,Plugins\FieldEditor4\LAND\RONIN_OBJECT\MHE_TMD4\set-csl-goods-box-02-DES\set-csl-goods-box-02-DES.g1cox
0xC33FF752,Plugins\FieldEditor4\LAND\RONIN_OBJECT\MHE_TMD4\set-s01-goods-cask-01-DES\set-s01-goods-cask-01-DES.g1mx
0xC34FD273,Plugins\FieldEditor4\LAND\RONIN_OBJECT03\MHE_TMD4\set-s02-ykhm-objects-06-jars03-DES\set-s02-ykhm-objects-06-jars03-DES.g1mx
0xC3595FF9,Plugins\FieldEditor4\LAND\RONIN_OBJECT03\MHE_TMD4\set-ykak-goods-chair-02-DES\set-ykak-goods-chair-02-DES.g1mx
0xC3A52AB6,Plugins\FieldEditor4\LAND\RONIN_OBJECT\MHE_TMD4\set-s01-china-goods-table-01b-DES\set-s01-china-goods-table-01b-DES.g1cox
0xC3B3710F,Plugins\FieldEditor4\LAND\DAYLIGHT_KOD_OBJECT\MHE_TMD4\set-kod-sakimori-03-DES\set-kod-sakimori-03-DES.g1p
0xC3BD188C,Plugins\FieldEditor4\LAND\RONIN_OBJECT\MHE_TMD4\set-s01-ykp-shop-kajiya-object-06a-DES\set-s01-ykp-shop-kajiya-object-06a-DES.g1mx
0xC3C42AF8,Plugins\FieldEditor4\LAND\TWILIGHT_OBJECT\MHE_TMD4\set-S070-bf-wreck-04\set-S070-bf-wreck-04.g1p
0xC3CC728B,Plugins\FieldEditor4\LAND\TWILIGHT_OBJECT\MHE_TMD4\set-s010-bg-gm-06\set-s010-bg-gm-06.g1p
0xC4005D93,Plugins\FieldEditor4\LAND\DAYLIGHT_CMN_GENERAL\MHE_TMD4\set-MS-ryt-gdt-tourou-DES\set-MS-ryt-gdt-tourou-DES.g1mx
0xC41EE2C9,Plugins\FieldEditor4\LAND\RONIN_LIGHT\MHE_TMD4\set-csl-goods-light-06-DES\set-csl-goods-light-06-DES.g1cox
0xC48FB2D8,Plugins\FieldEditor4\LAND\RONIN_OBJECT03\MHE_TMD4\set-ykak-goods-chair-03-DES\set-ykak-goods-chair-03-DES.g1mx
0xC496A1AD,Plugins\FieldEditor4\LAND\DAYLIGHT_CMN_GENERAL\MHE_TMD4\set-hell-soranaki-kusabi-a01-DES\set-hell-soranaki-kusabi-a01-DES.g1mx
0xC4A37744,Plugins\FieldEditor4\LAND\RONIN_OBJECT\MHE_TMD4\set-cmn-kyt-obj-Village-goods-01-DES\set-cmn-kyt-obj-Village-goods-01-DES.g1cox
0xC4C82EFC,Plugins\FieldEditor4\LAND\RONIN_OBJECT\MHE_TMD4\set-csl-goods-shelf-02-DES\set-csl-goods-shelf-02-DES.g1cox
0xC4DB1DFF,Plugins\FieldEditor4\LAND\DRAFT_MODEL_CONTAINER\MHE_TMD4\set-S050-fbbox-01\set-S050-fbbox-01.g1cox
0xC4EA7CD0,Plugins\FieldEditor4\LAND\RONIN_OBJECT03\MHE_TMD4\set-cmn-mib-flag-01b\set-cmn-mib-flag-01b.g1p
0xC4EF48CB,Plugins\FieldEditor4\LAND\RONIN_OBJECT03\MHE_TMD4\set-csl-goods-tool-08-DES\set-csl-goods-tool-08-DES.g1cox
0xC5080B71,Plugins\FieldEditor4\LAND\RONIN_OBJECT03\MHE_TMD4\set-s01-ykp-shop-kajiya-obj-04-DES\set-s01-ykp-shop-kajiya-obj-04-DES.g1cox
0xC525FAF6,Plugins\FieldEditor4\LAND\RONIN_OBJECT\MHE_TMD4\set-s02-ykhm-objects-00-pail01-DES\set-s02-ykhm-objects-00-pail01-DES.g1mx
0xC541FC76,Plugins\FieldEditor4\LAND\TWILIGHT_OBJECT\MHE_TMD4\set-s050-box-04\set-s050-box-04.g1mx
0xC5464A92,Plugins\FieldEditor4\LAND\RONIN_OBJECT03\MHE_TMD4\set-s02-edo-ysw-object-folding-screen-01-DES\set-s02-edo-ysw-object-folding-screen-01-DES.g1cox
0xC5B4055D,Plugins\FieldEditor4\LAND\DAYLIGHT_SEN_OBJECT\MHE_TMD4\set-sen-cmn-objects-cabinet-02b-DES\set-sen-cmn-objects-cabinet-02b-DES.g1p
0xC60754C3,Plugins\FieldEditor4\LAND\RONIN_OBJECT\MHE_TMD4\set-s01-ykp-stall-06-DES\obj-s01-ykp-stall-06-DES.g1cox
0xC60DA97A,Plugins\FieldEditor4\LAND\RONIN_OBJECT03\MHE_TMD4\set-s01-ysk-objects-00-woodbox02-DES\set-s01-ysk-objects-00-woodbox02-DES.g1p
0xC613AAB1,Plugins\FieldEditor4\LAND\RONIN_OBJECT\MHE_TMD4\set-s02-ykhm-objects-00-dish01-DES\set-s02-ykhm-objects-00-dish01-DES.g1cox
0xC6252A75,Plugins\FieldEditor4\LAND\RONIN_OBJECT\MHE_TMD4\set-s02-ykhm-objects-10-clothesline-01\set-s02-ykhm-objects-10-clothesline-01.g1mx
0xC6593013,Plugins\FieldEditor4\LAND\RONIN_OBJECT\MHE_TMD4\set-s02-ykhm-objects-18-blinds02-DES\set-s02-ykhm-objects-18-blinds02-DES.g1cox
0xC6673381,Plugins\FieldEditor4\LAND\TWILIGHT_OBJECT\MHE_TMD4\set-general-placement-03-bk\set-general-placement-03-bk.g1p
0xC66B3D6A,Plugins\FieldEditor4\LAND\RONIN_OBJECT\MHE_TMD4\set-s02-ykhm-objects-00-dish04-DES\set-s02-ykhm-objects-00-dish04-DES.g1p
0xC6857E6C,Plugins\FieldEditor4\LAND\DAYLIGHT_SEN_OBJECT\MHE_TMD4\set-sen-cmn-objects-cabinet-02b-DES\set-sen-cmn-objects-cabinet-02b-DES.g1mx
0xC68AA630,Plugins\FieldEditor4\LAND\RONIN_OBJECT03\MHE_TMD4\set-s02-ykhm-objects-watertank-42a\set-s02-ykhm-objects-watertank-42a.g1mx
0xC6BF307E,Plugins\FieldEditor4\LAND\RONIN_OBJECT03\MHE_TMD4\set-s01-ykp-shop-kajiya-object-33a-DES\set-s01-ykp-shop-kajiya-object-33a-DES.g1cox
0xC6D05BED,Plugins\FieldEditor4\LAND\TWILIGHT_OBJECT\MHE_TMD4\set-s010-bg-gm-08\set-s010-bg-gm-08.g1cox
0xC6F034A7,Plugins\FieldEditor4\LAND\RONIN_OBJECT\MHE_TMD4\set-s02-edo-skr-obj-04a\set-s02-edo-skr-obj-04a.g1cox
0xC70BA39F,Plugins\FieldEditor4\LAND\RONIN_OBJECT\MHE_TMD4\set-s02-ykhm-objects-55-fabric04-DES\set-s02-ykhm-objects-55-fabric04-DES.g1p
0xC75BDC09,Plugins\FieldEditor4\LAND\RONIN_OBJECT03\MHE_TMD4\set-s01-china-goods-vial-01e-DES\set-s01-china-goods-vial-01e-DES.g1mx
0xC787695D,Plugins\FieldEditor4\LAND\RONIN_OBJECT03\MHE_TMD4\set-s01-ykp-shop-kajiya-object-21a-DES\set-s01-ykp-shop-kajiya-object-21a-DES.g1cox
0xC7C40F22,Plugins\FieldEditor4\LAND\DAYLIGHT_SEN_HOUSE\MHE_TMD4\set-sen-ryt-temple-01-door-01-DES\set-sen-ryt-temple-01-door-01-DES.g1p
0xC7E4B16C,Plugins\FieldEditor4\LAND\TWILIGHT_OBJECT\MHE_TMD4\set-general-placement-01\set-general-placement-01.g1cox
0xC7E901EE,Plugins\FieldEditor4\LAND\RONIN_OBJECT03\MHE_TMD4\set-s01-ykp-shop-photo-obj-chair01-DES\set-s01-ykp-shop-photo-obj-chair01-DES.g1p
0xC8282024,Plugins\FieldEditor4\LAND\RONIN_LIGHT\MHE_TMD4\set-csl-goods-light-06-DES\set-csl-goods-light-06-DES.g1mx
0xC8302ECB,Plugins\FieldEditor4\LAND\RONIN_OBJECT03\MHE_TMD4\set-MS-feudaljapan-tourou-01-DES\set-MS-feudaljapan-tourou-01-DES.g1p
0xC854D809,Plugins\FieldEditor4\LAND\RONIN_OBJECT\MHE_TMD4\set-s170-goods-shelf-02-dest02-DES\set-s170-goods-shelf-02-dest02-DES.g1cox
0xC85DA6A9,Plugins\FieldEditor4\LAND\TWILIGHT_OBJECT\MHE_TMD4\set-general-placement-07-bk\set-general-placement-07-bk.g1cox
0xC8944E71,Plugins\FieldEditor4\LAND\RONIN_OBJECT03\MHE_TMD4\set-s03-kin-flag-02b\set-s03-kin-flag-02b.g1cox
0xC8B16220,Plugins\FieldEditor4\LAND\RONIN_OBJECT03\MHE_TMD4\set-s170-goods-table-04\set-s170-goods-table-04.g1cox
0xC8BF52D8,Plugins\FieldEditor4\LAND\DAYLIGHT_CMN_HELL\MHE_TMD4\set-gdt-hell-kusabi-a01-DES\set-gdt-hell-kusabi-a01-DES.g1p
0xC8D6CC31,Plugins\FieldEditor4\LAND\RONIN_OBJECT\MHE_TMD4\set-s02-chdojo-objects-radish-02-DES\set-s02-chdojo-objects-radish-02-DES.g1p
0xC91B044B,Plugins\FieldEditor4\LAND\TWILIGHT_OBJECT\MHE_TMD4\set-general-placement-11\set-general-placement-11.g1cox
0xC9395502,Plugins\FieldEditor4\LAND\TWILIGHT_OBJECT\MHE_TMD4\set-S060-obj-f-03b\set-S060-obj-f-03b.g1mx
0xC93CBCDC,Plugins\FieldEditor4\LAND\RONIN_OBJECT\MHE_TMD4\set-s01-sksh-objects-00-rice00-DES\set-s01-sksh-objects-00-rice00-DES.g1cox
0xC959E9CF,Plugins\FieldEditor4\LAND\TWILIGHT_OBJECT\MHE_TMD4\set-S800-bowl-03\set-S800-bowl-03.g1mx
0xC95A2914,Plugins\FieldEditor4\LAND\RONIN_OBJECT\MHE_TMD4\set-s01-tatara-straw-01a\set-s01-tatara-straw-01a.g1p
0xC96F4115,Plugins\FieldEditor4\LAND\TWILIGHT_OBJECT\MHE_TMD4\set-s010-bg-gm-11\set-s010-bg-gm-11.g1cox
0xC98A1C14,Plugins\FieldEditor4\LAND\DAYLIGHT_CMN_GENERAL\MHE_TMD4\set-MS-gdt-sen-brokenrock-01\set-MS-gdt-sen-brokenrock-01.g1cox
0xCA03AC01,Plugins\FieldEditor4\LAND\RONIN_OBJECT03\MHE_TMD4\set-EX-kitchen-crock01-DES\set-EX-kitchen-crock01-DES.g1p
0xCA267DA3,Plugins\FieldEditor4\LAND\DAYLIGHT_CMN_GENERAL\MHE_TMD4\set-gjt-hell-bosatu-01\set-gjt-hell-bosatu-01.g1cox
0xCA349F30,Plugins\FieldEditor4\LAND\RONIN_OBJECT\MHE_TMD4\set-s01-ykp-shop-kajiya-object-13a-DES\set-s01-ykp-shop-kajiya-object-13a-DES.g1mx
0xCA8852B7,Plugins\FieldEditor4\LAND\RONIN_OBJECT03\MHE_TMD4\set-csl-goods-book-02\obj-csl-goods-book-02.g1cox
0xCAA2128A,Plugins\FieldEditor4\LAND\TWILIGHT_OBJECT\MHE_TMD4\set-general-placement-03\set-general-placement-03.g1p
0xCAA66F4A,Plugins\FieldEditor4\LAND\DAYLIGHT_KOD_LIGHT\MHE_TMD4\set-kod-ocha-andon-01-DES\set-kod-ocha-andon-01-DES.g1p
0xCAA9806F,Plugins\FieldEditor4\LAND\DRAFT_MODEL_CONTAINER\MHE_TMD4\set-s050-goods-rice-01\set-s050-goods-rice-01.g1cox
0xCAB89737,Plugins\FieldEditor4\LAND\RONIN_OBJECT03\MHE_TMD4\set-s170-goods-cookware-02-DES\set-s170-goods-cookware-02-DES.g1p
0xCAC8D786,Plugins\FieldEditor4\LAND\RONIN_OBJECT03\MHE_TMD4\set-s01-sks-weapon-01a\set-s01-sks-weapon-01a.g1p
0xCACF238E,Plugins\FieldEditor4\LAND\DAYLIGHT_CMN_PLANTINS\MHE_TMD4\set-dyl-tree-boss-small-01-DES-i\set-dyl-tree-boss-small-01-DES-i.g1p
0xCAFE0B02,Plugins\FieldEditor4\LAND\RONIN_OBJECT\MHE_TMD4\set-cmn-kyt-obj-sign-01-DES\set-cmn-kyt-obj-sign-01-DES.g1mx
0xCB12A5E7,Plugins\FieldEditor4\LAND\RONIN_OBJECT03\MHE_TMD4\set-s01-ykp-port-goods-03-DES\set-s01-ykp-port-goods-03-DES.g1cox
0xCB13E0D2,Plugins\FieldEditor4\LAND\RONIN_OBJECT\MHE_TMD4\set-csl-goods-box-04-DES\set-csl-goods-box-04-DES.g1mx
0xCB433D8F,Plugins\FieldEditor4\LAND\RONIN_OBJECT\MHE_TMD4\set-s01-ykp-tableware-01-DES\set-s01-ykp-tableware-01-DES.g1mx
0xCB4640B5,Plugins\FieldEditor4\LAND\DAYLIGHT_EDO_OBJECT\MHE_TMD4\set-edo-edojo-box-03-DES\set-edo-edojo-box-03-DES.g1mx
0xCB476D4E,Plugins\FieldEditor4\LAND\RONIN_OBJECT03\MHE_TMD4\set-s170-goods-box-01-DES\set-s170-goods-box-01-DES.g1p
0xCC1016BC,Plugins\FieldEditor4\LAND\RONIN_OBJECT03\MHE_TMD4\set-s01-ykp-shop-kajiya-object-24a-DES\set-s01-ykp-shop-kajiya-object-24a-DES.g1p
0xCC2B840A,Plugins\FieldEditor4\LAND\RONIN_OBJECT03\MHE_TMD4\set-s02-kdc-objects-torture-16a-DES\set-s02-kdc-objects-torture-16a-DES.g1mx
0xCC56C704,Plugins\FieldEditor4\LAND\RONIN_OBJECT03\MHE_TMD4\set-s01-mit-shoji-01-DES\set-s01-mit-shoji-01-DES.g1mx
0xCC6E83FA,Plugins\FieldEditor4\LAND\DAYLIGHT_SEN_HOUSE\MHE_TMD4\set-sen-cmn-hotel-door-02-DES\set-sen-cmn-hotel-door-02-DES.g1p
0xCCE7332E,Plugins\FieldEditor4\LAND\DAYLIGHT_CMN_HELL\MHE_TMD4\set-hell-sotoba-02\set-hell-sotoba-02.g1p
0xCD0B9C0B,Plugins\FieldEditor4\LAND\TWILIGHT_OBJECT\MHE_TMD4\set-S800-rubble-dest-01\set-S800-rubble-dest-01.g1mx
0xCD2BD5EC,Plugins\FieldEditor4\LAND\RONIN_LIGHT\MHE_TMD4\set-csl-goods-candle-01-DES\set-csl-goods-candle-01-DES.g1mx
0xCD555B89,Plugins\FieldEditor4\LAND\RONIN_OBJECT\MHE_TMD4\set-bky-temple-shoji-03b-DES\set-bky-temple-shoji-03b-DES.g1p
0xCD5639E0,Plugins\FieldEditor4\LAND\RONIN_OBJECT03\MHE_TMD4\set-s02-ykhm-objects-00-stall-02-DES\set-s02-ykhm-objects-00-stall-02-DES.g1mx
0xCD933733,Plugins\FieldEditor4\LAND\RONIN_OBJECT\MHE_TMD4\set-s01-ysk-objects-00-jars03-DES\set-s01-ysk-objects-00-jars03-DES.g1mx
0xCD945F67,Plugins\FieldEditor4\LAND\RONIN_OBJECT\MHE_TMD4\set-cmn-edo-obj-pail-01a\set-cmn-edo-obj-pail-01a.g1p
0xCD950C57,Plugins\FieldEditor4\LAND\RONIN_OBJECT\MHE_TMD4\set-s01-ykw-fishing-objects-02-basket-02-DES\set-s01-ykw-fishing-objects-02-basket-02-DES.g1p
0xCDA50F0D,Plugins\FieldEditor4\LAND\TWILIGHT_OBJECT\MHE_TMD4\set-general-goods-byobu-02\set-general-goods-byobu-02.g1p
0xCDD47715,Plugins\FieldEditor4\LAND\RONIN_OBJECT\MHE_TMD4\set-s02-ykhm-objects-32-cups01-DES\set-s02-ykhm-objects-32-cups01-DES.g1cox
0xCDDB9476,Plugins\FieldEditor4\LAND\RONIN_OBJECT03\MHE_TMD4\set-s02-ykhm-objects-06-jars03-DES\set-s02-ykhm-objects-06-jars03-DES.g1p
0xCDF631D9,Plugins\FieldEditor4\LAND\TWILIGHT_OBJECT\MHE_TMD4\set-s060-hole-goods-weapon-01\set-s060-hole-goods-weapon-01.g1mx
0xCDFD0020,Plugins\FieldEditor4\LAND\RONIN_OBJECT03\MHE_TMD4\set-s01-china-goods-vial-01e-DES\set-s01-china-goods-vial-01e-DES.g1p
0xCE1D55F4,Plugins\FieldEditor4\LAND\DAYLIGHT_EDO_OBJECT\MHE_TMD4\set-edo-edojo-box-03-DES\set-edo-edojo-box-03-DES.g1p
0xCE2D0392,Plugins\FieldEditor4\LAND\RONIN_OBJECT\MHE_TMD4\set-s01-sksh-close-objects-04a\set-s01-sksh-close-objects-04a.g1cox
0xCE3DB775,Plugins\FieldEditor4\LAND\RONIN_OBJECT03\MHE_TMD4\set-csl-goods-pail-03\set-csl-goods-pail-03.g1mx
0xCE58CF0A,Plugins\FieldEditor4\LAND\TWILIGHT_OBJECT\MHE_TMD4\set-s140-shield-05\set-s140-shield-05.g1p
0xCEA2C35E,Plugins\FieldEditor4\LAND\RONIN_OBJECT03\MHE_TMD4\set-cmn-kyt-object-tsukemono-01-DES\set-cmn-kyt-object-tsukemono-01-DES.g1p
0xCEA32859,Plugins\FieldEditor4\LAND\RONIN_OBJECT\MHE_TMD4\set-s01-ysk-objects-00-stove01-DES\set-s01-ysk-objects-00-stove01-DES.g1p
0xCEAF514F,Plugins\FieldEditor4\LAND\RONIN_OBJECT03\MHE_TMD4\set-S810-tresure-vase-01\set-S810-tresure-vase-01.g1p
0xCEC39AFA,Plugins\FieldEditor4\LAND\RONIN_LIGHT\MHE_TMD4\set-s01-ykak-goods-light-01-DES\set-s01-ykak-goods-light-01-DES.g1cox
0xCEC40CD1,Plugins\FieldEditor4\LAND\RONIN_OBJECT\MHE_TMD4\set-s02-chdojo-objects-cloth-02a-DES\set-s02-chdojo-objects-cloth-02a-DES.g1p
0xCEF0F073,Plugins\FieldEditor4\LAND\TWILIGHT_OBJECT\MHE_TMD4\set-general-placement-08\set-general-placement-08.g1cox
0xCF019467,Plugins\FieldEditor4\LAND\RONIN_OBJECT03\MHE_TMD4\set-csl-goods-weapon-04\obj-csl-goods-weapon-04.g1mx
0xCF05D4BF,Plugins\FieldEditor4\LAND\TWILIGHT_OBJECT\MHE_TMD4\set-s010-bg-gm-07\set-s010-bg-gm-07.g1mx
0xCF05F2D8,Plugins\FieldEditor4\LAND\RONIN_OBJECT03\MHE_TMD4\set-s01-ykp-objects-15-radish01-DES\set-s01-ykp-objects-15-radish01-DES.g1mx
0xCF2CE32E,Plugins\FieldEditor4\LAND\RONIN_OBJECT\MHE_TMD4\set-s01-ysk-objects-00-strawmats05\set-s01-ysk-objects-00-strawmats05.g1cox
0xCF3A8B8B,Plugins\FieldEditor4\LAND\RONIN_OBJECT\MHE_TMD4\set-s170-goods-vase-03-DES\set-s170-goods-vase-03-DES.g1p
0xCF459B08,Plugins\FieldEditor4\LAND\TWILIGHT_OBJECT\MHE_TMD4\set-s140-shield-03\set-s140-shield-03.g1p
0xCF4AD33D,Plugins\FieldEditor4\LAND\RONIN_OBJECT\MHE_TMD4\set-csl-goods-desk-02-DES\set-csl-goods-desk-02-DES.g1p
0xCF7CF89D,Plugins\FieldEditor4\LAND\RONIN_OBJECT\MHE_TMD4\set-csl-goods-screen-04-DES\set-csl-goods-screen-04-DES.g1mx
0xCF921065,Plugins\FieldEditor4\LAND\RONIN_OBJECT\MHE_TMD4\set-s170-goods-pail-04-DES\set-s170-goods-pail-04-DES.g1cox
0xCFAD032D,Plugins\FieldEditor4\LAND\RONIN_OBJECT\MHE_TMD4\set-s01-hod-inn-objects-00-bucket01\set-s01-hod-inn-objects-00-bucket01.g1cox
0xCFC2BEA4,Plugins\FieldEditor4\LAND\RONIN_OBJECT03\MHE_TMD4\set-cmn-kyt-shrine-flag-02a\set-cmn-kyt-shrine-flag-02a.g1mx
0xCFE9D6AE,Plugins\FieldEditor4\LAND\RONIN_OBJECT03\MHE_TMD4\set-csl-goods-sword-02-DES\set-csl-goods-sword-02-DES.g1p
0xD0274352,Plugins\FieldEditor4\LAND\TWILIGHT_OBJECT\MHE_TMD4\set-general-placement-18\set-general-placement-18.g1cox
0xD02B73A3,Plugins\FieldEditor4\LAND\RONIN_OBJECT\MHE_TMD4\set-s01-ykp-shop-drug-object-27a-DES\set-s01-ykp-shop-drug-object-27a-DES.g1cox
0xD044CC40,Plugins\FieldEditor4\LAND\RONIN_OBJECT\MHE_TMD4\set-s02-ykhm-objects-00-dish05-DES\set-s02-ykhm-objects-00-dish05-DES.g1mx
0xD0A035BE,Plugins\FieldEditor4\LAND\DRAFT_MODEL_CONTAINER\MHE_TMD4\set-s050-goods-rice-01\set-s050-goods-rice-01.g1mx
0xD0B96EB1,Plugins\FieldEditor4\LAND\RONIN_OBJECT\MHE_TMD4\set-csl-goods-screen-05-DES\set-csl-goods-screen-05-DES.g1cox
0xD0EFD242,Plugins\FieldEditor4\LAND\RONIN_OBJECT03\MHE_TMD4\set-s01-ykp-shop-drug-object-12a-DES\set-s01-ykp-shop-drug-object-12a-DES.g1cox
0xD0F27E03,Plugins\FieldEditor4\LAND\RONIN_OBJECT\MHE_TMD4\set-s02-edo-skr-obj-04a\set-s02-edo-skr-obj-04a.g1p
0xD0F731CA,Plugins\FieldEditor4\LAND\RONIN_OBJECT03\MHE_TMD4\set-csl-goods-pot-04b-DES\obj-csl-goods-pot-04b-DES.g1mx
0xD1182525,Plugins\FieldEditor4\LAND\RONIN_LIGHT\MHE_TMD4\set-s03-kyt-cmn-objects-light-andon-03a-DES\set-s03-kyt-cmn-objects-light-andon-03a-DES.g1p
0xD1192B86,Plugins\FieldEditor4\LAND\RONIN_OBJECT\MHE_TMD4\set-s01-ykp-goods-00-DES\set-s01-ykp-goods-00-DES.g1p
0xD1259F22,Plugins\FieldEditor4\LAND\RONIN_OBJECT03\MHE_TMD4\set-csl-goods-pot-01b-DES\obj-csl-goods-pot-01b-DES.g1p
0xD12883D8,Plugins\FieldEditor4\LAND\TWILIGHT_OBJECT\MHE_TMD4\set-General-water-tub00\set-General-water-tub00.g1cox
0xD13298C3,Plugins\FieldEditor4\LAND\RONIN_OBJECT\MHE_TMD4\set-s010-furnace-goods00\set-s010-furnace-goods00.g1mx
0xD1329987,Plugins\FieldEditor4\LAND\RONIN_OBJECT\MHE_TMD4\set-s02-ykhm-objects-01-basket01-DES\set-s02-ykhm-objects-01-basket01-DES.g1mx
0xD1605DEF,Plugins\FieldEditor4\LAND\RONIN_OBJECT03\MHE_TMD4\set-s01-ysk-objects-00-woodbox02-DES\set-s01-ysk-objects-00-woodbox02-DES.g1mx
0xD16DD100,Plugins\FieldEditor4\LAND\RONIN_LIGHT\MHE_TMD4\set-s02-ykhm-objects-57-light01-DES\set-s02-ykhm-objects-57-light01-DES.g1p
0xD16E3A25,Plugins\FieldEditor4\LAND\RONIN_OBJECT03\MHE_TMD4\set-csl-goods-weapon-06\obj-csl-goods-weapon-06.g1mx
0xD1755C3D,Plugins\FieldEditor4\LAND\TWILIGHT_OBJECT\MHE_TMD4\set-S350-haniwa-a04\set-S350-haniwa-a04.g1mx
0xD17D3609,Plugins\FieldEditor4\LAND\RONIN_OBJECT\MHE_TMD4\set-s01-hod-inn-objects-00-bucket01\set-s01-hod-inn-objects-00-bucket01.g1p
0xD1AC666D,Plugins\FieldEditor4\LAND\TWILIGHT_OBJECT\MHE_TMD4\set-s010-bg-gm-15\set-s010-bg-gm-15.g1p
0xD1AE8B49,Plugins\FieldEditor4\LAND\RONIN_OBJECT\MHE_TMD4\set-csl-goods-pot-05-DES\set-csl-goods-pot-05-DES.g1mx
0xD1CE2C44,Plugins\FieldEditor4\LAND\RONIN_OBJECT03\MHE_TMD4\set-s01-ykp-goods-04-DES\set-s01-ykp-goods-04-DES.g1mx
0xD1F2427D,Plugins\FieldEditor4\LAND\RONIN_OBJECT03\MHE_TMD4\set-EX-kitchen-jug02-DES\set-EX-kitchen-jug02-DES.g1mx
0xD1F85A71,Plugins\FieldEditor4\LAND\DAYLIGHT_KOD_OBJECT\MHE_TMD4\set-MS-kod-sakimori-01b-DES\set-MS-kod-sakimori-01b-DES.g1cox
0xD1FADB32,Plugins\FieldEditor4\LAND\RONIN_OBJECT03\MHE_TMD4\set-s01-ykp-flag-02d\set-s01-ykp-flag-02d.g1mx
0xD1FD2FEC,Plugins\FieldEditor4\LAND\RONIN_OBJECT03\MHE_TMD4\set-EX-kitchen-table06\set-EX-kitchen-table06.g1cox
0xD222CC6C,Plugins\FieldEditor4\LAND\TWILIGHT_OBJECT\MHE_TMD4\set-s010-bg-gm-05\set-s010-bg-gm-05.g1p
0xD24E7F6C,Plugins\FieldEditor4\LAND\RONIN_OBJECT03\MHE_TMD4\set-cmn-obj-taru-01a-DES\set-cmn-obj-taru-01a-DES.g1p
0xD26AB47D,Plugins\FieldEditor4\LAND\DAYLIGHT_CMN_GENERAL\MHE_TMD4\set-GGT-s0310-bamboo-M-02-DES\set-GGT-s0310-bamboo-M-02-DES.g1mx
0xD2789C7B,Plugins\FieldEditor4\LAND\DAYLIGHT_SEN_OBJECT\MHE_TMD4\set-hre-fusuma-01a-DES\set-hre-fusuma-01a-DES.g1cox
0xD279EA5F,Plugins\FieldEditor4\LAND\TWILIGHT_OBJECT\MHE_TMD4\set-s140-shield-05\set-s140-shield-05.g1mx
0xD2A758FF,Plugins\FieldEditor4\LAND\RONIN_OBJECT\MHE_TMD4\set-s02-ykhm-objects-56-fabric05-DES\set-s02-ykhm-objects-56-fabric05-DES.g1p
0xD2B77841,Plugins\FieldEditor4\LAND\RONIN_OBJECT\MHE_TMD4\set-s01-ykp-shop-drug-object-14a-DES\set-s01-ykp-shop-drug-object-14a-DES.g1cox
0xD30D9852,Plugins\FieldEditor4\LAND\DAYLIGHT_SEN_OBJECT\MHE_TMD4\set-hre-fusuma-02b-DES\set-hre-fusuma-02b-DES.g1mx
0xD31086C1,Plugins\FieldEditor4\LAND\RONIN_OBJECT\MHE_TMD4\set-csl-goods-table-01-DES\set-csl-goods-table-01-DES.g1cox
0xD3178FF4,Plugins\FieldEditor4\LAND\RONIN_OBJECT03\MHE_TMD4\set-s170-goods-vase-01-DES\set-s170-goods-vase-01-DES.g1cox
0xD33A6A0B,Plugins\FieldEditor4\LAND\RONIN_OBJECT03\MHE_TMD4\set-s01-ykp-shop-kajiya-object-15a-DES\set-s01-ykp-shop-kajiya-object-15a-DES.g1mx
0xD3677CB5,Plugins\FieldEditor4\LAND\DAYLIGHT_SEN_OBJECT\MHE_TMD4\set-hre-fusuma-04a-DES\set-hre-fusuma-04a-DES.g1mx
0xD38298DE,Plugins\FieldEditor4\LAND\DAYLIGHT_SEN_HOUSE\MHE_TMD4\set-sen-cmn-hotel-door-02-DES\set-sen-cmn-hotel-door-02-DES.g1cox
0xD38FBDB0,Plugins\FieldEditor4\LAND\DAYLIGHT_SEN_OBJECT\MHE_TMD4\set-sen-cmn-obj-screen-05-DES\set-sen-cmn-obj-screen-05-DES.g1mx
0xD3C4ED6C,Plugins\FieldEditor4\LAND\RONIN_OBJECT\MHE_TMD4\set-s01-ysk-objects-00-table01-DES\set-s01-ysk-objects-00-table01-DES.g1cox
0xD439D8FA,Plugins\FieldEditor4\LAND\DAYLIGHT_CMN_GENERAL\MHE_TMD4\set-S070-kumotamago-a-01\set-S070-kumotamago-a-01.g1mx
0xD449E482,Plugins\FieldEditor4\LAND\RONIN_OBJECT03\MHE_TMD4\set-EX-office-bottle02-DES\set-EX-office-bottle02-DES.g1p
0xD4875BE3,Plugins\FieldEditor4\LAND\TWILIGHT_OBJECT\MHE_TMD4\set-s060-goods-weapon-01\set-s060-goods-weapon-01.g1mx
0xD4958452,Plugins\FieldEditor4\LAND\DAYLIGHT_BAK_OBJECT\MHE_TMD4\set-bak-hnj-BOSS-pillar-02-DES\set-bak-hnj-BOSS-pillar-02-DES.g1p
0xD4C3F499,Plugins\FieldEditor4\LAND\RONIN_OBJECT03\MHE_TMD4\set-s01-sakr-goods-dish08-DES\set-s01-sakr-goods-dish08-DES.g1mx
0xD4D919CC,Plugins\FieldEditor4\LAND\RONIN_OBJECT03\MHE_TMD4\set-s01-umbrella-a-06\set-s01-umbrella-a-06.g1cox
0xD4E46E20,Plugins\FieldEditor4\LAND\RONIN_OBJECT\MHE_TMD4\set-csl-goods-pot-06-break-DES\set-csl-goods-pot-06-break-DES.g1p
0xD505DB19,Plugins\FieldEditor4\LAND\RONIN_OBJECT03\MHE_TMD4\set-s01-sakr-objects-fusuma00-01-DES\set-s01-sakr-objects-fusuma00-01-DES.g1mx
0xD5160DF5,Plugins\FieldEditor4\LAND\RONIN_OBJECT\MHE_TMD4\set-s02-ykhm-objects-10-clothesline-04\set-s02-ykhm-objects-10-clothesline-04.g1cox
0xD51BFC4F,Plugins\FieldEditor4\LAND\RONIN_OBJECT03\MHE_TMD4\set-s170-goods-table-01-DES\set-s170-goods-table-01-DES.g1cox
0xD51EDC0A,Plugins\FieldEditor4\LAND\RONIN_OBJECT03\MHE_TMD4\set-s01-ykp-goods-03-DES\set-s01-ykp-goods-03-DES.g1cox
0xD5207FDF,Plugins\FieldEditor4\LAND\RONIN_OBJECT\MHE_TMD4\set-csl-goods-fusuma-a01-break-DES\set-csl-goods-fusuma-a01-break-DES.g1mx
0xD53205E3,Plugins\FieldEditor4\LAND\RONIN_OBJECT03\MHE_TMD4\set-csl-goods-pot-04b-DES\obj-csl-goods-pot-04b-DES.g1cox
0xD53DDF3D,Plugins\FieldEditor4\LAND\RONIN_OBJECT\MHE_TMD4\set-s01-ysk-objects-00-rope02\set-s01-ysk-objects-00-rope02.g1p
0xD58E6774,Plugins\FieldEditor4\LAND\RONIN_OBJECT03\MHE_TMD4\set-s01-ry-goods-vase-01-DES\set-s01-ry-goods-vase-01-DES.g1p
0xD5A2B822,Plugins\FieldEditor4\LAND\RONIN_OBJECT\MHE_TMD4\set-csl-goods-tea-02-DES\set-csl-goods-tea-02-DES.g1cox
0xD5EC9A5A,Plugins\FieldEditor4\LAND\RONIN_OBJECT03\MHE_TMD4\set-s01-ykp-vase-00-DES\set-s01-ykp-vase-00-DES.g1p
0xD5FF7800,Plugins\FieldEditor4\LAND\DAYLIGHT_CMN_GENERAL\MHE_TMD4\set-MS-gdt-syugorei-rock-L01\set-MS-gdt-syugorei-rock-L01.g1p
0xD60503AD,Plugins\FieldEditor4\LAND\RONIN_OBJECT03\MHE_TMD4\set-s01-sakr-goods-dish01-DES\set-s01-sakr-goods-dish01-DES.g1cox
0xD62CCF93,Plugins\FieldEditor4\LAND\RONIN_OBJECT\MHE_TMD4\set-s02-ykhm-objects-00-pail01-DES\set-s02-ykhm-objects-00-pail01-DES.g1p
0xD667F6C6,Plugins\FieldEditor4\LAND\RONIN_OBJECT03\MHE_TMD4\set-s01-krf-books-01a-DES\set-s01-krf-books-01a-DES.g1cox
0xD674C1CB,Plugins\FieldEditor4\LAND\RONIN_OBJECT03\MHE_TMD4\set-s02-ykhm-objects-00-stall-04-DES\set-s02-ykhm-objects-00-stall-04-DES.g1cox
0xD6981AC9,Plugins\FieldEditor4\LAND\RONIN_OBJECT03\MHE_TMD4\set-s01-ykp-brazier-00-DES\set-s01-ykp-brazier-00-DES.g1mx
0xD6B4413F,Plugins\FieldEditor4\LAND\RONIN_OBJECT03\MHE_TMD4\set-s02-edj-wooden-box-02-DES\obj-s02-edj-wooden-box-02-DES.g1cox
0xD6C38548,Plugins\FieldEditor4\LAND\RONIN_OBJECT\MHE_TMD4\set-s170-goods-shelf-04-dest01-DES\set-s170-goods-shelf-04-dest01-DES.g1p
0xD7416929,Plugins\FieldEditor4\LAND\RONIN_OBJECT\MHE_TMD4\set-s01-ykp-stall-05-DES\obj-s01-ykp-stall-05-DES.g1mx
0xD765FBE1,Plugins\FieldEditor4\LAND\RONIN_OBJECT\MHE_TMD4\set-s170-goods-shelf-04-dest01-DES\set-s170-goods-shelf-04-dest01-DES.g1mx
0xD782F163,Plugins\FieldEditor4\LAND\RONIN_OBJECT03\MHE_TMD4\set-ykak-goods-chair-03\set-ykak-goods-chair-03.g1cox
0xD7B748D6,Plugins\FieldEditor4\LAND\RONIN_OBJECT\MHE_TMD4\set-s01-ykp-shop-kajiya-object-10a-DES\set-s01-ykp-shop-kajiya-object-10a-DES.g1p
0xD7F0DB70,Plugins\FieldEditor4\LAND\RONIN_OBJECT03\MHE_TMD4\set-s170-goods-vase-05-DES\set-s170-goods-vase-05-DES.g1cox
0xD858395D,Plugins\FieldEditor4\LAND\TWILIGHT_OBJECT\MHE_TMD4\set-s060-hole-goods-04\set-s060-hole-goods-04.g1cox
0xD892512C,Plugins\FieldEditor4\LAND\RONIN_OBJECT\MHE_TMD4\set-s01-sksh-wood-objects-03a-DES\set-s01-sksh-wood-objects-03a-DES.g1cox
0xD89C8F3D,Plugins\FieldEditor4\LAND\RONIN_OBJECT03\MHE_TMD4\set-ykak-goods-chair-01\set-ykak-goods-chair-01.g1p
0xD89CD9EA,Plugins\FieldEditor4\LAND\RONIN_OBJECT03\MHE_TMD4\set-s01-ykp-shop-drug-object-13a-DES\set-s01-ykp-shop-drug-object-13a-DES.g1mx
0xD8DEFFB9,Plugins\FieldEditor4\LAND\DAYLIGHT_SEN_HOUSE\MHE_TMD4\set-sen-cmn-hotel-door-01-DES\set-sen-cmn-hotel-door-01-DES.g1p
0xD8FC3655,Plugins\FieldEditor4\LAND\TWILIGHT_OBJECT\MHE_TMD4\set-s010-bg-gm-13-dest\set-s010-bg-gm-13-dest.g1cox
0xD90ACF08,Plugins\FieldEditor4\LAND\RONIN_OBJECT\MHE_TMD4\set-s170-goods-pail-04-DES\set-s170-goods-pail-04-DES.g1mx
0xD924367C,Plugins\FieldEditor4\LAND\RONIN_OBJECT03\MHE_TMD4\set-s01-sakr-objects-shoji-01-DES\set-s01-sakr-objects-shoji-01-DES.g1cox
0xD948D8B5,Plugins\FieldEditor4\LAND\RONIN_OBJECT\MHE_TMD4\set-csl-goods-shelf-05-DES\set-csl-goods-shelf-05-DES.g1p
0xD9655DC9,Plugins\FieldEditor4\LAND\RONIN_OBJECT03\MHE_TMD4\set-EX-kitchen-crock02-DES\set-EX-kitchen-crock02-DES.g1mx
0xD98E8C3C,Plugins\FieldEditor4\LAND\TWILIGHT_OBJECT\MHE_TMD4\set-s060-hole-goods-14\set-s060-hole-goods-14.g1cox
0xD9AA6224,Plugins\FieldEditor4\LAND\RONIN_OBJECT\MHE_TMD4\set-s170-goods-pail-01-DES\set-s170-goods-pail-01-DES.g1p
0xD9BD8F78,Plugins\FieldEditor4\LAND\RONIN_OBJECT\MHE_TMD4\set-s01-sksh-objects-00-rice00-DES\set-s01-sksh-objects-00-rice00-DES.g1p
0xD9BE16D3,Plugins\FieldEditor4\LAND\DAYLIGHT_BAK_LIGHT\MHE_TMD4\set-bak-bonfire-01-DES\set-bak-bonfire-01-DES.g1mx
0xD9C30EFD,Plugins\FieldEditor4\LAND\DAYLIGHT_SEN_OBJECT\MHE_TMD4\set-sen-cmn-objects-cushion-01-DES\set-sen-cmn-objects-cushion-01-DES.g1cox
0xD9DA188A,Plugins\FieldEditor4\LAND\RONIN_OBJECT\MHE_TMD4\set-s01-ykp-shop-goods-03a-DES\set-s01-ykp-shop-goods-03a-DES.g1cox
0xD9FB9BF5,Plugins\FieldEditor4\LAND\RONIN_OBJECT03\MHE_TMD4\set-s810-tresure-dish-06-DES\set-s810-tresure-dish-06-DES.g1p
0xDA07DE24,Plugins\FieldEditor4\LAND\RONIN_OBJECT03\MHE_TMD4\set-cmn-kyt-objects-trashcan-01c-DES\set-cmn-kyt-objects-trashcan-01c-DES.g1mx
0xDA5569D2,Plugins\FieldEditor4\LAND\RONIN_OBJECT03\MHE_TMD4\set-s01-ykp-shop-photo-obj-chair01-DES\set-s01-ykp-shop-photo-obj-chair01-DES.g1cox
0xDA880ADC,Plugins\FieldEditor4\LAND\RONIN_OBJECT03\MHE_TMD4\set-s01-ykp-flag-02c\set-s01-ykp-flag-02c.g1cox
0xDA8959C4,Plugins\FieldEditor4\LAND\RONIN_OBJECT03\MHE_TMD4\set-EX-kitchen-crock02-DES\set-EX-kitchen-crock02-DES.g1cox
0xDA9D5B96,Plugins\FieldEditor4\LAND\DAYLIGHT_CMN_GENERAL\MHE_TMD4\set-S130-barrel-gunpowder-01\set-S130-barrel-gunpowder-01.g1mx
0xDA9EEC40,Plugins\FieldEditor4\LAND\TWILIGHT_OBJECT\MHE_TMD4\set-S060-obj-f-01b-bk\set-S060-obj-f-01b-bk.g1p
0xDAA2B492,Plugins\FieldEditor4\LAND\RONIN_OBJECT03\MHE_TMD4\set-s170-goods-cloth-04-DES\obj-s170-goods-cloth-04-DES.g1mx
0xDAF21E7E,Plugins\FieldEditor4\LAND\RONIN_OBJECT03\MHE_TMD4\set-cmn-tokugawa-flag-02b\set-cmn-tokugawa-flag-02b.g1cox
0xDB0AF567,Plugins\FieldEditor4\LAND\DAYLIGHT_SEN_OBJECT\MHE_TMD4\set-sen-you-goods-shugen-12-DES\set-sen-you-goods-shugen-12-DES.g1p
0xDB222534,Plugins\FieldEditor4\LAND\TWILIGHT_OBJECT\MHE_TMD4\set-s010-hill-stone-06\set-s010-hill-stone-06.g1cox
0xDB2D0D46,Plugins\FieldEditor4\LAND\RONIN_OBJECT03\MHE_TMD4\set-csl-goods-weapon-07-DES\set-csl-goods-weapon-07-DES.g1cox
0xDB3146D9,Plugins\FieldEditor4\LAND\RONIN_OBJECT\MHE_TMD4\set-s02-ykhm-close-objects-23a-DES\set-s02-ykhm-close-objects-23a-DES.g1mx
0xDB348890,Plugins\FieldEditor4\LAND\RONIN_OBJECT\MHE_TMD4\set-s02-chdojo-objects-cloth-01a-DES\set-s02-chdojo-objects-cloth-01a-DES.g1p
0xDB46795C,Plugins\FieldEditor4\LAND\RONIN_OBJECT03\MHE_TMD4\set-s01-ysk-objects-00-cabinets03-DES\set-s01-ysk-objects-00-cabinets03-DES.g1p
0xDB54FFAC,Plugins\FieldEditor4\LAND\RONIN_OBJECT02\MHE_TMD4\set-csl-goods-shoji-01-break03-DES\set-csl-goods-shoji-01-break03-DES.g1cox
0xDB658311,Plugins\FieldEditor4\LAND\TWILIGHT_OBJECT\MHE_TMD4\set-s010-hill-stone-07\set-s010-hill-stone-07.g1p
0xDB6E808B,Plugins\FieldEditor4\LAND\RONIN_OBJECT03\MHE_TMD4\set-cmn-kyt-object-tsukemono-01-DES\set-cmn-kyt-object-tsukemono-01-DES.g1mx
0xDB7ABAF0,Plugins\FieldEditor4\LAND\RONIN_OBJECT\MHE_TMD4\set-s01-ysk-objects-00-stove01-DES\set-s01-ysk-objects-00-stove01-DES.g1mx
0xDBC8C581,Plugins\FieldEditor4\LAND\TWILIGHT_OBJECT\MHE_TMD4\set-S130-hot-springs-tub-02\set-S130-hot-springs-tub-02.g1p
0xDBCD0F17,Plugins\FieldEditor4\LAND\RONIN_OBJECT03\MHE_TMD4\set-s170-goods-box-05-DES\set-s170-goods-box-05-DES.g1mx
0xDBF68FB8,Plugins\FieldEditor4\LAND\RONIN_OBJECT03\MHE_TMD4\set-cmn-mib-flag-02b\set-cmn-mib-flag-02b.g1mx
0xDBFE169E,Plugins\FieldEditor4\LAND\DAYLIGHT_CMN_GENERAL\MHE_TMD4\set-cmn-gdt-syugorei-rock-L01\set-cmn-gdt-syugorei-rock-L01.g1p
0xDC04AA5F,Plugins\FieldEditor4\LAND\RONIN_OBJECT03\MHE_TMD4\set-s02-ykhm-objects-00-stall-01-DES\set-s02-ykhm-objects-00-stall-01-DES.g1mx
0xDC3814C8,Plugins\FieldEditor4\LAND\TWILIGHT_OBJECT\MHE_TMD4\set-general-placement-03-bk\set-general-placement-03-bk.g1mx
0xDC3CAD52,Plugins\FieldEditor4\LAND\RONIN_OBJECT03\MHE_TMD4\set-s02-ykhm-objects-10-woodbox02-DES\set-s02-ykhm-objects-10-woodbox02-DES.g1cox
0xDC637E0A,Plugins\FieldEditor4\LAND\RONIN_OBJECT\MHE_TMD4\set-s010-furnace-goods00\set-s010-furnace-goods00.g1cox
0xDC6395C6,Plugins\FieldEditor4\LAND\RONIN_OBJECT\MHE_TMD4\set-s02-ykhm-objects-01-basket01-DES\set-s02-ykhm-objects-01-basket01-DES.g1cox
0xDC6F5F8A,Plugins\FieldEditor4\LAND\RONIN_OBJECT03\MHE_TMD4\set-s01-sakr-goods-dish02-DES\set-s01-sakr-goods-dish02-DES.g1p
0xDC8DBC02,Plugins\FieldEditor4\LAND\DAYLIGHT_CMN_GENERAL\MHE_TMD4\set-cmn-gdt-summon-tourou-01\set-cmn-gdt-summon-tourou-01.g1mx
0xDCB0D5A5,Plugins\FieldEditor4\LAND\RONIN_OBJECT\MHE_TMD4\set-s02-ykhm-objects-00-fish01\set-s02-ykhm-objects-00-fish01.g1cox
0xDCB547FF,Plugins\FieldEditor4\LAND\RONIN_OBJECT\MHE_TMD4\set-s02-ykhm-objects-00-dish04-DES\set-s02-ykhm-objects-00-dish04-DES.g1mx
0xDCCC4C8B,Plugins\FieldEditor4\LAND\RONIN_OBJECT03\MHE_TMD4\set-csl-goods-vase-04-DES\set-csl-goods-vase-04-DES.g1mx
0xDCE507FF,Plugins\FieldEditor4\LAND\RONIN_OBJECT03\MHE_TMD4\set-csl-goods-shoji-02-DES\set-csl-goods-shoji-02-DES.g1mx
0xDCF3B0BA,Plugins\FieldEditor4\LAND\RONIN_OBJECT03\MHE_TMD4\set-S810-tresure-vase-01\set-S810-tresure-vase-01.g1mx
0xDD481D39,Plugins\FieldEditor4\LAND\DAYLIGHT_CMN_PLANTHICHI\MHE_TMD4\set-dyl-tree-boss-small-01-DES\set-dyl-tree-boss-small-01-DES.g1mx
0xDDB31DFD,Plugins\FieldEditor4\LAND\RONIN_OBJECT\MHE_TMD4\set-csl-goods-shelf-04-dest01-DES\set-csl-goods-shelf-04-dest01-DES.g1p
0xDDC00427,Plugins\FieldEditor4\LAND\RONIN_OBJECT03\MHE_TMD4\set-s02-ykhm-objects-00-stall-04-DES\set-s02-ykhm-objects-00-stall-04-DES.g1p
0xDDD5D475,Plugins\FieldEditor4\LAND\TWILIGHT_OBJECT\MHE_TMD4\set-s050-box-06\set-s050-box-06.g1cox
0xDDF6F70C,Plugins\FieldEditor4\LAND\DAYLIGHT_SEN_OBJECT\MHE_TMD4\set-sen-hidr-rock-02-DES\set-sen-hidr-rock-02-DES.g1mx
0xDE3FD6A6,Plugins\FieldEditor4\LAND\RONIN_OBJECT03\MHE_TMD4\set-YABUSAME-target-01a\set-YABUSAME-target-01a.g1mx
0xDE5ADBCE,Plugins\FieldEditor4\LAND\TWILIGHT_OBJECT\MHE_TMD4\set-general-goods-byobu-03\set-general-goods-byobu-03.g1p
0xDE67EE0D,Plugins\FieldEditor4\LAND\RONIN_OBJECT03\MHE_TMD4\set-s170-goods-tea-01-DES\set-s170-goods-tea-01-DES.g1cox
0xDED213AF,Plugins\FieldEditor4\LAND\RONIN_OBJECT\MHE_TMD4\set-s01-ykp-shop-kajiya-object-25a-DES\set-s01-ykp-shop-kajiya-object-25a-DES.g1mx
0xDEE3AD9B,Plugins\FieldEditor4\LAND\RONIN_OBJECT\MHE_TMD4\set-csl-goods-shelf-03-DES\set-csl-goods-shelf-03-DES.g1cox
0xDEE499F4,Plugins\FieldEditor4\LAND\DAYLIGHT_SEN_OBJECT\MHE_TMD4\set-hre-fusuma-04a-DES\set-hre-fusuma-04a-DES.g1p
0xDF28F107,Plugins\FieldEditor4\LAND\RONIN_OBJECT\MHE_TMD4\set-csl-goods-pail-02-DES\set-csl-goods-pail-02-DES.g1mx
0xDF2CD525,Plugins\FieldEditor4\LAND\DAYLIGHT_SEN_OBJECT\MHE_TMD4\set-sen-you-goods-shugen-07-DES\set-sen-you-goods-shugen-07-DES.g1cox
0xDF74C65B,Plugins\FieldEditor4\LAND\RONIN_OBJECT03\MHE_TMD4\set-cmn-ky-shop-obj-flag-04\set-cmn-ky-shop-obj-flag-04.g1mx
0xDF766578,Plugins\FieldEditor4\LAND\RONIN_OBJECT\MHE_TMD4\set-s02-chdojo-objects-cloth-02a-DES\set-s02-chdojo-objects-cloth-02a-DES.g1mx
0xDF83131B,Plugins\FieldEditor4\LAND\DRAFT_MODEL_CONTAINER\MHE_TMD4\set-s050-box-01\set-s050-box-01.g1cox
0xDF9E42C1,Plugins\FieldEditor4\LAND\RONIN_OBJECT03\MHE_TMD4\set-s01-ykp-shop-drug-object-11a-DES\set-s01-ykp-shop-drug-object-11a-DES.g1cox
0xDFA39D0A,Plugins\FieldEditor4\LAND\RONIN_OBJECT03\MHE_TMD4\set-S01-dojo-goods-target-01-DES\set-S01-dojo-goods-target-01-DES.g1mx
0xDFB0B6DE,Plugins\FieldEditor4\LAND\RONIN_OBJECT\MHE_TMD4\set-cmn-gissha-05\set-cmn-gissha-05.g1p
0xDFBCA391,Plugins\FieldEditor4\LAND\RONIN_OBJECT\MHE_TMD4\set-s02-ykhm-close-objects-09a-DES\set-s02-ykhm-close-objects-09a-DES.g1mx
0xDFCE2FED,Plugins\FieldEditor4\LAND\DAYLIGHT_SEN_NATURE\MHE_TMD4\set-dyl-grass-toutyukasou-02-DES\set-dyl-grass-toutyukasou-02-DES.g1p
0xDFD04086,Plugins\FieldEditor4\LAND\RONIN_OBJECT03\MHE_TMD4\set-s02-ykhm-objects-37-table02-DES\set-s02-ykhm-objects-37-table02-DES.g1mx
0xDFD5882B,Plugins\FieldEditor4\LAND\RONIN_OBJECT03\MHE_TMD4\set-s02-ykhm-objects-14-box01-DES\set-s02-ykhm-objects-14-box01-DES.g1mx
0xDFDB0D65,Plugins\FieldEditor4\LAND\TWILIGHT_OBJECT\MHE_TMD4\set-general-placement-06-bk\set-general-placement-06-bk.g1mx
0xE002C04E,Plugins\FieldEditor4\LAND\TWILIGHT_OBJECT\MHE_TMD4\set-s010-bg-gm-14\set-s010-bg-gm-14.g1p
0xE01C4C22,Plugins\FieldEditor4\LAND\RONIN_OBJECT\MHE_TMD4\set-s170-goods-pail-04-break-DES\set-s170-goods-pail-04-break-DES.g1p
0xE031888C,Plugins\FieldEditor4\LAND\TWILIGHT_OBJECT\MHE_TMD4\set-S350-altar-02-brk\set-S350-altar-02-brk.g1p
0xE03CD387,Plugins\FieldEditor4\LAND\RONIN_OBJECT03\MHE_TMD4\set-s01-china-goods-vial-01c-DES\set-s01-china-goods-vial-01c-DES.g1mx
0xE079264D,Plugins\FieldEditor4\LAND\TWILIGHT_OBJECT\MHE_TMD4\set-s010-bg-gm-04\set-s010-bg-gm-04.g1p
0xE082B220,Plugins\FieldEditor4\LAND\TWILIGHT_OBJECT\MHE_TMD4\set-general-placement-13-bk\set-general-placement-13-bk.g1p
0xE08512B3,Plugins\FieldEditor4\LAND\RONIN_OBJECT\MHE_TMD4\set-s02-ykhm-objects-10-stair-01-DES\set-s02-ykhm-objects-10-stair-01-DES.g1cox
0xE0C3CB66,Plugins\FieldEditor4\LAND\RONIN_OBJECT\MHE_TMD4\set-s01-ry-goods-kithn-chair-00\set-s01-ry-goods-kithn-chair-00.g1p
0xE0CB71D3,Plugins\FieldEditor4\LAND\RONIN_OBJECT\MHE_TMD4\set-s02-edj-sword-01-DES\obj-s02-edj-sword-01-DES.g1cox
0xE10A7710,Plugins\FieldEditor4\LAND\RONIN_OBJECT03\MHE_TMD4\set-s01-ykp-shop-kajiya-object-21a-DES\set-s01-ykp-shop-kajiya-object-21a-DES.g1mx
0xE1116044,Plugins\FieldEditor4\LAND\TWILIGHT_OBJECT\MHE_TMD4\set-general-placement-07-bk\set-general-placement-07-bk.g1mx
0xE11B1179,Plugins\FieldEditor4\LAND\DAYLIGHT_CMN_GENERAL\MHE_TMD4\set-MS-gdt-sen-brokenrock-01\set-MS-gdt-sen-brokenrock-01.g1mx
0xE139B42F,Plugins\FieldEditor4\LAND\TWILIGHT_OBJECT\MHE_TMD4\set-s060-hole-goods-weapon-02\set-s060-hole-goods-weapon-02.g1p
0xE1517FD0,Plugins\FieldEditor4\LAND\RONIN_OBJECT03\MHE_TMD4\set-cmn-obj-taru-01a-DES\set-cmn-obj-taru-01a-DES.g1cox
0xE17C5CB5,Plugins\FieldEditor4\LAND\RONIN_OBJECT03\MHE_TMD4\set-cmn-edo-obj-watertank-01a-DES\set-cmn-edo-obj-watertank-01a-DES.g1cox
0xE17D7A6C,Plugins\FieldEditor4\LAND\RONIN_OBJECT\MHE_TMD4\set-s01-china-goods-chair-01a-DES\set-s01-china-goods-chair-01a-DES.g1cox
0xE1955812,Plugins\FieldEditor4\LAND\TWILIGHT_OBJECT\MHE_TMD4\set-s010-bg-gm-03\set-s010-bg-gm-03.g1cox
0xE1AD3C44,Plugins\FieldEditor4\LAND\RONIN_OBJECT03\MHE_TMD4\set-s01-ykp-shop-kajiya-object-17a-DES\set-s01-ykp-shop-kajiya-object-17a-DES.g1cox
0xE1EE5E5E,Plugins\FieldEditor4\LAND\RONIN_OBJECT03\MHE_TMD4\set-s01-ysk-objects-00-woodbox02-DES\set-s01-ysk-objects-00-woodbox02-DES.g1cox
0xE21AEAE7,Plugins\FieldEditor4\LAND\RONIN_OBJECT03\MHE_TMD4\set-s01-krf-cart-01a-break\set-s01-krf-cart-01a-break.g1p
0xE2358D39,Plugins\FieldEditor4\LAND\DAYLIGHT_CMN_GENERAL\MHE_TMD4\set-MS-FAB-general-rollingsnowball-01\set-MS-FAB-general-rollingsnowball-01.g1cox
0xE2428FD3,Plugins\FieldEditor4\LAND\TWILIGHT_OBJECT\MHE_TMD4\set-s060-hole-goods-weapon-02\set-s060-hole-goods-weapon-02.g1cox
0xE247B323,Plugins\FieldEditor4\LAND\TWILIGHT_OBJECT\MHE_TMD4\set-general-placement-08-bk\set-general-placement-08-bk.g1mx
0xE24BD25A,Plugins\FieldEditor4\LAND\RONIN_OBJECT\MHE_TMD4\set-s060-csl-goods-barrel-01-DES\set-s060-csl-goods-barrel-01-DES.g1p
0xE28B2528,Plugins\FieldEditor4\LAND\DAYLIGHT_BAK_OBJECT\MHE_TMD4\set-bak-abu-BOSS-house-pillar-01-DES\set-bak-abu-BOSS-house-pillar-01-DES.g1mx
0xE2957C58,Plugins\FieldEditor4\LAND\DAYLIGHT_SEN_OBJECT\MHE_TMD4\set-hre-fusuma-01b-DES\set-hre-fusuma-01b-DES.g1p
0xE29589F1,Plugins\FieldEditor4\LAND\DAYLIGHT_SEN_OBJECT\MHE_TMD4\set-sen-cmn-goods-pot-01\set-sen-cmn-goods-pot-01.g1p
0xE2998116,Plugins\FieldEditor4\LAND\DAYLIGHT_CMN_HELL\MHE_TMD4\set-gdt-hell-kusabi-a03-DES\set-gdt-hell-kusabi-a03-DES.g1p
0xE2B2BE9D,Plugins\FieldEditor4\LAND\RONIN_OBJECT03\MHE_TMD4\set-cmn-ky-shop-obj-flag-02\set-cmn-ky-shop-obj-flag-02.g1mx
0xE31003A6,Plugins\FieldEditor4\LAND\RONIN_OBJECT03\MHE_TMD4\set-s01-umbrella-a-01\set-s01-umbrella-a-01.g1mx
0xE3517CE7,Plugins\FieldEditor4\LAND\RONIN_OBJECT03\MHE_TMD4\set-s02-ykhm-objects-54-fabric03-DES\set-s02-ykhm-objects-54-fabric03-DES.g1mx
0xE39C08E8,Plugins\FieldEditor4\LAND\RONIN_OBJECT03\MHE_TMD4\set-csl-goods-weapon-06\obj-csl-goods-weapon-06.g1cox
0xE3E134F8,Plugins\FieldEditor4\LAND\RONIN_LIGHT\MHE_TMD4\set-s170-goods-lantern-03a-inroom-DES\set-s170-goods-lantern-03a-inroom-DES.g1cox
0xE402D3B9,Plugins\FieldEditor4\LAND\RONIN_OBJECT03\MHE_TMD4\set-s02-ykhm-objects-29-pillow01-DES\set-s02-ykhm-objects-29-pillow01-DES.g1mx
0xE45B5C4C,Plugins\FieldEditor4\LAND\RONIN_OBJECT03\MHE_TMD4\set-s02-ykhm-objects-00-flag16\set-s02-ykhm-objects-00-flag16.g1p
0xE45BB61C,Plugins\FieldEditor4\LAND\RONIN_OBJECT03\MHE_TMD4\set-s01-ykp-shop-kajiya-object-20a-DES\set-s01-ykp-shop-kajiya-object-20a-DES.g1cox
0xE47929D0,Plugins\FieldEditor4\LAND\TWILIGHT_OBJECT\MHE_TMD4\set-S350-haniwa-a04\set-S350-haniwa-a04.g1cox
0xE4AB77C3,Plugins\FieldEditor4\LAND\DRAFT_MODEL_CONTAINER\MHE_TMD4\set-ykak-tourou-01-DES\set-ykak-tourou-01-DES.g1mx
0xE4B3D3C6,Plugins\FieldEditor4\LAND\RONIN_OBJECT03\MHE_TMD4\set-s02-edj-cushion-00-DES\set-s02-edj-cushion-00-DES.g1cox
0xE4BD9129,Plugins\FieldEditor4\LAND\TWILIGHT_OBJECT\MHE_TMD4\set-general-placement-13\set-general-placement-13.g1p
0xE4E45625,Plugins\FieldEditor4\LAND\RONIN_OBJECT03\MHE_TMD4\set-s01-sks-weapon-01b\set-s01-sks-weapon-01b.g1p
0xE4EABB31,Plugins\FieldEditor4\LAND\DAYLIGHT_CMN_GENERAL\MHE_TMD4\set-bak-gdt-needle-floor\set-bak-gdt-needle-floor.g1mx
0xE5126A52,Plugins\FieldEditor4\LAND\TWILIGHT_OBJECT\MHE_TMD4\set-S100-brkobj-hanging-scroll-01\set-S100-brkobj-hanging-scroll-01.g1p
0xE5214626,Plugins\FieldEditor4\LAND\DRAFT_MODEL_CONTAINER\MHE_TMD4\set-csl-goods-pot-06-DES\set-csl-goods-pot-06-DES.g1p
0xE53449AB,Plugins\FieldEditor4\LAND\TWILIGHT_OBJECT\MHE_TMD4\set-S060-obj-f-03b\set-S060-obj-f-03b.g1cox
0xE547C1FA,Plugins\FieldEditor4\LAND\DAYLIGHT_BAK_LIGHT\MHE_TMD4\set-bak-bonfire-01-DES\set-bak-bonfire-01-DES.g1cox
0xE5740E92,Plugins\FieldEditor4\LAND\RONIN_OBJECT03\MHE_TMD4\set-csl-goods-sword-02-DES\set-csl-goods-sword-02-DES.g1cox
0xE57AF262,Plugins\FieldEditor4\LAND\RONIN_OBJECT03\MHE_TMD4\set-csl-goods-weapon-07-DES\set-csl-goods-weapon-07-DES.g1p
0xE5835611,Plugins\FieldEditor4\LAND\RONIN_OBJECT03\MHE_TMD4\set-s01-sksh-close-objects-01a-DES\obj-s01-sksh-close-objects-01a-DES.g1p
0xE584D36F,Plugins\FieldEditor4\LAND\RONIN_OBJECT03\MHE_TMD4\set-MS-feudaljapan-tourou-01-DES\set-MS-feudaljapan-tourou-01-DES.g1cox
0xE587004D,Plugins\FieldEditor4\LAND\RONIN_OBJECT03\MHE_TMD4\set-s01-ykp-signboard-01\set-s01-ykp-signboard-01.g1p
0xE5D51571,Plugins\FieldEditor4\LAND\DAYLIGHT_SEN_HOUSE\MHE_TMD4\set-sen-cmn-hotel-window-02-DES\set-sen-cmn-hotel-window-02-DES.g1mx
0xE5E314A6,Plugins\FieldEditor4\LAND\RONIN_OBJECT03\MHE_TMD4\set-s170-goods-lantern-03-inroom\set-s170-goods-lantern-03-inroom.g1mx
0xE5E82F61,Plugins\FieldEditor4\LAND\RONIN_OBJECT\MHE_TMD4\set-s01-ysk-objects-00-rope02\set-s01-ysk-objects-00-rope02.g1cox
0xE6415D85,Plugins\FieldEditor4\LAND\DRAFT_MODEL_CONTAINER\MHE_TMD4\set-csl-goods-pot-01-DES\set-csl-goods-pot-01-DES.g1cox
0xE6AC2ACA,Plugins\FieldEditor4\LAND\RONIN_OBJECT\MHE_TMD4\set-s01-ykp-port-goods-02-DES\set-s01-ykp-port-goods-02-DES.g1mx
0xE6BAD06E,Plugins\FieldEditor4\LAND\RONIN_OBJECT03\MHE_TMD4\set-s01-sakr-goods-dish02-DES\set-s01-sakr-goods-dish02-DES.g1cox
0xE6FC0734,Plugins\FieldEditor4\LAND\RONIN_OBJECT03\MHE_TMD4\set-csl-goods-pail-03\set-csl-goods-pail-03.g1p
0xE745CF3E,Plugins\FieldEditor4\LAND\RONIN_OBJECT\MHE_TMD4\set-s060-csl-goods-barrel-01-DES\set-s060-csl-goods-barrel-01-DES.g1cox
0xE74E29A0,Plugins\FieldEditor4\LAND\DAYLIGHT_SEN_OBJECT\MHE_TMD4\set-MS-sen-htmt-coral-03a-DES\set-MS-sen-htmt-coral-03a-DES.g1mx
0xE764FB12,Plugins\FieldEditor4\LAND\RONIN_OBJECT\MHE_TMD4\set-s01-ykp-objects-17-radish03-DES\set-s01-ykp-objects-17-radish03-DES.g1cox
0xE766FB50,Plugins\FieldEditor4\LAND\RONIN_OBJECT\MHE_TMD4\set-s02-ykhm-close-objects-23a-DES\set-s02-ykhm-close-objects-23a-DES.g1p
0xE7A20374,Plugins\FieldEditor4\LAND\RONIN_OBJECT\MHE_TMD4\set-s02-rpj-chair-01\set-s02-rpj-chair-01.g1mx
0xE7AA1FF9,Plugins\FieldEditor4\LAND\RONIN_LIGHT\MHE_TMD4\set-cmn-goods-lantern-01a\set-cmn-goods-lantern-01a.g1cox
0xE7E1AA97,Plugins\FieldEditor4\LAND\TWILIGHT_OBJECT\MHE_TMD4\set-s010-bg-gm-10\set-s010-bg-gm-10.g1mx
0xE80C8530,Plugins\FieldEditor4\LAND\RONIN_OBJECT\MHE_TMD4\set-csl-goods-cushion-01-DES\set-csl-goods-cushion-01-DES.g1p
0xE86D9C66,Plugins\FieldEditor4\LAND\RONIN_OBJECT03\MHE_TMD4\set-s170-goods-cloth-08-DES\set-s170-goods-cloth-08-DES.g1p
0xE897FAE1,Plugins\FieldEditor4\LAND\TWILIGHT_OBJECT\MHE_TMD4\set-S800-rubble-dest-02\set-S800-rubble-dest-02.g1cox
0xE8CFEFC7,Plugins\FieldEditor4\LAND\DAYLIGHT_CMN_GENERAL\MHE_TMD4\set-htmt-gdt-bamboo-fence-stg-01a-DES\set-htmt-gdt-bamboo-fence-stg-01a-DES.g1cox
0xE9000492,Plugins\FieldEditor4\LAND\RONIN_OBJECT03\MHE_TMD4\set-s050-box-02\set-s050-box-02.g1p
0xE9153C3B,Plugins\FieldEditor4\LAND\RONIN_OBJECT\MHE_TMD4\set-s01-ysk-objects-00-cabinets01-DES\set-s01-ysk-objects-00-cabinets01-DES.g1cox
0xE925C3BE,Plugins\FieldEditor4\LAND\RONIN_OBJECT\MHE_TMD4\set-s02-ykhm-objects-00-dish03-DES\set-s02-ykhm-objects-00-dish03-DES.g1mx
0xE9264E7E,Plugins\FieldEditor4\LAND\TWILIGHT_OBJECT\MHE_TMD4\set-S800-bowl-03\set-S800-bowl-03.g1cox
0xE92739A1,Plugins\FieldEditor4\LAND\RONIN_OBJECT03\MHE_TMD4\set-s01-ykp-shop-drug-object-15a-DES\set-s01-ykp-shop-drug-object-15a-DES.g1p
0xE998773C,Plugins\FieldEditor4\LAND\RONIN_OBJECT\MHE_TMD4\set-csl-goods-screen-05-DES\set-csl-goods-screen-05-DES.g1mx
0xE9990B9A,Plugins\FieldEditor4\LAND\RONIN_OBJECT03\MHE_TMD4\set-cmn-kyt-shrine-flag-03a-DES\set-cmn-kyt-shrine-flag-03a-DES.g1cox
0xE99CB47D,Plugins\FieldEditor4\LAND\TWILIGHT_OBJECT\MHE_TMD4\set-S800-bowl-02\set-S800-bowl-02.g1cox
0xEA0EFD31,Plugins\FieldEditor4\LAND\DAYLIGHT_SEN_OBJECT\MHE_TMD4\set-sen-cmn-goods-tea-06-DES\set-sen-cmn-goods-tea-06-DES.g1cox
0xEA131A7C,Plugins\FieldEditor4\LAND\TWILIGHT_OBJECT\MHE_TMD4\set-S800-bowl-01\set-S800-bowl-01.g1cox
0xEA631443,Plugins\FieldEditor4\LAND\RONIN_OBJECT\MHE_TMD4\set-s02-edo-knd-obj-01a-DES\set-s02-edo-knd-obj-01a-DES.g1cox
0xEA742D67,Plugins\FieldEditor4\LAND\RONIN_OBJECT\MHE_TMD4\set-cmn-kyt-obj-goods-pail-02-DES\set-cmn-kyt-obj-goods-pail-02-DES.g1p
0xEA74894B,Plugins\FieldEditor4\LAND\RONIN_OBJECT\MHE_TMD4\set-s01-ysk-objects-00-cabinets08-DES\set-s01-ysk-objects-00-cabinets08-DES.g1mx
0xEA8C21E2,Plugins\FieldEditor4\LAND\DAYLIGHT_SEN_OBJECT\MHE_TMD4\set-MS-sen-htmt-coral-01a-DES\set-MS-sen-htmt-coral-01a-DES.g1mx
0xEAC867D2,Plugins\FieldEditor4\LAND\RONIN_OBJECT\MHE_TMD4\set-csl-goods-cookware-03-DES\set-csl-goods-cookware-03-DES.g1p
0xEB5F9E82,Plugins\FieldEditor4\LAND\RONIN_OBJECT\MHE_TMD4\set-s01-ysk-objects-00-cabinets08-DES\set-s01-ysk-objects-00-cabinets08-DES.g1cox
0xEB65DC44,Plugins\FieldEditor4\LAND\RONIN_OBJECT\MHE_TMD4\set-csl-goods-pot-05-DES\set-csl-goods-pot-05-DES.g1cox
0xEB6C94CC,Plugins\FieldEditor4\LAND\RONIN_OBJECT03\MHE_TMD4\set-csl-goods-pot-06b-DES\obj-csl-goods-pot-06b-DES.g1mx
0xEB77F5B7,Plugins\FieldEditor4\LAND\RONIN_OBJECT\MHE_TMD4\set-s02-ykhm-objects-05-jars02-DES\set-s02-ykhm-objects-05-jars02-DES.g1cox
0xEB8F8449,Plugins\FieldEditor4\LAND\RONIN_OBJECT03\MHE_TMD4\set-s02-edo-knd-obj-25a-DES\set-s02-edo-knd-obj-25a-DES.g1mx
0xEBCFBCE6,Plugins\FieldEditor4\LAND\DAYLIGHT_SEN_OBJECT\MHE_TMD4\set-sen-cmn-objects-watervat-01-DES\set-sen-cmn-objects-watervat-01-DES.g1p
0xEBE4EBFA,Plugins\FieldEditor4\LAND\DAYLIGHT_CMN_GENERAL\MHE_TMD4\set-rtm-MS-kowaretourou-a01\set-rtm-MS-kowaretourou-a01.g1cox
0xEC1D464A,Plugins\FieldEditor4\LAND\RONIN_OBJECT03\MHE_TMD4\set-s170-goods-cloth-08-DES\set-s170-goods-cloth-08-DES.g1cox
0xEC1EFD0B,Plugins\FieldEditor4\LAND\RONIN_OBJECT\MHE_TMD4\set-cmn-gissha-05\set-cmn-gissha-05.g1mx
0xEC7DC69C,Plugins\FieldEditor4\LAND\RONIN_OBJECT03\MHE_TMD4\set-s01-benten-umbrella-01\set-s01-benten-umbrella-01.g1cox
0xEC941B1A,Plugins\FieldEditor4\LAND\DAYLIGHT_SEN_OBJECT\MHE_TMD4\set-hre-fusuma-02a-DES\set-hre-fusuma-02a-DES.g1cox
0xECA94BFF,Plugins\FieldEditor4\LAND\RONIN_OBJECT\MHE_TMD4\set-s01-ykp-shop-drug-object-27a-DES\set-s01-ykp-shop-drug-object-27a-DES.g1p
0xECC8DC1A,Plugins\FieldEditor4\LAND\RONIN_OBJECT03\MHE_TMD4\set-s01-benten-stall-05\set-s01-benten-stall-05.g1p
0xECEC45C7,Plugins\FieldEditor4\LAND\RONIN_LIGHT\MHE_TMD4\set-s03-kyt-cmn-objects-light-andon-01a-DES\set-s03-kyt-cmn-objects-light-andon-01a-DES.g1cox
0xED24E913,Plugins\FieldEditor4\LAND\RONIN_OBJECT\MHE_TMD4\set-s02-ykhm-objects-10-clothesline-02\set-s02-ykhm-objects-10-clothesline-02.g1p
0xED78BA6D,Plugins\FieldEditor4\LAND\TWILIGHT_OBJECT\MHE_TMD4\set-general-placement-02\set-general-placement-02.g1cox
0xED7C764C,Plugins\FieldEditor4\LAND\RONIN_OBJECT\MHE_TMD4\set-s170-goods-tea-03-DES\set-s170-goods-tea-03-DES.g1cox
0xED80F2DC,Plugins\FieldEditor4\LAND\RONIN_OBJECT03\MHE_TMD4\set-csl-goods-weapon-01-DES\set-csl-goods-weapon-01-DES.g1p
0xED88826C,Plugins\FieldEditor4\LAND\RONIN_OBJECT03\MHE_TMD4\set-cmn-obj-scarecrow-01\set-cmn-obj-scarecrow-01.g1cox
0xED9D93F1,Plugins\FieldEditor4\LAND\RONIN_OBJECT\MHE_TMD4\set-cmn-mib-objects-04-DES\set-cmn-mib-objects-04-DES.g1mx
0xEDC63477,Plugins\FieldEditor4\LAND\RONIN_OBJECT\MHE_TMD4\set-s02-ykhm-objects-45-pannier01-DES\set-s02-ykhm-objects-45-pannier01-DES.g1cox
0xEDC8F9B2,Plugins\FieldEditor4\LAND\RONIN_OBJECT03\MHE_TMD4\set-csl-goods-screen-03-DES\set-csl-goods-screen-03-DES.g1cox
0xEDCFBDFE,Plugins\FieldEditor4\LAND\RONIN_OBJECT\MHE_TMD4\set-s170-goods-vase-03-DES\set-s170-goods-vase-03-DES.g1mx
0xEDE75E86,Plugins\FieldEditor4\LAND\RONIN_CMN_PLANTHICHI\MHE_TMD4\set-nature-field-vege-04a\obj-nature-field-vege-04a.g1cox
0xEDF1AFAA,Plugins\FieldEditor4\LAND\TWILIGHT_OBJECT\MHE_TMD4\set-general-placement-08-bk\set-general-placement-08-bk.g1cox
0xEDFAAC58,Plugins\FieldEditor4\LAND\RONIN_OBJECT03\MHE_TMD4\set-s02-ykhm-objects-00-bag01-DES\set-s02-ykhm-objects-00-bag01-DES.g1p
0xEE04F83A,Plugins\FieldEditor4\LAND\RONIN_OBJECT\MHE_TMD4\set-s02-ykhm-objects-19-blinds03-DES\set-s02-ykhm-objects-19-blinds03-DES.g1mx
0xEE36E4C9,Plugins\FieldEditor4\LAND\RONIN_OBJECT03\MHE_TMD4\set-cmn-kyt-objects-trashcan-01c-DES\set-cmn-kyt-objects-trashcan-01c-DES.g1cox
0xEE3B18CB,Plugins\FieldEditor4\LAND\DAYLIGHT_SEN_OBJECT\MHE_TMD4\set-MS-sen-htmt-coral-01a-DES\set-MS-sen-htmt-coral-01a-DES.g1cox
0xEE4F35A1,Plugins\FieldEditor4\LAND\RONIN_OBJECT\MHE_TMD4\set-csl-goods-pail-01-DES\set-csl-goods-pail-01-DES.g1p
0xEE8B25B1,Plugins\FieldEditor4\LAND\RONIN_OBJECT03\MHE_TMD4\set-s01-goods-desk-02-DES\set-s01-goods-desk-02-DES.g1mx
0xEE8D8302,Plugins\FieldEditor4\LAND\DAYLIGHT_EDO_OBJECT\MHE_TMD4\set-edo-edojo-gate-bk-door-01-DES\set-edo-edojo-gate-bk-door-01-DES.g1mx
0xEECF802E,Plugins\FieldEditor4\LAND\TWILIGHT_OBJECT\MHE_TMD4\set-s010-bg-gm-03\set-s010-bg-gm-03.g1p
0xEF015E7A,Plugins\FieldEditor4\LAND\RONIN_OBJECT\MHE_TMD4\set-s010-Village-goods-04\set-s010-Village-goods-04.g1cox
0xEF0F4FA5,Plugins\FieldEditor4\LAND\RONIN_OBJECT03\MHE_TMD4\set-s02-ykhm-close-objects-41a\set-s02-ykhm-close-objects-41a.g1cox
0xEF269E21,Plugins\FieldEditor4\LAND\TWILIGHT_OBJECT\MHE_TMD4\set-s140-shield-03\set-s140-shield-03.g1mx
0xEF280289,Plugins\FieldEditor4\LAND\TWILIGHT_OBJECT\MHE_TMD4\set-general-placement-18-bk\set-general-placement-18-bk.g1cox
0xEF3437DE,Plugins\FieldEditor4\LAND\TWILIGHT_OBJECT\MHE_TMD4\set-S800-rubble-dest-01\set-S800-rubble-dest-01.g1p
0xEF3897B6,Plugins\FieldEditor4\LAND\RONIN_OBJECT\MHE_TMD4\set-s01-ysk-objects-00-jars03-DES\set-s01-ysk-objects-00-jars03-DES.g1p
0xEF3A5AA9,Plugins\FieldEditor4\LAND\RONIN_OBJECT03\MHE_TMD4\set-s01-ykp-goods-04-DES\set-s01-ykp-goods-04-DES.g1cox
0xEF3CF8F9,Plugins\FieldEditor4\LAND\RONIN_OBJECT\MHE_TMD4\set-csl-goods-cushion-01-DES\set-csl-goods-cushion-01-DES.g1mx
0xEF586E84,Plugins\FieldEditor4\LAND\RONIN_OBJECT03\MHE_TMD4\set-csl-goods-weapon-06\obj-csl-goods-weapon-06.g1p
0xEF58A96C,Plugins\FieldEditor4\LAND\TWILIGHT_OBJECT\MHE_TMD4\set-S350-haniwa-a04\set-S350-haniwa-a04.g1p
0xEF5CF7D7,Plugins\FieldEditor4\LAND\RONIN_OBJECT03\MHE_TMD4\set-s01-ykp-flag-02d\set-s01-ykp-flag-02d.g1p
0xEF6682D3,Plugins\FieldEditor4\LAND\RONIN_OBJECT03\MHE_TMD4\set-s01-sakr-objects-fusuma00-02-DES\set-s01-sakr-objects-fusuma00-02-DES.g1cox
0xEFA47277,Plugins\FieldEditor4\LAND\RONIN_OBJECT03\MHE_TMD4\set-s170-goods-cloth-04-DES\obj-s170-goods-cloth-04-DES.g1p
0xEFB0A5DC,Plugins\FieldEditor4\LAND\DAYLIGHT_SEN_NATURE\MHE_TMD4\set-dyl-grass-toutyukasou-02-DES\set-dyl-grass-toutyukasou-02-DES.g1mx
0xEFC86C8C,Plugins\FieldEditor4\LAND\RONIN_OBJECT\MHE_TMD4\set-csl-goods-desk-02-DES\set-csl-goods-desk-02-DES.g1mx
0xF021A86A,Plugins\FieldEditor4\LAND\RONIN_OBJECT\MHE_TMD4\set-s02-ykhm-objects-55-fabric04-DES\set-s02-ykhm-objects-55-fabric04-DES.g1mx
0xF0529150,Plugins\FieldEditor4\LAND\DAYLIGHT_BAK_OBJECT\MHE_TMD4\set-bak-yukaku-goods-screen-02-DES\set-bak-yukaku-goods-screen-02-DES.g1mx
0xF06351BE,Plugins\FieldEditor4\LAND\DAYLIGHT_CMN_GENERAL\MHE_TMD4\set-MS-gdt-syugorei-wall-M01\set-MS-gdt-syugorei-wall-M01.g1cox
0xF06A8ABD,Plugins\FieldEditor4\LAND\TWILIGHT_OBJECT\MHE_TMD4\set-S800-rubble-dest-02\set-S800-rubble-dest-02.g1p
0xF0A09ECC,Plugins\FieldEditor4\LAND\RONIN_OBJECT03\MHE_TMD4\set-s01-hod-inn-door-02b-break02-DES\set-s01-hod-inn-door-02b-break02-DES.g1p
0xF0C1A264,Plugins\FieldEditor4\LAND\RONIN_OBJECT03\MHE_TMD4\set-s01-umbrella-a-02\set-s01-umbrella-a-02.g1p
0xF0D29D7C,Plugins\FieldEditor4\LAND\RONIN_OBJECT\MHE_TMD4\set-csl-goods-box-03-DES\set-csl-goods-box-03-DES.g1cox
0xF123A4ED,Plugins\FieldEditor4\LAND\RONIN_OBJECT03\MHE_TMD4\set-s02-ykhm-objects-44-scaffolding01-DES\set-s02-ykhm-objects-44-scaffolding01-DES.g1mx
0xF1270BB5,Plugins\FieldEditor4\LAND\DAYLIGHT_CMN_GENERAL\MHE_TMD4\set-cmn-gdt-touseki-rock-01\set-cmn-gdt-touseki-rock-01.g1cox
0xF1365EFB,Plugins\FieldEditor4\LAND\RONIN_OBJECT03\MHE_TMD4\set-s02-edo-ysw-objects-flower-01a\set-s02-edo-ysw-objects-flower-01a.g1mx
0xF140EEFA,Plugins\FieldEditor4\LAND\RONIN_OBJECT03\MHE_TMD4\set-s02-edo-knd-obj-three-02-DES\set-s02-edo-knd-obj-three-02-DES.g1p
0xF164976F,Plugins\FieldEditor4\LAND\RONIN_OBJECT\MHE_TMD4\set-ykak-goods-chair-04-DES\set-ykak-goods-chair-04-DES.g1p
0xF17DFE66,Plugins\FieldEditor4\LAND\TWILIGHT_PLANTHICHI\MHE_TMD4\set-s050-tree-boss-small-03\set-s050-tree-boss-small-03.g1p
0xF1A36C2B,Plugins\FieldEditor4\LAND\RONIN_LIGHT\MHE_TMD4\set-ykak-tourou-02-DES\set-ykak-tourou-02-DES.g1cox
0xF1BA52D1,Plugins\FieldEditor4\LAND\RONIN_OBJECT\MHE_TMD4\set-s02-ykhm-objects-10-clothesline-04\set-s02-ykhm-objects-10-clothesline-04.g1p
0xF1EAFBAC,Plugins\FieldEditor4\LAND\RONIN_OBJECT\MHE_TMD4\set-s01-ykp-shop-drug-object-14a-DES\set-s01-ykp-shop-drug-object-14a-DES.g1mx
0xF1FEBDDE,Plugins\FieldEditor4\LAND\RONIN_OBJECT03\MHE_TMD4\set-s170-goods-table-01-DES\set-s170-goods-table-01-DES.g1mx
0xF2122311,Plugins\FieldEditor4\LAND\DAYLIGHT_CMN_HELL\MHE_TMD4\set-hell-homura-SS-01-DES\set-hell-homura-SS-01-DES.g1p
0xF2200A11,Plugins\FieldEditor4\LAND\RONIN_OBJECT03\MHE_TMD4\set-s01-sakr-objects-shoji-01-DES\set-s01-sakr-objects-shoji-01-DES.g1mx
0xF243F5D9,Plugins\FieldEditor4\LAND\DAYLIGHT_SEN_OBJECT\MHE_TMD4\set-sen-cmn-objects-cushion-01-DES\set-sen-cmn-objects-cushion-01-DES.g1p
0xF2537741,Plugins\FieldEditor4\LAND\RONIN_OBJECT\MHE_TMD4\set-s01-ykp-port-goods-11-DES\set-s01-ykp-port-goods-11-DES.g1cox
0xF29D284A,Plugins\FieldEditor4\LAND\TWILIGHT_PLANTHICHI\MHE_TMD4\set-s050-tree-boss-small-03\set-s050-tree-boss-small-03.g1cox
0xF29FA50C,Plugins\FieldEditor4\LAND\TWILIGHT_OBJECT\MHE_TMD4\set-S800-rubble-dest-02\set-S800-rubble-dest-02.g1mx
0xF2C36566,Plugins\FieldEditor4\LAND\RONIN_LIGHT\MHE_TMD4\set-s03-kyt-cmn-objects-light-andon-01a-DES\set-s03-kyt-cmn-objects-light-andon-01a-DES.g1mx
0xF320E354,Plugins\FieldEditor4\LAND\RONIN_OBJECT\MHE_TMD4\set-s02-ykhm-objects-46-pannier01-DES\set-s02-ykhm-objects-46-pannier01-DES.g1p
0xF38E346E,Plugins\FieldEditor4\LAND\RONIN_OBJECT\MHE_TMD4\set-csl-goods-weapon-03-DES\set-csl-goods-weapon-03-DES.g1mx
0xF3990B90,Plugins\FieldEditor4\LAND\RONIN_OBJECT03\MHE_TMD4\set-EX-kitchen-jug02-DES\set-EX-kitchen-jug02-DES.g1cox
0xF39A6ADF,Plugins\FieldEditor4\LAND\RONIN_OBJECT02\MHE_TMD4\set-csl-goods-shoji-01-break01-DES\set-csl-goods-shoji-01-break01-DES.g1mx
0xF3C0ABCA,Plugins\FieldEditor4\LAND\RONIN_OBJECT03\MHE_TMD4\set-cmn-kyt-screen-01a-DES\set-cmn-kyt-screen-01a-DES.g1mx
0xF3C9D506,Plugins\FieldEditor4\LAND\RONIN_OBJECT03\MHE_TMD4\set-s02-edo-knd-obj-23a-DES\set-s02-edo-knd-obj-23a-DES.g1cox
0xF3DBE8DB,Plugins\FieldEditor4\LAND\DAYLIGHT_SEN_OBJECT\MHE_TMD4\set-cmn-fusuma-01a-DES\set-cmn-fusuma-01a-DES.g1mx
0xF3E990EC,Plugins\FieldEditor4\LAND\DAYLIGHT_SEN_OBJECT\MHE_TMD4\set-MS-sen-htmt-coral-03b-DES\set-MS-sen-htmt-coral-03b-DES.g1cox
0xF3EAE87B,Plugins\FieldEditor4\LAND\RONIN_OBJECT03\MHE_TMD4\set-s01-goods-cask-02-DES\set-s01-goods-cask-02-DES.g1p
0xF3F5EBAC,Plugins\FieldEditor4\LAND\RONIN_OBJECT\MHE_TMD4\set-csl-goods-book-01-DES\set-csl-goods-book-01-DES.g1p
0xF40A50DA,Plugins\FieldEditor4\LAND\RONIN_OBJECT03\MHE_TMD4\set-s02-ykhm-objects-watertank-43a\set-s02-ykhm-objects-watertank-43a.g1p
0xF42B8CA1,Plugins\FieldEditor4\LAND\RONIN_OBJECT03\MHE_TMD4\set-s01-ykp-shop-kajiya-obj-06\set-s01-ykp-shop-kajiya-obj-06.g1cox
0xF440670F,Plugins\FieldEditor4\LAND\TWILIGHT_OBJECT\MHE_TMD4\set-S350-altar-03-brk\set-S350-altar-03-brk.g1cox
0xF469F7E2,Plugins\FieldEditor4\LAND\RONIN_OBJECT\MHE_TMD4\set-s01-ykp-shop-drug-object-26a-DES\set-s01-ykp-shop-drug-object-26a-DES.g1cox
0xF46B639C,Plugins\FieldEditor4\LAND\RONIN_OBJECT03\MHE_TMD4\set-s170-goods-table-03-DES\set-s170-goods-table-03-DES.g1mx
0xF49792D0,Plugins\FieldEditor4\LAND\RONIN_OBJECT\MHE_TMD4\set-s01-ykp-tableware-02-DES\set-s01-ykp-tableware-02-DES.g1mx
0xF4A3897B,Plugins\FieldEditor4\LAND\RONIN_OBJECT03\MHE_TMD4\set-s01-ykp-flag-02d\set-s01-ykp-flag-02d.g1cox
0xF4A4D863,Plugins\FieldEditor4\LAND\RONIN_OBJECT03\MHE_TMD4\set-EX-kitchen-crock03-DES\set-EX-kitchen-crock03-DES.g1cox
0xF4A8F64C,Plugins\FieldEditor4\LAND\TWILIGHT_OBJECT\MHE_TMD4\set-s010-bg-gm-09\set-s010-bg-gm-09.g1cox
0xF4B7F6CF,Plugins\FieldEditor4\LAND\DAYLIGHT_SEN_OBJECT\MHE_TMD4\set-sen-cmn-light-03-DES\set-sen-cmn-light-03-DES.g1mx
0xF4EAAA13,Plugins\FieldEditor4\LAND\RONIN_OBJECT\MHE_TMD4\set-s01-ykp-shop-kajiya-object-10a-DES\set-s01-ykp-shop-kajiya-object-10a-DES.g1mx
0xF5112B67,Plugins\FieldEditor4\LAND\DAYLIGHT_SEN_OBJECT\MHE_TMD4\set-MS-sen-htmt-coral-03c-DES\set-MS-sen-htmt-coral-03c-DES.g1p
0xF54B084D,Plugins\FieldEditor4\LAND\TWILIGHT_OBJECT\MHE_TMD4\set-S080-brkobj-debris-boss-01\set-S080-brkobj-debris-boss-01.g1mx
0xF5963F7D,Plugins\FieldEditor4\LAND\RONIN_OBJECT\MHE_TMD4\set-s02-ykhm-objects-00-dish02-DES\set-s02-ykhm-objects-00-dish02-DES.g1mx
0xF59EE22E,Plugins\FieldEditor4\LAND\RONIN_OBJECT03\MHE_TMD4\set-s01-ysk-objects-00-woodbox01-DES\set-s01-ysk-objects-00-woodbox01-DES.g1mx
0xF5E88DB6,Plugins\FieldEditor4\LAND\RONIN_OBJECT03\MHE_TMD4\set-s170-goods-box-06-DES\set-s170-goods-box-06-DES.g1mx
0xF60E219B,Plugins\FieldEditor4\LAND\TWILIGHT_OBJECT\MHE_TMD4\set-s010-bg-gm-14\set-s010-bg-gm-14.g1mx
0xF6101671,Plugins\FieldEditor4\LAND\RONIN_OBJECT\MHE_TMD4\set-s01-ysk-objects-00-jars05-DES\set-s01-ysk-objects-00-jars05-DES.g1mx
0xF61C7E45,Plugins\FieldEditor4\LAND\DAYLIGHT_BAK_OBJECT\MHE_TMD4\set-bak-abu-BOSS-house-pillar-01-DES\set-bak-abu-BOSS-house-pillar-01-DES.g1cox
0xF679DF5E,Plugins\FieldEditor4\LAND\RONIN_OBJECT03\MHE_TMD4\set-s01-china-goods-vial-01g-DES\set-s01-china-goods-vial-01g-DES.g1p
0xF6B9C569,Plugins\FieldEditor4\LAND\RONIN_OBJECT\MHE_TMD4\set-s01-ysk-objects-00-wood01-DES\set-s01-ysk-objects-00-wood01-DES.g1p
0xF6C2A64B,Plugins\FieldEditor4\LAND\RONIN_OBJECT03\MHE_TMD4\set-s01-ysk-shoji-01-ref-break01-DES\set-s01-ysk-shoji-01-ref-break01-DES.g1p
0xF6D58873,Plugins\FieldEditor4\LAND\TWILIGHT_LIGHT\MHE_TMD4\set-bonfire-bamboo-01\set-bonfire-bamboo-01.g1p
0xF6E34C8C,Plugins\FieldEditor4\LAND\RONIN_OBJECT03\MHE_TMD4\set-s01-ykp-bonsai-00-DES\set-s01-ykp-bonsai-00-DES.g1mx
0xF6E7CB2A,Plugins\FieldEditor4\LAND\RONIN_OBJECT03\MHE_TMD4\set-csl-goods-vase-05-DES\set-csl-goods-vase-05-DES.g1mx
0xF704610A,Plugins\FieldEditor4\LAND\RONIN_OBJECT\MHE_TMD4\set-s01-sksh-wood-objects-01a-DES\set-s01-sksh-wood-objects-01a-DES.g1p
0xF708509E,Plugins\FieldEditor4\LAND\DAYLIGHT_KOD_OBJECT\MHE_TMD4\set-kod-goods-03-DES\set-kod-goods-03-DES.g1p
0xF74CDAA1,Plugins\FieldEditor4\LAND\DAYLIGHT_SEN_OBJECT\MHE_TMD4\set-sen-cmn-goods-tea-02-break-DES\set-sen-cmn-goods-tea-02-break-DES.g1mx
0xF7709D2F,Plugins\FieldEditor4\LAND\RONIN_OBJECT03\MHE_TMD4\set-s01-sakr-goods-dish03-DES\set-s01-sakr-goods-dish03-DES.g1cox
0xF7DC4660,Plugins\FieldEditor4\LAND\RONIN_OBJECT03\MHE_TMD4\set-EX-kitchen-crock02-DES\set-EX-kitchen-crock02-DES.g1p
0xF81B6839,Plugins\FieldEditor4\LAND\RONIN_OBJECT03\MHE_TMD4\set-s01-ykp-shop-kajiya-object-21a-DES\set-s01-ykp-shop-kajiya-object-21a-DES.g1p
0xF82555DD,Plugins\FieldEditor4\LAND\DAYLIGHT_SEN_OBJECT\MHE_TMD4\set-sen-cmn-objects-clothline-01-DES\set-sen-cmn-objects-clothline-01-DES.g1mx
0xF842F9B8,Plugins\FieldEditor4\LAND\DAYLIGHT_SEN_HOUSE\MHE_TMD4\set-sen-cmn-hotel-window-02-DES\set-sen-cmn-hotel-window-02-DES.g1p
0xF84F23A9,Plugins\FieldEditor4\LAND\DAYLIGHT_SEN_OBJECT\MHE_TMD4\set-MS-sen-htmt-coral-03a-DES\set-MS-sen-htmt-coral-03a-DES.g1p
0xF8FF2C3A,Plugins\FieldEditor4\LAND\RONIN_OBJECT\MHE_TMD4\set-csl-goods-shelf-04-DES\set-csl-goods-shelf-04-DES.g1cox
0xF8FFDC5B,Plugins\FieldEditor4\LAND\RONIN_OBJECT03\MHE_TMD4\set-s02-ykhm-objects-03-bowlshelf01-DES\set-s02-ykhm-objects-03-bowlshelf01-DES.g1p
0xF91DCB05,Plugins\FieldEditor4\LAND\RONIN_OBJECT03\MHE_TMD4\set-s01-china-goods-vial-01a-DES\set-s01-china-goods-vial-01a-DES.g1mx
0xF9261047,Plugins\FieldEditor4\LAND\RONIN_OBJECT\MHE_TMD4\set-s170-goods-pail-04-break-DES\set-s170-goods-pail-04-break-DES.g1mx
0xF92C12DD,Plugins\FieldEditor4\LAND\RONIN_OBJECT03\MHE_TMD4\set-s01-hod-inn-door-02b-break02-DES\set-s01-hod-inn-door-02b-break02-DES.g1mx
0xF9360938,Plugins\FieldEditor4\LAND\RONIN_OBJECT03\MHE_TMD4\set-s01-benten-umbrella-01\set-s01-benten-umbrella-01.g1p
0xF9518FE3,Plugins\FieldEditor4\LAND\DRAFT_MODEL_CONTAINER\MHE_TMD4\set-general-placement-15-bk\set-general-placement-15-bk.g1p
0xF9ADE7EE,Plugins\FieldEditor4\LAND\RONIN_OBJECT03\MHE_TMD4\set-s03-kin-flag-02a\set-s03-kin-flag-02a.g1p
0xF9B4D740,Plugins\FieldEditor4\LAND\RONIN_OBJECT03\MHE_TMD4\set-csl-goods-weapon-01-DES\set-csl-goods-weapon-01-DES.g1cox
0xF9FF6F0F,Plugins\FieldEditor4\LAND\RONIN_OBJECT\MHE_TMD4\set-s02-ykhm-objects-10-stair-01-DES\set-s02-ykhm-objects-10-stair-01-DES.g1p
0xFA4852C0,Plugins\FieldEditor4\LAND\RONIN_OBJECT03\MHE_TMD4\set-s01-sakr-goods-dish01-DES\set-s01-sakr-goods-dish01-DES.g1mx
0xFA6C34D0,Plugins\FieldEditor4\LAND\TWILIGHT_OBJECT\MHE_TMD4\set-s010-goods-box-01\set-s010-goods-box-01.g1p
0xFA991A41,Plugins\FieldEditor4\LAND\TWILIGHT_OBJECT\MHE_TMD4\set-S360-hot-springs-tub-01\set-S360-hot-springs-tub-01.g1p
0xFAAB4135,Plugins\FieldEditor4\LAND\RONIN_OBJECT03\MHE_TMD4\set-s01-sksh-close-objects-01a-DES\obj-s01-sksh-close-objects-01a-DES.g1cox
0xFAE13D2B,Plugins\FieldEditor4\LAND\RONIN_OBJECT\MHE_TMD4\set-s100-tbf-yagura-02-DES\set-s100-tbf-yagura-02-DES.g1p
0xFAE81370,Plugins\FieldEditor4\LAND\RONIN_OBJECT03\MHE_TMD4\set-cmn-ky-shop-obj-flag-02\set-cmn-ky-shop-obj-flag-02.g1cox
0xFAEB2A1F,Plugins\FieldEditor4\LAND\RONIN_OBJECT03\MHE_TMD4\set-csl-goods-weapon-11-DES\set-csl-goods-weapon-11-DES.g1cox
0xFAF1546C,Plugins\FieldEditor4\LAND\RONIN_OBJECT03\MHE_TMD4\set-s03-omy-fusuma-01b-DES\set-s03-omy-fusuma-01b-DES.g1p
0xFAFEC883,Plugins\FieldEditor4\LAND\RONIN_OBJECT03\MHE_TMD4\set-s170-goods-cloth-08-DES\set-s170-goods-cloth-08-DES.g1mx
0xFB073D79,Plugins\FieldEditor4\LAND\DAYLIGHT_CMN_GENERAL\MHE_TMD4\set-general-rollingstone-01\set-general-rollingstone-01.g1p
0xFB07B1CB,Plugins\FieldEditor4\LAND\DAYLIGHT_BAK_OBJECT\MHE_TMD4\set-bak-cho-inn-door-02a-DES\set-bak-cho-inn-door-02a-DES.g1p
0xFB0A8021,Plugins\FieldEditor4\LAND\RONIN_OBJECT03\MHE_TMD4\set-cmn-obj-scarecrow-01\set-cmn-obj-scarecrow-01.g1mx
0xFB41FB1E,Plugins\FieldEditor4\LAND\TWILIGHT_OBJECT\MHE_TMD4\set-S350-altar-03-brk\set-S350-altar-03-brk.g1mx
0xFB45B20C,Plugins\FieldEditor4\LAND\RONIN_OBJECT\MHE_TMD4\set-s01-ykp-shop-goods-05a-DES\set-s01-ykp-shop-goods-05a-DES.g1cox
0xFBB8611D,Plugins\FieldEditor4\LAND\TWILIGHT_OBJECT\MHE_TMD4\set-S350-altar-02-brk\set-S350-altar-02-brk.g1mx
0xFBC37CF5,Plugins\FieldEditor4\LAND\RONIN_OBJECT03\MHE_TMD4\set-s170-goods-box-04-DES\set-s170-goods-box-04-DES.g1cox
0xFBCCF1BC,Plugins\FieldEditor4\LAND\DAYLIGHT_SEN_OBJECT\MHE_TMD4\set-hre-fusuma-01b-DES\set-hre-fusuma-01b-DES.g1cox
0xFBCFC6CC,Plugins\FieldEditor4\LAND\RONIN_OBJECT03\MHE_TMD4\set-cmn-mib-objects-02-DES\set-cmn-mib-objects-02-DES.g1mx
0xFBD0978C,Plugins\FieldEditor4\LAND\RONIN_OBJECT03\MHE_TMD4\set-csl-goods-table-04-DES\set-csl-goods-table-04-DES.g1mx
0xFBDED7A7,Plugins\FieldEditor4\LAND\TWILIGHT_OBJECT\MHE_TMD4\set-s050-goods-watertank-01\set-s050-goods-watertank-01.g1mx
0xFBFFFD15,Plugins\FieldEditor4\LAND\DAYLIGHT_SEN_OBJECT\MHE_TMD4\set-sen-cmn-goods-pot-01\set-sen-cmn-goods-pot-01.g1cox
0xFC351B62,Plugins\FieldEditor4\LAND\RONIN_OBJECT03\MHE_TMD4\set-s170-goods-cloth-09-DES\set-s170-goods-cloth-09-DES.g1mx
0xFC589641,Plugins\FieldEditor4\LAND\RONIN_OBJECT03\MHE_TMD4\set-s02-ykhm-objects-60-cabinet07-DES\set-s02-ykhm-objects-60-cabinet07-DES.g1mx
0xFC77D12B,Plugins\FieldEditor4\LAND\DAYLIGHT_CMN_GENERAL\MHE_TMD4\set-GGT-s0310-bamboo-M-01-DES\set-GGT-s0310-bamboo-M-01-DES.g1p
0xFC7BACA5,Plugins\FieldEditor4\LAND\RONIN_OBJECT\MHE_TMD4\set-csl-goods-pail-05-DES\set-csl-goods-pail-05-DES.g1p
0xFC99114A,Plugins\FieldEditor4\LAND\RONIN_OBJECT\MHE_TMD4\set-s01-ykp-shop-kajiya-object-08a-DES\set-s01-ykp-shop-kajiya-object-08a-DES.g1mx
0xFCB4872E,Plugins\FieldEditor4\LAND\RONIN_OBJECT03\MHE_TMD4\set-s02-ykhm-objects-03-bowlshelf01-DES\set-s02-ykhm-objects-03-bowlshelf01-DES.g1mx
0xFCB8122B,Plugins\FieldEditor4\LAND\RONIN_OBJECT03\MHE_TMD4\set-DE-hatago-andon-t02a\set-DE-hatago-andon-t02a.g1p
0xFCFC1E47,Plugins\FieldEditor4\LAND\DAYLIGHT_BAK_OBJECT\MHE_TMD4\set-bak-abu-BOSS-house-pillar-02-DES\set-bak-abu-BOSS-house-pillar-02-DES.g1mx
0xFD082C69,Plugins\FieldEditor4\LAND\RONIN_OBJECT\MHE_TMD4\set-s01-sksh-wood-objects-02a-DES\set-s01-sksh-wood-objects-02a-DES.g1p
0xFD25DA0F,Plugins\FieldEditor4\LAND\TWILIGHT_OBJECT\MHE_TMD4\set-s010-bg-gm-02\set-s010-bg-gm-02.g1p
0xFD2B8245,Plugins\FieldEditor4\LAND\RONIN_OBJECT03\MHE_TMD4\set-s01-umbrella-a-02\set-s01-umbrella-a-02.g1mx
0xFD45FC47,Plugins\FieldEditor4\LAND\RONIN_OBJECT03\MHE_TMD4\set-csl-goods-screen-01b-break-DES\set-csl-goods-screen-01b-break-DES.g1p
0xFD70D266,Plugins\FieldEditor4\LAND\RONIN_OBJECT03\MHE_TMD4\set-EX-office-bottle01-DES\set-EX-office-bottle01-DES.g1mx
0xFD7F4A5D,Plugins\FieldEditor4\LAND\RONIN_OBJECT\MHE_TMD4\set-csl-goods-tea-03-DES\set-csl-goods-tea-03-DES.g1p
0xFD839E35,Plugins\FieldEditor4\LAND\DRAFT_MODEL_CONTAINER\MHE_TMD4\set-s050-box-03\set-s050-box-03.g1p
0xFDAF034D,Plugins\FieldEditor4\LAND\TWILIGHT_OBJECT\MHE_TMD4\set-S350-haniwa-a03\set-S350-haniwa-a03.g1p
0xFDB95024,Plugins\FieldEditor4\LAND\RONIN_OBJECT03\MHE_TMD4\set-s01-ykp-shop-kajiya-object-28a-DES\set-s01-ykp-shop-kajiya-object-28a-DES.g1cox
0xFDCAFEDA,Plugins\FieldEditor4\LAND\RONIN_OBJECT\MHE_TMD4\set-cmn-tokugawa-flag-03b\set-cmn-tokugawa-flag-03b.g1cox
0xFDDF4C55,Plugins\FieldEditor4\LAND\RONIN_OBJECT\MHE_TMD4\set-s02-edo-skr-obj-05a-DES\set-s02-edo-skr-obj-05a-DES.g1mx
0xFE328185,Plugins\FieldEditor4\LAND\RONIN_OBJECT03\MHE_TMD4\set-s01-goods-mask-02-DES\set-s01-goods-mask-02-DES.g1p
0xFE466263,Plugins\FieldEditor4\LAND\RONIN_OBJECT03\MHE_TMD4\set-cmn-kyt-objects-trashcan-01b-DES\set-cmn-kyt-objects-trashcan-01b-DES.g1mx
0xFE4B699C,Plugins\FieldEditor4\LAND\RONIN_OBJECT\MHE_TMD4\set-s170-goods-weapon-11-DES\set-s170-goods-weapon-11-DES.g1mx
0xFE5BF591,Plugins\FieldEditor4\LAND\RONIN_CMN_PLANTHICHI\MHE_TMD4\set-nature-field-vege-02c\set-nature-field-vege-02c.g1p
0xFE74D520,Plugins\FieldEditor4\LAND\RONIN_OBJECT\MHE_TMD4\set-csl-goods-fusuma-a02-break-DES\set-csl-goods-fusuma-a02-break-DES.g1mx
0xFEC60CA7,Plugins\FieldEditor4\LAND\RONIN_OBJECT03\MHE_TMD4\set-s170-goods-lantern-03\set-s170-goods-lantern-03.g1cox
0xFEDB283C,Plugins\FieldEditor4\LAND\DAYLIGHT_CMN_HELL\MHE_TMD4\set-gdt-hell-kusabi-a01-DES\set-gdt-hell-kusabi-a01-DES.g1cox
0xFEFE3981,Plugins\FieldEditor4\LAND\RONIN_OBJECT03\MHE_TMD4\set-csl-goods-pot-02b-DES\obj-csl-goods-pot-02b-DES.g1p
0xFF056CBF,Plugins\FieldEditor4\LAND\RONIN_OBJECT\MHE_TMD4\set-cmn-mib-objects-01-DES\set-cmn-mib-objects-01-DES.g1cox
0xFF5A92C4,Plugins\FieldEditor4\LAND\RONIN_OBJECT\MHE_TMD4\set-cmn-g-throw-bucket-DES\set-cmn-g-throw-bucket-DES.g1mx
0xFFD582E6,Plugins\FieldEditor4\LAND\RONIN_OBJECT03\MHE_TMD4\set-s01-ry-goods-screen-01-DES\set-s01-ry-goods-screen-01-DES.g1mx
0xFFFD7CC5,Plugins\FieldEditor4\LAND\RONIN_OBJECT\MHE_TMD4\set-csl-goods-pail-01-DES\set-csl-goods-pail-01-DES.g1cox
0x1249DB5D,0x1249DB5D.g1h
0x16FAF58C,0x16FAF58C.g1h
0x177E551A,0x177E551A.g1h
0x1D35220E,0x1D35220E.g1h
0x29CE178F,0x29CE178F.g1h
0x3AB0F08B,0x3AB0F08B.g1h
0x4A1598D3,0x4A1598D3.g1h
0x9DCD18A0,0x9DCD18A0.g1h
0xAF609819,0xAF609819.g1h
0xAFA59DB1,0xAFA59DB1.g1h
0xB24CAC84,0xB24CAC84.g1h
0xB680A38A,0xB680A38A.g1h
0xDAB2954B,0xDAB2954B.g1h
0x001BAC8D,0x001BAC8D.g1t
0x00F71232,0x00F71232.g1t
0x01440BEE,0x01440BEE.g1t
0x015CD7BA,0x015CD7BA.g1t
0x019F04AC,0x019F04AC.g1t
0x020B52F8,0x020B52F8.g1t
0x02A11062,0x02A11062.g1t
0x02E2766C,0x02E2766C.g1t
0x04025707,0x04025707.g1t
0x05C26298,0x05C26298.g1t
0x0680A43F,0x0680A43F.g1t
0x06B09C21,0x06B09C21.g1t
0x07C4DCE7,0x07C4DCE7.g1t
0x08F688B2,0x08F688B2.g1t
0x09035A71,0x09035A71.g1t
0x09D1EE57,0x09D1EE57.g1t
0x0A776432,0x0A776432.g1t
0x0B018DEA,0x0B018DEA.g1t
0x0BD468A6,0x0BD468A6.g1t
0x0CC5E051,0x0CC5E051.g1t
0x0DAB8A4C,0x0DAB8A4C.g1t
0x0E2E73D2,0x0E2E73D2.g1t
0x0E52B5DE,0x0E52B5DE.g1t
0x0E86EFF1,0x0E86EFF1.g1t
0x0ED3E9AD,0x0ED3E9AD.g1t
0x0F1119A9,0x0F1119A9.g1t
0x0F9B30B7,0x0F9B30B7.g1t
0x1194A224,0x1194A224.g1t
0x13524057,0x13524057.g1t
0x13768263,0x13768263.g1t
0x13A67A45,0x13A67A45.g1t
0x141FAD27,0x141FAD27.g1t
0x1624C77D,0x1624C77D.g1t
0x16866671,0x16866671.g1t
0x16AAB82A,0x16AAB82A.g1t
0x17094FF7,0x17094FF7.g1t
0x1761CC16,0x1761CC16.g1t
0x180741F1,0x180741F1.g1t
0x18CA46CA,0x18CA46CA.g1t
0x18F9FA0B,0x18F9FA0B.g1t
0x1B18DBB6,0x1B18DBB6.g1t
0x1B3B680B,0x1B3B680B.g1t
0x1B489402,0x1B489402.g1t
0x1B65D572,0x1B65D572.g1t
0x1B85050E,0x1B85050E.g1t
0x1C16CDB0,0x1C16CDB0.g1t
0x1C2D1C7C,0x1C2D1C7C.g1t
0x2066A569,0x2066A569.g1t
0x20E21E16,0x20E21E16.g1t
0x21D66CF9,0x21D66CF9.g1t
0x231AA5A1,0x231AA5A1.g1t
0x24164430,0x24164430.g1t
0x2440B197,0x2440B197.g1t
0x24992DB6,0x24992DB6.g1t
0x25BD4AE6,0x25BD4AE6.g1t
0x26A055A2,0x26A055A2.g1t
0x26FA397E,0x26FA397E.g1t
0x27CD53D0,0x27CD53D0.g1t
0x283E7226,0x283E7226.g1t
0x28503D56,0x28503D56.g1t
0x28A8B975,0x28A8B975.g1t
0x28CB45CA,0x28CB45CA.g1t
0x28F5B331,0x28F5B331.g1t
0x292B60A5,0x292B60A5.g1t
0x294E2F50,0x294E2F50.g1t
0x29BCFA3B,0x29BCFA3B.g1t
0x29CCD6A5,0x29CCD6A5.g1t
0x2AE1176B,0x2AE1176B.g1t
0x2AECB740,0x2AECB740.g1t
0x2BB66BA8,0x2BB66BA8.g1t
0x2C82556A,0x2C82556A.g1t
0x2D5DBB0F,0x2D5DBB0F.g1t
0x2D7409DB,0x2D7409DB.g1t
0x2E05AD89,0x2E05AD89.g1t
0x2E71FBD5,0x2E71FBD5.g1t
0x2ECC4B1D,0x2ECC4B1D.g1t
0x2EF0A32A,0x2EF0A32A.g1t
0x2EFC42FF,0x2EFC42FF.g1t
0x301083C5,0x301083C5.g1t
0x3090B88C,0x3090B88C.g1t
0x3183959A,0x3183959A.g1t
0x32290B75,0x32290B75.g1t
0x33002EE9,0x33002EE9.g1t
0x33F017A2,0x33F017A2.g1t
0x34200F84,0x34200F84.g1t
0x355D318F,0x355D318F.g1t
0x35E01B15,0x35E01B15.g1t
0x36389734,0x36389734.g1t
0x369E5CBC,0x369E5CBC.g1t
0x37E29564,0x37E29564.g1t
0x3823FB6E,0x3823FB6E.g1t
0x3A123329,0x3A123329.g1t
0x3A951CAF,0x3A951CAF.g1t
0x3ACF5F72,0x3ACF5F72.g1t
0x3B03E79A,0x3B03E79A.g1t
0x3BC22941,0x3BC22941.g1t
0x3BF22123,0x3BF22123.g1t
0x3E380DB4,0x3E380DB4.g1t
0x3E706E5B,0x3E706E5B.g1t
0x3E91E552,0x3E91E552.g1t
0x3FB8E934,0x3FB8E934.g1t
0x404312EC,0x404312EC.g1t
0x40C21F26,0x40C21F26.g1t
0x4115EDA8,0x4115EDA8.g1t
0x42ED0F4E,0x42ED0F4E.g1t
0x43116107,0x43116107.g1t
0x43177CB5,0x43177CB5.g1t
0x436FF8D4,0x436FF8D4.g1t
0x43943AE0,0x43943AE0.g1t
0x43C432C2,0x43C432C2.g1t
0x44529EAB,0x44529EAB.g1t
0x459C6C0A,0x459C6C0A.g1t
0x4616F112,0x4616F112.g1t
0x46A41EEE,0x46A41EEE.g1t
0x477F8493,0x477F8493.g1t
0x47CC7E4F,0x47CC7E4F.g1t
0x4824FA6E,0x4824FA6E.g1t
0x4893C559,0x4893C559.g1t
0x48E7FF47,0x48E7FF47.g1t
0x4B664C7F,0x4B664C7F.g1t
0x4C4AD4F9,0x4C4AD4F9.g1t
0x4D48C6F3,0x4D48C6F3.g1t
0x505A60B8,0x505A60B8.g1t
0x508A1904,0x508A1904.g1t
0x50FFD693,0x50FFD693.g1t
0x51C8968E,0x51C8968E.g1t
0x53385E1E,0x53385E1E.g1t
0x5433FCAD,0x5433FCAD.g1t
0x54B6E633,0x54B6E633.g1t
0x550F6252,0x550F6252.g1t
0x555C5C0E,0x555C5C0E.g1t
0x558B1C6E,0x558B1C6E.g1t
0x5623A318,0x5623A318.g1t
0x5717F1FB,0x5717F1FB.g1t
0x581D1485,0x581D1485.g1t
0x585C2AA3,0x585C2AA3.g1t
0x58E8FE47,0x58E8FE47.g1t
0x59DAB2B8,0x59DAB2B8.g1t
0x5AA81F88,0x5AA81F88.g1t
0x5AFECFE8,0x5AFECFE8.g1t
0x5C3BBE80,0x5C3BBE80.g1t
0x5C6BB662,0x5C6BB662.g1t
0x5D0ED8D2,0x5D0ED8D2.g1t
0x5D7A3C0A,0x5D7A3C0A.g1t
0x5D91C258,0x5D91C258.g1t
0x5DEA3E77,0x5DEA3E77.g1t
0x5E8FB452,0x5E8FB452.g1t
0x5EEA039A,0x5EEA039A.g1t
0x5F0E5BA7,0x5F0E5BA7.g1t
0x5F826C6C,0x5F826C6C.g1t
0x60229C6D,0x60229C6D.g1t
0x61A14E17,0x61A14E17.g1t
0x61C3DA6C,0x61C3DA6C.g1t
0x61EE47D3,0x61EE47D3.g1t
0x620D776F,0x620D776F.g1t
0x629F4011,0x629F4011.g1t
0x62B58EDD,0x62B58EDD.g1t
0x631DE766,0x631DE766.g1t
0x640DD01F,0x640DD01F.g1t
0x6432282C,0x6432282C.g1t
0x643DC801,0x643DC801.g1t
0x676A9077,0x676A9077.g1t
0x6841B3EB,0x6841B3EB.g1t
0x69619486,0x69619486.g1t
0x6A9EB691,0x6A9EB691.g1t
0x6B21A017,0x6B21A017.g1t
0x6BDFE1BE,0x6BDFE1BE.g1t
0x6C0FD9A0,0x6C0FD9A0.g1t
0x6D28C803,0x6D28C803.g1t
0x6E55C631,0x6E55C631.g1t
0x6F312BD6,0x6F312BD6.g1t
0x6F53B82B,0x6F53B82B.g1t
0x6F7E2592,0x6F7E2592.g1t
0x6FB3D306,0x6FB3D306.g1t
0x6FD25F80,0x6FD25F80.g1t
0x6FD6A1B1,0x6FD6A1B1.g1t
0x70456C9C,0x70456C9C.g1t
0x7103AE43,0x7103AE43.g1t
0x7133A625,0x7133A625.g1t
0x720314E7,0x720314E7.g1t
0x730AC7CB,0x730AC7CB.g1t
0x73B1F35D,0x73B1F35D.g1t
0x73E62D70,0x73E62D70.g1t
0x7433272C,0x7433272C.g1t
0x748E1FEA,0x748E1FEA.g1t
0x74FA6E36,0x74FA6E36.g1t
0x77192AED,0x77192AED.g1t
0x77E2F613,0x77E2F613.g1t
0x78B17DD6,0x78B17DD6.g1t
0x7905B7C4,0x7905B7C4.g1t
0x7B8404FC,0x7B8404FC.g1t
0x7BE5A3F0,0x7BE5A3F0.g1t
0x7C688D76,0x7C688D76.g1t
0x7CC10995,0x7CC10995.g1t
0x7D667F70,0x7D667F70.g1t
0x7E298449,0x7E298449.g1t
0x7F6801D3,0x7F6801D3.g1t
0x809AA58A,0x809AA58A.g1t
0x80A7D181,0x80A7D181.g1t
0x811D8F10,0x811D8F10.g1t
0x81760B2F,0x81760B2F.g1t
0x818C59FB,0x818C59FB.g1t
0x828A4BF5,0x828A4BF5.g1t
0x86415B95,0x86415B95.g1t
0x870EC865,0x870EC865.g1t
0x8735AA78,0x8735AA78.g1t
0x8879E320,0x8879E320.g1t
0x897581AF,0x897581AF.g1t
0x8999D368,0x8999D368.g1t
0x899FEF16,0x899FEF16.g1t
0x89F86B35,0x89F86B35.g1t
0x8B1C8865,0x8B1C8865.g1t
0x8C24DE6B,0x8C24DE6B.g1t
0x8C5976FD,0x8C5976FD.g1t
0x8C896EDF,0x8C896EDF.g1t
0x8D2C914F,0x8D2C914F.g1t
0x8D9DAFA5,0x8D9DAFA5.g1t
0x8E07F6F4,0x8E07F6F4.g1t
0x8E2A8349,0x8E2A8349.g1t
0x8E54F0B0,0x8E54F0B0.g1t
0x8E74204C,0x8E74204C.g1t
0x8EAD6CCF,0x8EAD6CCF.g1t
0x8EDC2D2F,0x8EDC2D2F.g1t
0x8F1C37BA,0x8F1C37BA.g1t
0x904054EA,0x904054EA.g1t
0x929EB30F,0x929EB30F.g1t
0x92D3475A,0x92D3475A.g1t
0x93D13954,0x93D13954.g1t
0x942B889C,0x942B889C.g1t
0x944FE0A9,0x944FE0A9.g1t
0x96E2D319,0x96E2D319.g1t
0x972FCCD5,0x972FCCD5.g1t
0x978848F4,0x978848F4.g1t
0x985F6C68,0x985F6C68.g1t
0x994F5521,0x994F5521.g1t
0x9973AD2E,0x9973AD2E.g1t
0x997F4D03,0x997F4D03.g1t
0x9ABC6F0E,0x9ABC6F0E.g1t
0x9B3F5894,0x9B3F5894.g1t
0x9B97D4B3,0x9B97D4B3.g1t
0x9BE4CE6F,0x9BE4CE6F.g1t
0x9BFD9A3B,0x9BFD9A3B.g1t
0x9C1A7BE3,0x9C1A7BE3.g1t
0x9C6EF827,0x9C6EF827.g1t
0x9CAC1579,0x9CAC1579.g1t
0x9D41D2E3,0x9D41D2E3.g1t
0x9D8338ED,0x9D8338ED.g1t
0x9EA31988,0x9EA31988.g1t
0x9EA586E6,0x9EA586E6.g1t
0x9F7170A8,0x9F7170A8.g1t
0xA0632519,0xA0632519.g1t
0xA12166C0,0xA12166C0.g1t
0xA13091E9,0xA13091E9.g1t
0xA1515EA2,0xA1515EA2.g1t
0xA37FD3CA,0xA37FD3CA.g1t
0xA3974B33,0xA3974B33.g1t
0xA472B0D8,0xA472B0D8.g1t
0xA51826B3,0xA51826B3.g1t
0xA5A2506B,0xA5A2506B.g1t
0xA60ADECD,0xA60ADECD.g1t
0xA6752B27,0xA6752B27.g1t
0xA84C4CCD,0xA84C4CCD.g1t
0xA876BA34,0xA876BA34.g1t
0xA8CF3653,0xA8CF3653.g1t
0xA8F3785F,0xA8F3785F.g1t
0xA9237041,0xA9237041.g1t
0xA927B272,0xA927B272.g1t
0xA9B1DC2A,0xA9B1DC2A.g1t
0xAA37B107,0xAA37B107.g1t
0xAD8437ED,0xAD8437ED.g1t
0xADF302D8,0xADF302D8.g1t
0xAE473CC6,0xAE473CC6.g1t
0xB0C589FE,0xB0C589FE.g1t
0xB12728F2,0xB12728F2.g1t
0xB1AA1278,0xB1AA1278.g1t
0xB2A80472,0xB2A80472.g1t
0xB3B13A64,0xB3B13A64.g1t
0xB4F68CB4,0xB4F68CB4.g1t
0xB5B99E37,0xB5B99E37.g1t
0xB5DC2A8C,0xB5DC2A8C.g1t
0xB5E95683,0xB5E95683.g1t
0xB60697F3,0xB60697F3.g1t
0xB63C4567,0xB63C4567.g1t
0xB65F1412,0xB65F1412.g1t
0xB6CDDEFD,0xB6CDDEFD.g1t
0xB88B8748,0xB88B8748.g1t
0xB8979B9D,0xB8979B9D.g1t
0xB8B91294,0xB8B91294.g1t
0xB9933A2C,0xB9933A2C.g1t
0xBA6E9FD1,0xBA6E9FD1.g1t
0xBABB998D,0xBABB998D.g1t
0xBB16924B,0xBB16924B.g1t
0xBB82E097,0xBB82E097.g1t
0xBC772F7A,0xBC772F7A.g1t
0xBDBB6822,0xBDBB6822.g1t
0xBF39F037,0xBF39F037.g1t
0xC05E0D67,0xC05E0D67.g1t
0xC19AFBFF,0xC19AFBFF.g1t
0xC1CAF3E1,0xC1CAF3E1.g1t
0xC26E1651,0xC26E1651.g1t
0xC2F0FFD7,0xC2F0FFD7.g1t
0xC3497BF6,0xC3497BF6.g1t
0xC3EEF1D1,0xC3EEF1D1.g1t
0xC4494119,0xC4494119.g1t
0xC46D9926,0xC46D9926.g1t
0xC581D9EC,0xC581D9EC.g1t
0xC58D79C1,0xC58D79C1.g1t
0xC72317EB,0xC72317EB.g1t
0xC7A60171,0xC7A60171.g1t
0xC7FE7D90,0xC7FE7D90.g1t
0xC814CC5C,0xC814CC5C.g1t
0xC912BE56,0xC912BE56.g1t
0xC96D0D9E,0xC96D0D9E.g1t
0xC99165AB,0xC99165AB.g1t
0xC99D0580,0xC99D0580.g1t
0xCAB14646,0xCAB14646.g1t
0xCBEFC3D0,0xCBEFC3D0.g1t
0xCCC9CDF6,0xCCC9CDF6.g1t
0xCD973AC6,0xCD973AC6.g1t
0xCDA0F16A,0xCDA0F16A.g1t
0xCEC0D205,0xCEC0D205.g1t
0xCFB249B0,0xCFB249B0.g1t
0xCFFDF410,0xCFFDF410.g1t
0xD02245C9,0xD02245C9.g1t
0xD080DD96,0xD080DD96.g1t
0xD0D959B5,0xD0D959B5.g1t
0xD13F1F3D,0xD13F1F3D.g1t
0xD28357E5,0xD28357E5.g1t
0xD2C4BDEF,0xD2C4BDEF.g1t
0xD374CF90,0xD374CF90.g1t
0xD3B503B0,0xD3B503B0.g1t
0xD4906955,0xD4906955.g1t
0xD4B2F5AA,0xD4B2F5AA.g1t
0xD4DD6311,0xD4DD6311.g1t
0xD4FC92AD,0xD4FC92AD.g1t
0xD535DF30,0xD535DF30.g1t
0xD5A4AA1B,0xD5A4AA1B.g1t
0xD5C008E8,0xD5C008E8.g1t
0xD662EBC2,0xD662EBC2.g1t
0xD692E3A4,0xD692E3A4.g1t
0xD7A1694C,0xD7A1694C.g1t
0xD91130DC,0xD91130DC.g1t
0xDA59ABB5,0xDA59ABB5.g1t
0xDAE3D56D,0xDAE3D56D.g1t
0xDBB6B029,0xDBB6B029.g1t
0xDD8DD1CF,0xDD8DD1CF.g1t
0xDDB83F36,0xDDB83F36.g1t
0xDE10BB55,0xDE10BB55.g1t
0xDE34FD61,0xDE34FD61.g1t
0xDE64F543,0xDE64F543.g1t
0xDEF3612C,0xDEF3612C.g1t
0xE144E16F,0xE144E16F.g1t
0xE1C7CAF5,0xE1C7CAF5.g1t
0xE2204714,0xE2204714.g1t
0xE26D40D0,0xE26D40D0.g1t
0xE2A2EE44,0xE2A2EE44.g1t
0xE2C5BCEF,0xE2C5BCEF.g1t
0xE33487DA,0xE33487DA.g1t
0xE388C1C8,0xE388C1C8.g1t
0xE52DF947,0xE52DF947.g1t
0xE5F9E309,0xE5F9E309.g1t
0xE6070F00,0xE6070F00.g1t
0xE6D548AE,0xE6D548AE.g1t
0xE6EB977A,0xE6EB977A.g1t
0xE7E98974,0xE7E98974.g1t
0xEA08462B,0xEA08462B.g1t
0xEAFB2339,0xEAFB2339.g1t
0xEB2ADB85,0xEB2ADB85.g1t
0xEBA09914,0xEBA09914.g1t
0xEC93512E,0xEC93512E.g1t
0xEDD9209F,0xEDD9209F.g1t
0xEED4BF2E,0xEED4BF2E.g1t
0xEEFF2C95,0xEEFF2C95.g1t
0xEF57A8B4,0xEF57A8B4.g1t
0xEFB024D3,0xEFB024D3.g1t
0xF07BC5E4,0xF07BC5E4.g1t
0xF1B8B47C,0xF1B8B47C.g1t
0xF1E8AC5E,0xF1E8AC5E.g1t
0xF20A2355,0xF20A2355.g1t
0xF2FCED24,0xF2FCED24.g1t
0xF389C0C8,0xF389C0C8.g1t
0xF40CAA4E,0xF40CAA4E.g1t
0xF47B7539,0xF47B7539.g1t
0xF59F9269,0xF59F9269.g1t
0xF6DC8101,0xF6DC8101.g1t
0xF70C78E3,0xF70C78E3.g1t
0xF7AF9B53,0xF7AF9B53.g1t
0xF83284D9,0xF83284D9.g1t
0xF93076D3,0xF93076D3.g1t
0xF98AC61B,0xF98AC61B.g1t
0xF9AF1E28,0xF9AF1E28.g1t
0xFA39ACC5,0xFA39ACC5.g1t
0xFC421098,0xFC421098.g1t
0xFC649CED,0xFC649CED.g1t
0xFC88EEA6,0xFC88EEA6.g1t
0xFC8F0A54,0xFC8F0A54.g1t
0xFCE78673,0xFCE78673.g1t
0xFD56515E,0xFD56515E.g1t
0xFDBEA9E7,0xFDBEA9E7.g1t
0xFE9184A3,0xFE9184A3.g1t
0xFEAE92A0,0xFEAE92A0.g1t
0xFED2EAAD,0xFED2EAAD.g1t
0xFEDE8A82,0xFEDE8A82.g1t
0xFF13F9A9,0xFF13F9A9.g1t
0x2F72A3D9,0x2F72A3D9.khm
0x4DF30713,0x4DF30713.khm
0x608DDF9D,0x608DDF9D.khm
0x61C84218,0x61C84218.khm
0x92E37DDC,0x92E37DDC.khm
0x9D6AE4DF,0x9D6AE4DF.khm
0x9ECAD947,0x9ECAD947.khm
0xA358A869,0xA358A869.khm
0xC5391C1B,0xC5391C1B.khm
0xD81DF247,0xD81DF247.khm
0xE7437C40,0xE7437C40.khm
0xEB5E6BCC,0xEB5E6BCC.khm
0xF78EBA5A,0xF78EBA5A.khm
0x00F02F50,package_info.ini
0x0CD323F8, 0x0CD323F8.g1nm
0x53606893, 0x53606893.g1nm
0x58DF8D79, 0x58DF8D79.g1nm
0x83C652AE, 0x83C652AE.g1nm
0x9550D452, 0x9550D452.g1nm
0x95FD7FF1, 0x95FD7FF1.g1nm
0x96AA2B90, 0x96AA2B90.g1nm
0x9756D72F, 0x9756D72F.g1nm
0xB24810CA, 0xB24810CA.g1pf
0xC5812CBB, 0xC5812CBB.g1pf
0xC62DD85A, 0xC62DD85A.g1pf
0xC6DA83F9, 0xC6DA83F9.g1pf
0xC7872F98, 0xC7872F98.g1pf
0xCEEB8962, 0xCEEB8962.g1pf
0xE2ADD8AF, 0xE2ADD8AF.g1pf
0x000CBE26, 90_L_YAMA.kidsobjdb
0xDD617A3D, 90_L_YAMA.g1t
0x1599ACEA, 90_L_YAMA.texinfo
0x00B8DF9A, 90_P_sticker_kanji_02.kidsobjdb
0x22641025, 90_P_sticker_kanji_02.g1t
0xBD862202, 90_P_sticker_kanji_02.texinfo
0x01354DAD, num_eff_BG.kidsobjdb
0x5EC8EA65, num_eff_BG.g1t
0x5F913F1A, num_eff_BG.texinfo
0x0153FF4E, icon_kamon_43_L.kidsobjdb
0xDE8B497D, icon_kamon_43_L.g1t
0x6A5E5232, icon_kamon_43_L.texinfo
0x0171C6B2, 90_L_DOJO.kidsobjdb
0x010BB455, 90_L_DOJO.g1t
0x1FF667D2, 90_L_DOJO.texinfo
0x01FA94C1, 90_M_EV1103.kidsobjdb
0x8F59B9E3, 90_M_EV1103.g1t
0x34121F98, 90_M_EV1103.texinfo
0x020D2CF6, armor_info_line_ninja.kidsobjdb
0xD542D905, armor_info_line_ninja.g1t
0x1432DDBA, armor_info_line_ninja.texinfo
0x025C467D, 90_P_sticker_txt_02.kidsobjdb
0x47220C5B, 90_P_sticker_txt_02.g1t
0x51FC7610, 90_P_sticker_txt_02.texinfo
0x02D5ACF7, 90_L_HEIAN.kidsobjdb
0x90E5974D, 90_L_HEIAN.g1t
0x25BDBDDA, 90_L_HEIAN.texinfo
0x02F3142F, record_category_icon_action.kidsobjdb
0x96D3E80D, record_category_icon_action.g1t
0x791528C2, record_category_icon_action.texinfo
0x02F32A55, 90_P_sticker_kanji_34.kidsobjdb
0x274BD24B, 90_P_sticker_kanji_34.g1t
0xDAF1C400, 90_P_sticker_kanji_34.texinfo
0x03D41311, icon_para_01.kidsobjdb
0x60D1E7A5, icon_para_01.g1t
0x0E599C5A, icon_para_01.texinfo
0x03E6C095, CC_HAIR_P12_0001.kidsobjdb
0xEB2040DB, CC_HAIR_P12_0001.g1t
0xC09DE99E, CC_HAIR_P12_0001.texinfo
0x0451135D, 90_P_sticker_kanji_10.kidsobjdb
0x97074D6B, 90_P_sticker_kanji_10.g1t
0x6AC689FC, 90_P_sticker_kanji_10.texinfo
0x049C20A0, pause.kidsobjdb
0xEF49BB6F, pause.g1t
0x31CE7B24, pause.texinfo
0xF45B0D07, pause_1.g1t
0xC42D40BC, pause_1.texinfo
0x5A8DE16F, pause_2.g1t
0x728FA124, pause_2.texinfo
0xF0ECBC18, pause_3.g1t
0xB33EFF4D, pause_3.texinfo
0x850B0989, pause_4.g1t
0x4BA72C3E, pause_4.texinfo
0xB308AE73, pause_5.g1t
0x47144C28, pause_5.texinfo
0xEB58F799, pause_6.g1t
0xDE2F924E, pause_6.texinfo
0xB8D1D20C, pause_7.g1t
0x35FFFB41, pause_7.texinfo
0x60818F68, pause_8.g1t
0xDA99AA9D, pause_8.texinfo
0x597B519C, pause_9.g1t
0x5FBF32D1, pause_9.texinfo
0xDD268C01, pause_10.g1t
0x4CCCB2B6, pause_10.texinfo
0xE07752C9, pause_11.g1t
0x194CD57E, pause_11.texinfo
0x04F6D25E, CC_EYE_0000.kidsobjdb
0xCDA30E05, CC_EYE_0000.g1t
0xC77092BA, CC_EYE_0000.texinfo
0x05222432, paint_h_fix_0000.kidsobjdb
0xB4151B55, paint_h_fix_0000.g1t
0xE07B780A, paint_h_fix_0000.texinfo
0x059104B0, icon_kamon_12_L.kidsobjdb
0x57614C41, icon_kamon_12_L.g1t
0xAF2D52F6, icon_kamon_12_L.texinfo
0x05A0184D, 90_L_YOUGASHIDOU.kidsobjdb
0x14F927CD, 90_L_YOUGASHIDOU.g1t
0x101E9D5A, 90_L_YOUGASHIDOU.texinfo
0x0644FD1E, 90_M_KUNIMATSUB.kidsobjdb
0xB8981D2D, 90_M_KUNIMATSUB.g1t
0x3322DBFA, 90_M_KUNIMATSUB.texinfo
0x069CB139, 90_P_frame_kakejiku_01.kidsobjdb
0x528385A5, 90_P_frame_kakejiku_01.g1t
0x720C3A5A, 90_P_frame_kakejiku_01.texinfo
0x06CCE616, 90_P_sticker_kanji_13.kidsobjdb
0x56B1B10D, 90_P_sticker_kanji_13.g1t
0x12E671C2, 90_P_sticker_kanji_13.texinfo
0x070391ED, CC_OUTLINE_M_0000.kidsobjdb
0xB1947A4D, CC_OUTLINE_M_0000.g1t
0x40C29B02, CC_OUTLINE_M_0000.texinfo
0x072B9A8A, 90_P_frame_blood.kidsobjdb
0x7E04A96D, 90_P_frame_blood.g1t
0xD90C07BA, 90_P_frame_blood.texinfo
0x07878734, 90_L_SHIMABARA.kidsobjdb
0xB7208C2D, 90_L_SHIMABARA.g1t
0xEE0F8CFA, 90_L_SHIMABARA.texinfo
0x07BA5482, 90_M_EV1101A.kidsobjdb
0xC6174C85, 90_M_EV1101A.g1t
0xD6A1913A, 90_M_EV1101A.texinfo
0x0814B1F9, 90_P_sticker_Logo_NIOH3.kidsobjdb
0x3B5B33E3, 90_P_sticker_Logo_NIOH3.g1t
0xD2F0EC84, 90_P_sticker_Logo_NIOH3.texinfo
0x08162589, 90_T_HELL_KUSABI.kidsobjdb
0xAD685165, 90_T_HELL_KUSABI.g1t
0xF225261A, 90_T_HELL_KUSABI.texinfo
0x08324CA5, 90_E_THOUGHT_AMRITA.kidsobjdb
0x507BB6BB, 90_E_THOUGHT_AMRITA.g1t
0xB89806AC, 90_E_THOUGHT_AMRITA.texinfo
0x086252F5, icon_kamon_39_L.kidsobjdb
0x01C294CB, icon_kamon_39_L.g1t
0x3F434680, icon_kamon_39_L.texinfo
0x087CA2BD, 90_P_sticker_kanji_09.kidsobjdb
0xEFE3351B, 90_P_sticker_kanji_09.g1t
0xF07B3ED0, 90_P_sticker_kanji_09.texinfo
0x08D9780D, CC_EYE_F_0000.kidsobjdb
0xD5EED67B, CC_EYE_F_0000.g1t
0xBB173030, CC_EYE_F_0000.texinfo
0x091EFF91, 90_M_EV1101CDE.kidsobjdb
0x8EAEC68D, 90_M_EV1101CDE.g1t
0x135CE69A, 90_M_EV1101CDE.texinfo
0x09930189, 90_E_NIOH.kidsobjdb
0x10860E45, 90_E_NIOH.g1t
0x4F24F7E8, 90_E_NIOH.texinfo
0x0A9C01B5, CC_HAIR_P90_0000.kidsobjdb
0x3AE23A0D, CC_HAIR_P90_0000.g1t
0xE9AA7AC2, CC_HAIR_P90_0000.texinfo
0x0AF853C4, 90_M_EV2502AB.kidsobjdb
0x3649EFE9, 90_M_EV2502AB.g1t
0xDC4BE29E, 90_M_EV2502AB.texinfo
0x0B0DCA93, 90_P_sticker_kanji_98.kidsobjdb
0x0F7C7447, 90_P_sticker_kanji_98.g1t
0x15C907FC, 90_P_sticker_kanji_98.texinfo
0x0B449E32, 90_M_KUNIMATSUB_1.kidsobjdb
0x066BF745, 90_M_KUNIMATSUB_1.g1t
0x0C08E7B4, CC_HAIR_P20_0000.kidsobjdb
0x8F685159, CC_HAIR_P20_0000.g1t
0xD37C0C0E, CC_HAIR_P20_0000.texinfo
0x0C45F28D, icon_kamon_64_L.kidsobjdb
0xC268263F, icon_kamon_64_L.g1t
0xCD3B0DB0, icon_kamon_64_L.texinfo
0x0C9F5857, icon_kamon_08_L.kidsobjdb
0x7A98978F, icon_kamon_08_L.g1t
0x84124744, icon_kamon_08_L.texinfo
0x0CDC8DE1, 90_T_DOKO_STORY_01.kidsobjdb
0x6A10F80D, 90_T_DOKO_STORY_01.g1t
0x0FE8051A, 90_T_DOKO_STORY_01.texinfo
0x0CF26826, 90_T_DOKO_MISSION_01.kidsobjdb
0xD9B56705, 90_T_DOKO_MISSION_01.g1t
0x60AE6BBA, 90_T_DOKO_MISSION_01.texinfo
0x0D37C9AD, 90_P_sticker_kanji_81.kidsobjdb
0xA5B0CEFB, 90_P_sticker_kanji_81.g1t
0x7028E8B0, 90_P_sticker_kanji_81.texinfo
0x0E04E49E, CC_HAIR_P31_0000.kidsobjdb
0xF2DF6205, CC_HAIR_P31_0000.g1t
0x609D8D1A, CC_HAIR_P31_0000.texinfo
0x0E74E59E, eyeshadow_d_0000.kidsobjdb
0x2B5733ED, eyeshadow_d_0000.g1t
0x8E72B5C2, eyeshadow_d_0000.texinfo
0x0E8F14BB, 90_L_KURAMA.kidsobjdb
0xAF925ED7, 90_L_KURAMA.g1t
0x8CC72A8C, 90_L_KURAMA.texinfo
0x0EE78654, 90_P_sticker_kanji_77.kidsobjdb
0x3EE25309, 90_P_sticker_kanji_77.g1t
0x4DBDB5BE, 90_P_sticker_kanji_77.texinfo
0x0F5A28EF, 90_M_EV1103_1.kidsobjdb
0x5F0C8F4F, 90_M_EV1103_1.g1t
0x0F8A4F1F, 90_M_EV2201.kidsobjdb
0x3A49159F, 90_M_EV2201.g1t
0xDC353D54, 90_M_EV2201.texinfo
0x1054D0DF, 90_M_EV5103ABC.kidsobjdb
0x959291E5, 90_M_EV5103ABC.g1t
0x423B269A, 90_M_EV5103ABC.texinfo
0x1082F7EF, icon_kamon_33_L.kidsobjdb
0x3C7376BF, icon_kamon_33_L.g1t
0x120A0E74, icon_kamon_33_L.texinfo
0x10D67C0D, caption_plus.kidsobjdb
0xBABE4D65, caption_plus.g1t
0x2C1D221A, caption_plus.texinfo
0x10DA4948, 90_T_MAREBITO_GUEST.kidsobjdb
0xFA634871, 90_T_MAREBITO_GUEST.g1t
0xCB75B726, 90_T_MAREBITO_GUEST.texinfo
0x10F80D8E, 90_P_sticker_chara_02.kidsobjdb
0x0D71550D, 90_P_sticker_chara_02.g1t
0xADD5081A, 90_P_sticker_chara_02.texinfo
0x1111856E, 90_P_sticker_kanji_60.kidsobjdb
0xD516ADBD, 90_P_sticker_kanji_60.g1t
0xA81D9672, 90_P_sticker_kanji_60.texinfo
0x11142699, eyeshadow_d_0000_1.kidsobjdb
0xC8C69365, eyeshadow_d_0000_1.g1t
0xD092681A, eyeshadow_d_0000_1.texinfo
0x1130435A, CC_HAIR_P22_0000.kidsobjdb
0x867B0F95, CC_HAIR_P22_0000.g1t
0x6A4D4C4A, CC_HAIR_P22_0000.texinfo
0x1137A8F6, CC_HAIR_P22_0000_1.kidsobjdb
0x640866DD, CC_HAIR_P22_0000_1.g1t
0x874DBF92, CC_HAIR_P22_0000_1.texinfo
0x12B60357, p1_arrow.kidsobjdb
0x69BAA38D, p1_arrow.g1t
0xBB322442, p1_arrow.texinfo
0x12C14215, 90_P_sticker_kanji_56.kidsobjdb
0x6E4831CB, 90_P_sticker_kanji_56.g1t
0x85B26380, 90_P_sticker_kanji_56.texinfo
0x12C57B75, IW_AX_0000_icon.kidsobjdb
0x01E5314B, IW_AX_0000_icon.g1t
0xFBC3A300, IW_AX_0000_icon.texinfo
0x12F12A7A, 90_M_EV3241.kidsobjdb
0x5FC305D5, 90_M_EV3241.g1t
0xD630228A, 90_M_EV3241.texinfo
0x13589A10, 90_M_EV1102.kidsobjdb
0x13EFE611, 90_M_EV1102.g1t
0x27860A96, 90_M_EV1102.texinfo
0x137AD68F, 90_M_EV6503C.kidsobjdb
0x31F1518D, 90_M_EV6503C.g1t
0xE537FB9A, 90_M_EV6503C.texinfo
0x1382A441, 90_P_sticker_chara_01.kidsobjdb
0x79F6F523, 90_P_sticker_chara_01.g1t
0xCB1FBAD8, 90_P_sticker_chara_01.texinfo
0x138EB2D4, 90_M_EV2330.kidsobjdb
0x32490999, 90_M_EV2330.g1t
0xDBCF5E0E, 90_M_EV2330.texinfo
0x13B26DAD, 90_L_MIBUDERA.kidsobjdb
0x4679E5FB, 90_L_MIBUDERA.g1t
0xC88E7FB0, 90_L_MIBUDERA.texinfo
0x140E7326, difficulty_01_icon.kidsobjdb
0xC41DBFED, difficulty_01_icon.g1t
0xBBF010A2, difficulty_01_icon.texinfo
0x148F1DA3, icon_bugi_customize.kidsobjdb
0x79520A37, icon_bugi_customize.g1t
0x65A00FB0, icon_bugi_customize.texinfo
0x14BFFD51, icon_kamon_02_L.kidsobjdb
0xB5497983, icon_kamon_02_L.g1t
0x56D90F38, icon_kamon_02_L.texinfo
0x1573F5BF, 90_M_KUNIMATSUA.kidsobjdb
0x16804A6F, 90_M_KUNIMATSUA.g1t
0x3D2BA078, 90_M_KUNIMATSUA.texinfo
0x15A3BE3B, CC_HAIR_P90_0000_1.kidsobjdb
0xF5022E65, CC_HAIR_P90_0000_1.g1t
0xEF88831A, CC_HAIR_P90_0000_1.texinfo
0x15A7E417, cmn_list_BG_b_ninja.kidsobjdb
0x64E24265, cmn_list_BG_b_ninja.g1t
0x893E971A, cmn_list_BG_b_ninja.texinfo
0x166500A3, 90_L_YOUGASHIDOU_1.kidsobjdb
0x473F68A5, 90_L_YOUGASHIDOU_1.g1t
0x169AFDD6, 90_P_sticker_kanji_35.kidsobjdb
0x9DAE108D, 90_P_sticker_kanji_35.g1t
0xBDA71142, 90_P_sticker_kanji_35.texinfo
0x16DD589D, 90_P_frame_cinemascope.kidsobjdb
0x462BF525, 90_P_frame_cinemascope.g1t
0x74F0E9DA, 90_P_frame_cinemascope.texinfo
0x17078A05, CC_HAIR_P01_0001.kidsobjdb
0xE6BCC2EB, CC_HAIR_P01_0001.g1t
0xA13964A0, CC_HAIR_P01_0001.texinfo
0x172042D0, logo_ftb.kidsobjdb
0x2F95F101, logo_ftb.g1t
0x5F0197B6, logo_ftb.texinfo
0x17914B96, icon_kamon_29_L.kidsobjdb
0x5FAAC20D, icon_kamon_29_L.g1t
0xE6EF02C2, icon_kamon_29_L.texinfo
0x17B46F6A, CC_OUTLINE_F_0000.kidsobjdb
0x9BC74585, CC_OUTLINE_F_0000.g1t
0xF1AD0A3A, CC_OUTLINE_F_0000.texinfo
0x17EAE921, 90_M_EV2401.kidsobjdb
0x6B3A12A3, 90_M_EV2401.g1t
0x02981858, 90_M_EV2401.texinfo
0x17F4AD4F, 90_M_EV2104.kidsobjdb
0x6019480F, 90_M_EV2104.g1t
0xEEA80ED8, 90_M_EV2104.texinfo
0x1817EC7A, 90_E_JIGOKUTSUKI.kidsobjdb
0x99D6C76D, 90_E_JIGOKUTSUKI.g1t
0x903C29BA, 90_E_JIGOKUTSUKI.texinfo
0x192CD87C, 90_P_sticker_kanji_99.kidsobjdb
0x4C7CC869, 90_P_sticker_kanji_99.g1t
0xF87E553E, 90_P_sticker_kanji_99.texinfo
0x19E2E1A4, CC_BEARD_01_M_0001.kidsobjdb
0x087183A9, CC_BEARD_01_M_0001.g1t
0x6503965E, CC_BEARD_01_M_0001.texinfo
0x19EA7DCA, CC_HAIR_P40_0000.kidsobjdb
0x34CCF575, CC_HAIR_P40_0000.g1t
0x35C9C05C, CC_HAIR_P40_0000.texinfo
0x1A5C6F94, CC_HAIR_P90_0000_2.kidsobjdb
0x7ADF5145, CC_HAIR_P90_0000_2.g1t
0x1A74B997, 90_P_sticker_kanji_14.kidsobjdb
0xCD13EF4F, 90_P_sticker_kanji_14.g1t
0xF59BBF04, 90_P_sticker_kanji_14.texinfo
0x1A875735, 90_E_NIOH2.kidsobjdb
0x6F8D662D, 90_E_NIOH2.g1t
0xB7C9C89A, 90_E_NIOH2.texinfo
0x1AD3A825, 90_L_FUTAMATA.kidsobjdb
0xD7D073FB, 90_L_FUTAMATA.g1t
0x412FE16C, 90_L_FUTAMATA.texinfo
0x1B74EB2E, icon_kamon_54_L.kidsobjdb
0x2185A13D, icon_kamon_54_L.g1t
0x74E6C9F2, icon_kamon_54_L.texinfo
0x1C6338FE, 90_P_frame_fire.kidsobjdb
0x3A4D14ED, 90_P_frame_fire.g1t
0x4A1BAC3A, 90_P_frame_fire.texinfo
0x1C8B8C28, eyeshadow_u_0000.kidsobjdb
0xFDDCA345, eyeshadow_u_0000.g1t
0x6A5D87FA, eyeshadow_u_0000.texinfo
0x1D7D607A, 90_P_sticker_kanji_79.kidsobjdb
0x4C1D69E5, 90_P_sticker_kanji_79.g1t
0x13285042, 90_P_sticker_kanji_79.texinfo
0x1D9FDE6C, equip_cursor_ninja.kidsobjdb
0x31CF5FC5, equip_cursor_ninja.g1t
0xB59E047A, equip_cursor_ninja.texinfo
0x1DB92430, sumi_pic_01.kidsobjdb
0x5077FCC5, sumi_pic_01.g1t
0xFCEE7862, sumi_pic_01.texinfo
0x1EB59E14, 90_P_sticker_kanji_99_1.kidsobjdb
0x85DEB289, 90_P_sticker_kanji_99_1.g1t
0x1F7CA776, CC_HAIR_B01_0002.kidsobjdb
0xC047FFED, CC_HAIR_B01_0002.g1t
0xE3331782, CC_HAIR_B01_0002.texinfo
0x1F9884FA, 90_E_ONMYOJI.kidsobjdb
0x689179BA, 90_E_ONMYOJI.texinfo
0x1FB1F090, icon_kamon_23_L.kidsobjdb
0x9A5BA401, icon_kamon_23_L.g1t
0xB9B5CAB6, icon_kamon_23_L.texinfo
0x1FF18F91, 90_M_EV2102.kidsobjdb
0xC9DFF593, 90_M_EV2102.g1t
0xD58FE4D4, 90_M_EV2102.texinfo
0x202D6673, 90_M_KUNIMATSUC.kidsobjdb
0xF8C143C7, 90_M_KUNIMATSUC.g1t
0x291A177C, 90_M_KUNIMATSUC.texinfo
0x205D20BA, 90_L_RAJOMON.kidsobjdb
0x12BBE785, 90_L_RAJOMON.g1t
0xB980AC3A, 90_L_RAJOMON.texinfo
0x20727D7D, 90_E_REISEKI.kidsobjdb
0xDA41C44D, 90_E_REISEKI.g1t
0x71C4F0DA, 90_E_REISEKI.texinfo
0x20DF9D2E, 90_P_sticker_kanji_82.kidsobjdb
0x1C130D3D, 90_P_sticker_kanji_82.g1t
0x52DE35F2, 90_P_sticker_kanji_82.texinfo
0x2115943D, 90_P_sticker_kanji_87.kidsobjdb
0xC0C0A72B, 90_P_sticker_kanji_87.g1t
0xC068B83C, 90_P_sticker_kanji_87.texinfo
0x213FE637, 90_L_BAKUMATSU.kidsobjdb
0xBA28A5CD, 90_L_BAKUMATSU.g1t
0xDC255F5A, 90_L_BAKUMATSU.texinfo
0x216D56C3, CC_EYELASH_0000.kidsobjdb
0x3111C60D, CC_EYELASH_0000.g1t
0xBFF9B362, CC_EYELASH_0000.texinfo
0x21772AFB, icon_category_01.kidsobjdb
0xC99363A5, icon_category_01.g1t
0x01FD185A, icon_category_01.texinfo
0x21C55622, 90_T_DOKO_STORY_02.kidsobjdb
0xBFFF066D, 90_T_DOKO_STORY_02.g1t
0x171F0ABA, 90_T_DOKO_STORY_02.texinfo
0x21CDE878, 90_P_sticker_kanji_59.kidsobjdb
0x4BBE0B61, 90_P_sticker_kanji_59.g1t
0x2DD24B46, 90_P_sticker_kanji_59.texinfo
0x2205EC63, 90_E_SHUGOREI.kidsobjdb
0xCFDA40E7, 90_E_SHUGOREI.g1t
0xA32F849C, 90_E_SHUGOREI.texinfo
0x228F59D5, 90_P_sticker_kanji_78.kidsobjdb
0xB544914B, 90_P_sticker_kanji_78.g1t
0x30730300, 90_P_sticker_kanji_78.texinfo
0x22AAF01A, still_enemy_l_dummy.kidsobjdb
0x27D61515, still_enemy_l_dummy.g1t
0x33A991CA, still_enemy_l_dummy.texinfo
0x2306994E, 90_L_MIKATA_BF.kidsobjdb
0x1A22A605, 90_L_MIKATA_BF.g1t
0x1A642ABA, 90_L_MIKATA_BF.texinfo
0x23383598, CC_HAIR_P11_0000.kidsobjdb
0x97402621, CC_HAIR_P11_0000.g1t
0xCE4C3CD6, CC_HAIR_P11_0000.texinfo
0x23F000B2, 90_M_EV2101.kidsobjdb
0x7EC34C55, 90_M_EV2101.g1t
0xC903CFD2, 90_M_EV2101.texinfo
0x24062B87, cheek_0000.kidsobjdb
0xFA91DD4D, cheek_0000.g1t
0x36567E02, cheek_0000.texinfo
0x2461791F, rush_attack_icon.kidsobjdb
0x1CD8489F, rush_attack_icon.g1t
0xADF2F054, rush_attack_icon.texinfo
0x24ADC800, 90_P_sticker_kanji_95.kidsobjdb
0x3563E471, 90_P_sticker_kanji_95.g1t
0x6DA92036, 90_P_sticker_kanji_95.texinfo
0x24B958EF, 90_P_sticker_kanji_61.kidsobjdb
0x4B78EBFF, 90_P_sticker_kanji_61.g1t
0x8AD2E3B4, 90_P_sticker_kanji_61.texinfo
0x2510FA07, icon_shugo_01.kidsobjdb
0x72B8E52F, icon_shugo_01.g1t
0xB212C4E4, icon_shugo_01.texinfo
0x25436325, 90_P_sticker_Logo_TeamNINJA.kidsobjdb
0x62878AAB, 90_P_sticker_Logo_TeamNINJA.g1t
0x26DA4C60, 90_P_sticker_Logo_TeamNINJA.texinfo
0x25661C3B, 90_P_sticker_kanji_67.kidsobjdb
0xC06148A7, 90_P_sticker_kanji_67.g1t
0xDB12B340, 90_P_sticker_kanji_67.texinfo
0x261C1264, CC_NOSE_F_0000.kidsobjdb
0xF915B139, CC_NOSE_F_0000.g1t
0xE5B67BEE, CC_NOSE_F_0000.texinfo
0x261E7076, 90_P_sticker_kanji_39.kidsobjdb
0x4B5EACDD, 90_P_sticker_kanji_39.g1t
0x487C464A, 90_P_sticker_kanji_39.texinfo
0x2666DE6D, icon_kamon_75_L.kidsobjdb
0x0697CBBB, icon_kamon_75_L.g1t
0xD7C38570, icon_kamon_75_L.texinfo
0x26691596, 90_P_sticker_kanji_57.kidsobjdb
0xE4AA700D, 90_P_sticker_kanji_57.g1t
0x6867B0C2, 90_P_sticker_kanji_57.texinfo
0x26C04437, icon_kamon_19_L.kidsobjdb
0xBD92EF4F, icon_kamon_19_L.g1t
0x8E9ABF04, icon_kamon_19_L.texinfo
0x27234569, rarity_item_01.kidsobjdb
0x36CB7EE5, rarity_item_01.g1t
0x9335939A, rarity_item_01.texinfo
0x272A77C2, 90_P_sticker_chara_02_1.kidsobjdb
0xF0593365, 90_P_sticker_chara_02_1.g1t
0x275F7D8F, 90_M_EV3303CDE.kidsobjdb
0x99170ACD, 90_M_EV3303CDE.g1t
0xCC2B5A5A, 90_M_EV3303CDE.texinfo
0x2865E466, cmn_black.kidsobjdb
0xDC35D138, cmn_black.g1t
0xFBB8846D, cmn_black.texinfo
0x2553E4DD, cmn_black_1.g1t
0x9AAA3D92, cmn_black_1.texinfo
0xEDFAEB8E, cmn_black_2.g1t
0x161C83C3, cmn_black_2.texinfo
0xF34F99A7, cmn_black_3.g1t
0xE6CA7D5C, cmn_black_3.texinfo
0xAAF2F088, cmn_black_4.g1t
0xDD357BBD, cmn_black_4.texinfo
0xE0F7F7D0, cmn_black_5.g1t
0xEF559F05, cmn_black_5.texinfo
0x5580C676, cmn_black_6.g1t
0x3FEAAAAB, cmn_black_6.texinfo
0xB64CD0F5, cmn_black_7.g1t
0xEE9F5DAA, cmn_black_7.texinfo
0x07EF7E9D, cmn_black_8.g1t
0x2E62F752, cmn_black_8.texinfo
0xE2AB16EC, cmn_black_9.g1t
0x95EBD021, cmn_black_9.texinfo
0x39D9AB23, cmn_black_10.g1t
0xCEB770D8, cmn_black_10.texinfo
0x6B714554, cmn_black_11.g1t
0xD9A48A89, cmn_black_11.texinfo
0xDBBC1E1F, cmn_black_12.g1t
0x03F005D4, cmn_black_12.texinfo
0x4E03C44E, cmn_black_13.g1t
0x208AFC83, cmn_black_13.texinfo
0x68484703, cmn_black_14.g1t
0xAAB51CB8, cmn_black_14.texinfo
0x8AA56F69, cmn_black_15.g1t
0x8FDBA21E, cmn_black_15.texinfo
0x9508AD24, cmn_black_16.g1t
0x16A38A59, cmn_black_16.texinfo
0x1FF39BD8, cmn_black_17.g1t
0x404FFF0D, cmn_black_17.texinfo
0xEE19664F, cmn_black_18.g1t
0x990DB604, cmn_black_18.texinfo
0xBADC4DFE, cmn_black_19.g1t
0xF5A72E33, cmn_black_19.texinfo
0x7495A21A, cmn_black_20.g1t
0xCC21144F, cmn_black_20.texinfo
0xC85B8572, cmn_black_21.g1t
0x39158BA7, cmn_black_21.texinfo
0x74609FDA, cmn_black_22.g1t
0xCEB7320F, cmn_black_22.texinfo
0x54D128C9, cmn_black_23.g1t
0x80CBAB7E, cmn_black_23.texinfo
0x0BD752C7, cmn_black_24.g1t
0x9490A67C, cmn_black_24.texinfo
0x9BDBFBD8, cmn_black_25.g1t
0xD1085F0D, cmn_black_25.texinfo
0x921DA14E, cmn_black_26.g1t
0xDA6E5983, cmn_black_26.texinfo
0x7D1777DD, cmn_black_27.g1t
0x706C5092, cmn_black_27.texinfo
0x00E78810, cmn_black_28.g1t
0x70830F45, cmn_black_28.texinfo
0x158631AB, cmn_black_29.g1t
0x5C2D7360, cmn_black_29.texinfo
0xDE178A62, cmn_black_30.g1t
0x56659897, cmn_black_30.texinfo
0x8E7EDD07, cmn_black_31.g1t
0x07E910BC, cmn_black_31.texinfo
0x83588E51, cmn_black_32.g1t
0xAA950D06, cmn_black_32.texinfo
0x96B8E31E, cmn_black_33.g1t
0xB8F43353, cmn_black_33.texinfo
0x74EA5083, cmn_black_34.g1t
0x1C366638, cmn_black_34.texinfo
0x8FE0C1A3, cmn_black_35.g1t
0x064F4758, cmn_black_35.texinfo
0x8A0DDABF, cmn_black_36.g1t
0x83D27274, cmn_black_36.texinfo
0x72A71216, cmn_black_37.g1t
0x83C2264B, cmn_black_37.texinfo
0xA7854D7D, cmn_black_38.g1t
0x5EB65632, cmn_black_38.texinfo
0x9B2B799D, cmn_black_39.g1t
0x7D297252, cmn_black_39.texinfo
0xC339154A, cmn_black_40.g1t
0x68776F7F, cmn_black_40.texinfo
0x63E0D5ED, cmn_black_41.g1t
0xF83826A2, cmn_black_41.texinfo
0xF438D758, cmn_black_42.g1t
0xB08B7A8D, cmn_black_42.texinfo
0x76F98A58, cmn_black_43.g1t
0xADBAAD8D, cmn_black_43.texinfo
0xD50F6500, cmn_black_44.g1t
0x0292F435, cmn_black_44.texinfo
0x77B39514, cmn_black_45.g1t
0x58B8FA49, cmn_black_45.texinfo
0x0857F3A4, cmn_black_46.g1t
0x2BEB90D9, cmn_black_46.texinfo
0x02DDCE44, cmn_black_47.g1t
0x64C31B79, cmn_black_47.texinfo
0x8F09433D, cmn_black_48.g1t
0x53C96BF2, cmn_black_48.texinfo
0xE8F64D86, cmn_black_49.g1t
0x802629BB, cmn_black_49.texinfo
0x0439131A, cmn_black_50.g1t
0x0AA4054F, cmn_black_50.texinfo
0x60948A5D, cmn_black_51.g1t
0x521C2312, cmn_black_51.texinfo
0x412D9CEF, cmn_black_52.g1t
0x43E59CA4, cmn_black_52.texinfo
0xD2615E1D, cmn_black_53.g1t
0xA5D916D2, cmn_black_53.texinfo
0x31E8BC23, cmn_black_54.g1t
0x16D601D8, cmn_black_54.texinfo
0x5356A0D4, cmn_black_55.g1t
0x50702609, cmn_black_55.texinfo
0xF0E8B89B, cmn_black_56.g1t
0x24130250, cmn_black_56.texinfo
0x3725BED4, cmn_black_57.g1t
0x5B804409, cmn_black_57.texinfo
0x8187C05C, cmn_black_58.g1t
0xBA764191, cmn_black_58.texinfo
0xDA7DE230, cmn_black_59.g1t
0x851F5965, cmn_black_59.texinfo
0xCF9CF2E6, cmn_black_60.g1t
0xBE3B1F1B, cmn_black_60.texinfo
0xC8C8B13B, cmn_black_61.g1t
0xA405AAF0, cmn_black_61.texinfo
0x6B1EA0FB, cmn_black_62.g1t
0x465DBAB0, cmn_black_62.texinfo
0xDD23E149, cmn_black_63.g1t
0xB80E23FE, cmn_black_63.texinfo
0xE54B619A, cmn_black_64.g1t
0x64EB13CF, cmn_black_64.texinfo
0xB1D7C5EB, cmn_black_65.g1t
0x911AE7A0, cmn_black_65.texinfo
0x8B7CF5B2, cmn_black_66.g1t
0xB184DBE7, cmn_black_66.texinfo
0xDB05B3F4, cmn_black_67.g1t
0x7620A929, cmn_black_67.texinfo
0x7DF9C1C8, cmn_black_68.g1t
0x41F1ACFD, cmn_black_68.texinfo
0xB8D8075C, cmn_black_69.g1t
0xB24B0891, cmn_black_69.texinfo
0x79AB76D1, cmn_black_70.g1t
0xF43FB586, cmn_black_70.texinfo
0x3B651E5B, cmn_black_71.g1t
0x6A668810, cmn_black_71.texinfo
0xADE5FCF2, cmn_black_72.g1t
0xDD984327, cmn_black_72.texinfo
0x6EC2A473, cmn_black_73.g1t
0x08E34228, cmn_black_73.texinfo
0x9F955215, cmn_black_74.g1t
0x0F824ECA, cmn_black_74.texinfo
0x3579A4D1, cmn_black_75.g1t
0xA146E386, cmn_black_75.texinfo
0xB8C347B8, cmn_black_76.g1t
0x4FA6BAED, cmn_black_76.texinfo
0x59C724AE, cmn_black_77.g1t
0xE0E72CE3, cmn_black_77.texinfo
0x8130B8AF, cmn_black_78.g1t
0x5174D864, cmn_black_78.texinfo
0x344176F6, cmn_black_79.g1t
0x75DF1B2B, cmn_black_79.texinfo
0x9B1957D9, cmn_black_80.g1t
0xFA45D28E, cmn_black_80.texinfo
0x5591C356, cmn_black_81.g1t
0xA372378B, cmn_black_81.texinfo
0xFDD8B28D, cmn_black_82.g1t
0xE3B0B342, cmn_black_82.texinfo
0xEAE3B1D9, cmn_black_83.g1t
0x49532C8E, cmn_black_83.texinfo
0x5B8EAD60, cmn_black_84.g1t
0x2D770C95, cmn_black_84.texinfo
0x3FD76D08, cmn_black_85.g1t
0x3A87B83D, cmn_black_85.texinfo
0xBCBDBAFD, cmn_black_86.g1t
0x1EFC03B2, cmn_black_86.texinfo
0x2B3BD278, cmn_black_87.g1t
0x695BE5AD, cmn_black_87.texinfo
0x9D658513, cmn_black_88.g1t
0x73E4D2C8, cmn_black_88.texinfo
0x99F967D7, cmn_black_89.g1t
0x6A81B38C, cmn_black_89.texinfo
0xE2ECF04D, cmn_black_90.g1t
0x84F01102, cmn_black_90.texinfo
0x3C3322A8, cmn_black_91.g1t
0x90CF9DDD, cmn_black_91.texinfo
0x0B53ECEA, cmn_black_92.g1t
0xF21D771F, cmn_black_92.texinfo
0x5E7BD1CD, cmn_black_93.g1t
0xF3323282, cmn_black_93.texinfo
0x96336060, cmn_black_94.g1t
0x508A3F95, cmn_black_94.texinfo
0x4E0D7408, cmn_black_95.g1t
0xA0623F3D, cmn_black_95.texinfo
0x85C087F2, cmn_black_96.g1t
0xFA9C459E, cmn_black_97.g1t
0xDF6255D3, cmn_black_96.texinfo
0x3C9BAFD1, cmn_black_98.g1t
0xE26B6E86, cmn_black_97.texinfo
0xC645F875, cmn_black_99.g1t
0x86B8C52A, cmn_black_98.texinfo
0x96041EE4, cmn_black_100.g1t
0x65101C19, cmn_black_99.texinfo
0xA0CFCE47, cmn_black_101.g1t
0xB9DF61FC, cmn_black_100.texinfo
0xA63C0ECB, cmn_black_102.g1t
0xB66FC080, cmn_black_101.texinfo
0xAF3AC4B7, cmn_black_103.g1t
0xF32B9E0C, cmn_black_102.texinfo
0xBF2BE3BF, cmn_black_104.g1t
0x78C3FB74, cmn_black_103.texinfo
0x1BA1C26E, cmn_black_105.g1t
0xD4BCEAA3, cmn_black_104.texinfo
0xF0EB6159, cmn_black_106.g1t
0x9CF71C0E, cmn_black_105.texinfo
0x725185DD, cmn_black_107.g1t
0xFDEF5E92, cmn_black_106.texinfo
0xF858C1E3, cmn_black_108.g1t
0x764D2798, cmn_black_107.texinfo
0xE68E2C08, cmn_black_109.g1t
0x19C6F73D, cmn_black_108.texinfo
0xB996C639, cmn_black_110.g1t
0xA5A510EE, cmn_black_109.texinfo
0x1C1F8350, cmn_black_111.g1t
0xECCB6A85, cmn_black_110.texinfo
0x9AF5FED2, cmn_black_112.g1t
0xDD145507, cmn_black_111.texinfo
0xBF11671C, cmn_black_113.g1t
0x394E8851, cmn_black_112.texinfo
0x1BE9B39C, cmn_black_114.g1t
0xA02C94D1, cmn_black_113.texinfo
0xA3C85B6B, cmn_black_115.g1t
0x45C4BD20, cmn_black_114.texinfo
0x022972BD, cmn_black_116.g1t
0xD445DB72, cmn_black_115.texinfo
0x63AD1BAA, cmn_black_117.g1t
0x08C145DF, cmn_black_116.texinfo
0xB5781F8D, cmn_black_118.g1t
0xB3D1A042, cmn_black_117.texinfo
0x23C20F0B, cmn_black_119.g1t
0x047BA0C0, cmn_black_118.texinfo
0x1D354EC4, cmn_black_120.g1t
0x8E665BF9, cmn_black_119.texinfo
0x8357DEFE, cmn_black_121.g1t
0x03F23F33, cmn_black_120.texinfo
0x43B7DE7D, cmn_black_122.g1t
0x8D386732, cmn_black_121.texinfo
0x5B43AB6F, cmn_black_123.g1t
0x2F506B24, cmn_black_122.texinfo
0xB09606CE, cmn_black_124.g1t
0x9337FF03, cmn_black_123.texinfo
0x383337DE, cmn_black_125.g1t
0xB7B62813, cmn_black_124.texinfo
0x8B9BD449, cmn_black_126.g1t
0xF8AEE46F, cmn_black_127.g1t
0x42772424, cmn_black_125.texinfo
0xA7DD0329, cmn_black_128.g1t
0x5BA355DE, cmn_black_126.texinfo
0x63794E6C, cmn_black_129.g1t
0x0DD247A1, cmn_black_127.texinfo
0x215D4279, cmn_black_130.g1t
0x91536D2E, cmn_black_128.texinfo
0x25B0F45F, cmn_black_131.g1t
0xFF0FBC14, cmn_black_129.texinfo
0xA9B79F7F, cmn_black_132.g1t
0x7B8BD734, cmn_black_130.texinfo
0x155D89D5, cmn_black_133.g1t
0x72E8A68A, cmn_black_131.texinfo
0x33A4964B, cmn_black_134.g1t
0xC5488800, cmn_black_132.texinfo
0x7484689A, cmn_black_135.g1t
0x12489ACF, cmn_black_133.texinfo
0xE851DA0F, cmn_black_136.g1t
0x166649C4, cmn_black_134.texinfo
0xBE26F56F, cmn_black_137.g1t
0x7B7EB524, cmn_black_135.texinfo
0x40FC6CA7, cmn_black_138.g1t
0x1BD5D05C, cmn_black_136.texinfo
0xC7FB46DB, cmn_black_139.g1t
0xF6B47090, cmn_black_137.texinfo
0xEEB55E1F, cmn_black_140.g1t
0x784945D4, cmn_black_138.texinfo
0x044D8C68, cmn_black_141.g1t
0x8E1F279D, cmn_black_139.texinfo
0xDF249D1F, cmn_black_142.g1t
0x110104D4, cmn_black_140.texinfo
0xD5DF4012, cmn_black_143.g1t
0x12FAF647, cmn_black_141.texinfo
0xCF7C83BE, cmn_black_144.g1t
0xAFB683F3, cmn_black_142.texinfo
0xED78DCA9, cmn_black_145.g1t
0x54B66F5E, cmn_black_143.texinfo
0xC232777B, cmn_black_146.g1t
0xAAA25130, cmn_black_144.texinfo
0xA38E6382, cmn_black_147.g1t
0x648AE1B7, cmn_black_145.texinfo
0x4BF7CF07, cmn_black_148.g1t
0x9B9902BC, cmn_black_146.texinfo
0x47FCE3C2, cmn_black_149.g1t
0x313F41F7, cmn_black_147.texinfo
0xCB47BCE7, cmn_black_150.g1t
0xF37F009C, cmn_black_148.texinfo
0x90BE31A0, cmn_black_151.g1t
0x7ACA70D5, cmn_black_149.texinfo
0x885330F4, cmn_black_152.g1t
0x9667A629, cmn_black_150.texinfo
0x24299423, cmn_black_153.g1t
0xCCEAD9D8, cmn_black_151.texinfo
0xF3FED00C, cmn_black_154.g1t
0xF67DF941, cmn_black_152.texinfo
0xA942BB2C, cmn_black_155.g1t
0x43975461, cmn_black_153.texinfo
0x5E08C013, cmn_black_156.g1t
0x6A728DC8, cmn_black_154.texinfo
0xBEF06C17, cmn_black_157.g1t
0x77DC97CC, cmn_black_155.texinfo
0x1EF82204, cmn_black_158.g1t
0x800D8F39, cmn_black_156.texinfo
0xC865750A, cmn_black_159.g1t
0x3CEDEF3F, cmn_black_157.texinfo
0x7964540E, cmn_black_160.g1t
0x859DAC43, cmn_black_158.texinfo
0x28476818, cmn_black_161.g1t
0x2563AB4D, cmn_black_159.texinfo
0x0F591CF3, cmn_black_162.g1t
0x10897AA8, cmn_black_160.texinfo
0x325492B7, cmn_black_163.g1t
0xB98C6E6C, cmn_black_161.texinfo
0x12871F81, cmn_black_164.g1t
0xF0B78636, cmn_black_162.texinfo
0x5D1A5BA9, cmn_black_165.g1t
0x09806E5E, cmn_black_163.texinfo
0x33E606EB, cmn_black_166.g1t
0xF020A8A0, cmn_black_164.texinfo
0x13AFCE39, cmn_black_167.g1t
0xBBFA18EE, cmn_black_165.texinfo
0xC41F43FD, cmn_black_168.g1t
0x18710CB2, cmn_black_166.texinfo
0x722B989B, cmn_black_169.g1t
0x88E5E250, cmn_black_167.texinfo
0x7519F8DB, cmn_black_170.g1t
0xB12A2290, cmn_black_168.texinfo
0x8B1CD880, cmn_black_171.g1t
0x45BAA7B5, cmn_black_169.texinfo
0xD3B70F85, cmn_black_172.g1t
0xB8A7D43A, cmn_black_170.texinfo
0xB319CFFC, cmn_black_173.g1t
0xAF378131, cmn_black_171.texinfo
0xA16F3542, cmn_black_174.g1t
0xFE2CD377, cmn_black_172.texinfo
0x7008D0C6, cmn_black_175.g1t
0x67C50CFB, cmn_black_173.texinfo
0xC89FFDF5, cmn_black_176.g1t
0x19940AAA, cmn_black_174.texinfo
0x3D8D5913, cmn_black_177.g1t
0x5402A6C8, cmn_black_175.texinfo
0xBAD3E0B2, cmn_black_178.g1t
0x356E46E7, cmn_black_176.texinfo
0x2D1B8EF1, cmn_black_179.g1t
0xC3A6BDA6, cmn_black_177.texinfo
0xBFDCEF6F, cmn_black_180.g1t
0x5DA7AF24, cmn_black_178.texinfo
0x2117BE82, cmn_black_181.g1t
0xF7EEBCB7, cmn_black_179.texinfo
0x4A36626A, cmn_black_182.g1t
0x67C92C9F, cmn_black_180.texinfo
0x23C71390, cmn_black_183.g1t
0xB9B0DAC5, cmn_black_181.texinfo
0x0539A631, cmn_black_184.g1t
0xA46734E6, cmn_black_182.texinfo
0x5B114C52, cmn_black_185.g1t
0x5BCCE287, cmn_black_183.texinfo
0x931EED34, cmn_black_186.g1t
0xA07B4269, cmn_black_184.texinfo
0x7D4BCFC2, cmn_black_187.g1t
0x0D382DF7, cmn_black_185.texinfo
0xBF1532E7, cmn_black_188.g1t
0xB7A1769C, cmn_black_186.texinfo
0x79C7EAA4, cmn_black_189.g1t
0xE68807D9, cmn_black_187.texinfo
0x1F65616A, cmn_black_190.g1t
0x79921E2F, cmn_black_188.texinfo
0x2F5A9309, cmn_black_191.g1t
0xC815F5BE, cmn_black_189.texinfo
0x37EF7BFB, cmn_black_192.g1t
0x394915B0, cmn_black_190.texinfo
0x23871169, cmn_black_193.g1t
0xBB1C441E, cmn_black_191.texinfo
0x69EBEA1E, cmn_black_194.g1t
0x1D4BBA53, cmn_black_192.texinfo
0xD8616F9A, cmn_black_195.g1t
0xA24A21CF, cmn_black_193.texinfo
0xAAD39928, cmn_black_196.g1t
0x3550D45D, cmn_black_194.texinfo
0x8E076889, cmn_black_197.g1t
0xB15C0B3E, cmn_black_195.texinfo
0xD6759CBF, cmn_black_198.g1t
0xF2893474, cmn_black_196.texinfo
0x8075F1FC, cmn_black_199.g1t
0x4DB2A331, cmn_black_197.texinfo
0xD53419BC, cmn_black_200.g1t
0x4396EAF1, cmn_black_198.texinfo
0x48DEEF18, cmn_black_201.g1t
0x90DFB24D, cmn_black_199.texinfo
0x7AE41256, cmn_black_202.g1t
0x2905068B, cmn_black_200.texinfo
0x7F22E065, cmn_black_203.g1t
0x3600351A, cmn_black_201.texinfo
0x16417F77, cmn_black_204.g1t
0xCFB4FB2C, cmn_black_202.texinfo
0x909067EF, cmn_black_205.g1t
0x3EEAE7A4, cmn_black_203.texinfo
0xD9614B6F, cmn_black_206.g1t
0x671C7832, cmn_black_207.g1t
0xD49F1E67, cmn_black_204.texinfo
0xAC916866, cmn_black_208.g1t
0x78F8D49B, cmn_black_205.texinfo
0x31553CF8, cmn_black_209.g1t
0x97BC102D, cmn_black_206.texinfo
0x8AA50C21, cmn_black_210.g1t
0x18CE22D6, cmn_black_207.texinfo
0x2CC35349, cmn_black_211.g1t
0x66A495FE, cmn_black_208.texinfo
0xF58C17DE, cmn_black_212.g1t
0x5D9F0813, cmn_black_209.texinfo
0x68D6C72D, cmn_black_213.g1t
0xC25377E2, cmn_black_210.texinfo
0x56464204, cmn_black_214.g1t
0x234BAF39, cmn_black_211.texinfo
0x602BE3DC, cmn_black_215.g1t
0x9B5CA511, cmn_black_212.texinfo
0x86ACC28C, cmn_black_216.g1t
0xC3EEABC1, cmn_black_213.texinfo
0x4417DE47, cmn_black_217.g1t
0x5A9F71FC, cmn_black_214.texinfo
0x85C99563, cmn_black_218.g1t
0x70283B18, cmn_black_215.texinfo
0x3169F827, cmn_black_219.g1t
0xBB919BDC, cmn_black_216.texinfo
0xD4F88125, cmn_black_220.g1t
0x729775DA, cmn_black_217.texinfo
0xC6CDB993, cmn_black_221.g1t
0x8D1EC748, cmn_black_218.texinfo
0x64F11BBA, cmn_black_222.g1t
0xC8E6BDEF, cmn_black_219.texinfo
0xB2B4425E, cmn_black_223.g1t
0x9DADF293, cmn_black_220.texinfo
0xCBDE7DFD, cmn_black_224.g1t
0x5A0346B2, cmn_black_221.texinfo
0x2E74C130, cmn_black_225.g1t
0x348EB865, cmn_black_222.texinfo
0x552D5CB6, cmn_black_226.g1t
0xCEE220EB, cmn_black_223.texinfo
0xA835CC46, cmn_black_227.g1t
0x8208487B, cmn_black_224.texinfo
0xA5FB3D94, cmn_black_228.g1t
0x51F862C9, cmn_black_225.texinfo
0xC3F134B5, cmn_black_229.g1t
0x07EBE16A, cmn_black_226.texinfo
0x621424AB, cmn_black_230.g1t
0xFA89E660, cmn_black_227.texinfo
0xB8D0DF16, cmn_black_231.g1t
0xD63D734B, cmn_black_228.texinfo
0xC214B437, cmn_black_232.g1t
0x415FCFEC, cmn_black_229.texinfo
0xB7DAC975, cmn_black_233.g1t
0x0F7D162A, cmn_black_230.texinfo
0x9086EC1F, cmn_black_234.g1t
0x9AA3D3D4, cmn_black_231.texinfo
0x13200E1C, cmn_black_235.g1t
0x07B1AF51, cmn_black_232.texinfo
0xC95EB202, cmn_black_236.g1t
0x748FF037, cmn_black_233.texinfo
0x745BCC51, cmn_black_237.g1t
0xCBC94B06, cmn_black_234.texinfo
0x13645241, cmn_black_238.g1t
0x063D58F6, cmn_black_235.texinfo
0x4002EA5E, cmn_black_239.g1t
0x13689A93, cmn_black_236.texinfo
0x44A0A0E4, cmn_black_240.g1t
0x8D9B9E19, cmn_black_237.texinfo
0x3F70D7EA, cmn_black_241.g1t
0xA7CCE21F, cmn_black_238.texinfo
0x7DBC89DF, cmn_black_242.g1t
0x94549194, cmn_black_239.texinfo
0x935540A6, cmn_black_243.g1t
0x2D968CDB, cmn_black_240.texinfo
0x435109BB, cmn_black_244.g1t
0x79ADC370, cmn_black_241.texinfo
0x81ECA3BB, cmn_black_245.g1t
0x6CEC5D70, cmn_black_242.texinfo
0x0807EF82, cmn_black_246.g1t
0x995E6DB7, cmn_black_243.texinfo
0x1AB39DFE, cmn_black_247.g1t
0xF9567E33, cmn_black_244.texinfo
0x8A166C71, cmn_black_248.g1t
0x44F6DB26, cmn_black_245.texinfo
0xC6E2A60C, cmn_black_249.g1t
0x6786CF41, cmn_black_246.texinfo
0xDAF127D1, cmn_black_250.g1t
0xE944E686, cmn_black_247.texinfo
0x07E04AB6, cmn_black_251.g1t
0xF26E0EEB, cmn_black_248.texinfo
0xD2BF4F6D, cmn_black_252.g1t
0x783DE022, cmn_black_249.texinfo
0xDA6A2BDA, cmn_black_253.g1t
0xBD1ABE0F, cmn_black_250.texinfo
0x73E17D1D, cmn_black_254.g1t
0x3C31B5D2, cmn_black_251.texinfo
0xEC624184, cmn_black_255.g1t
0x445BEEB9, cmn_black_252.texinfo
0xBC553D99, cmn_black_256.g1t
0xAB98D84E, cmn_black_253.texinfo
0xD81CDA50, cmn_black_257.g1t
0x2C454185, cmn_black_254.texinfo
0x64671E62, cmn_black_258.g1t
0x42CB2C97, cmn_black_255.texinfo
0x33D5CFC4, cmn_black_259.g1t
0x6EDE5CF9, cmn_black_256.texinfo
0x2082D51A, cmn_black_260.g1t
0x883CC74F, cmn_black_257.texinfo
0xFFE40386, cmn_black_261.g1t
0x5D48DFBB, cmn_black_258.texinfo
0xB0AABFB1, cmn_black_262.g1t
0x96AF8E66, cmn_black_259.texinfo
0xE31546CE, cmn_black_263.g1t
0xF4173F03, cmn_black_260.texinfo
0x6E517D72, cmn_black_264.g1t
0x834F83A7, cmn_black_261.texinfo
0x8F75FBAD, cmn_black_265.g1t
0x65446C62, cmn_black_262.texinfo
0x26C111CE, cmn_black_266.g1t
0x96E58A03, cmn_black_263.texinfo
0xF9DE10D6, cmn_black_267.g1t
0x85DBC50B, cmn_black_264.texinfo
0x9CD78733, cmn_black_268.g1t
0x8848C4E8, cmn_black_265.texinfo
0xA7B103B7, cmn_black_269.g1t
0x59485F6C, cmn_black_266.texinfo
0x813682B3, cmn_black_270.g1t
0xE5BE0068, cmn_black_267.texinfo
0xEE0CEFF7, cmn_black_271.g1t
0xFB542BAC, cmn_black_268.texinfo
0xA0FAF469, cmn_black_272.g1t
0xC5E6A71E, cmn_black_269.texinfo
0xCB58AA47, cmn_black_273.g1t
0x7C9A3DFC, cmn_black_270.texinfo
0x3D415253, cmn_black_274.g1t
0xFA980008, cmn_black_271.texinfo
0x9A5E8290, cmn_black_275.g1t
0x28F8C9C5, cmn_black_272.texinfo
0x991A7E60, cmn_black_276.g1t
0x2EB25D95, cmn_black_273.texinfo
0x979F376F, cmn_black_277.g1t
0x7B05F724, cmn_black_274.texinfo
0x7F51C311, cmn_black_278.g1t
0xE965E1C6, cmn_black_275.texinfo
0xCDE1497F, cmn_black_279.g1t
0xBED08134, cmn_black_276.texinfo
0x08EFBC35, cmn_black_280.g1t
0x135AA8EA, cmn_black_277.texinfo
0x445FC9E8, cmn_black_281.g1t
0xD7D6A51D, cmn_black_278.texinfo
0xF46A4A81, cmn_black_282.g1t
0x870D3136, cmn_black_279.texinfo
0x2B267764, cmn_black_283.g1t
0x78523499, cmn_black_280.texinfo
0xEA8343D9, cmn_black_284.g1t
0x6AD9BE8E, cmn_black_281.texinfo
0xD1728C86, cmn_black_285.g1t
0x426AE8BB, cmn_black_282.texinfo
0xC429C298, cmn_black_286.g1t
0xFB94C5CD, cmn_black_283.texinfo
0xD7B6E7A8, cmn_black_287.g1t
0x8AE8E2DD, cmn_black_284.texinfo
0x8850AFD3, cmn_black_288.g1t
0x4BBC9D88, cmn_black_285.texinfo
0x490C83FF, cmn_black_289.g1t
0xE4DA7BB4, cmn_black_286.texinfo
0xDB0F8652, cmn_black_290.g1t
0xDE1E1C87, cmn_black_287.texinfo
0xCCB339CA, cmn_black_291.g1t
0x274B53FF, cmn_black_288.texinfo
0xB5B4F457, cmn_black_292.g1t
0xECA3000C, cmn_black_289.texinfo
0x1FBD2A78, cmn_black_293.g1t
0x0D713DAD, cmn_black_290.texinfo
0x7BE7E15C, cmn_black_294.g1t
0x55DDE291, cmn_black_291.texinfo
0x00D97C21, cmn_black_295.g1t
0x7F4A92D6, cmn_black_292.texinfo
0x88F5E53E, cmn_black_296.g1t
0x62A32573, cmn_black_293.texinfo
0x71232DA3, cmn_black_297.g1t
0x687BB358, cmn_black_294.texinfo
0x6345BFF4, cmn_black_298.g1t
0x877AB529, cmn_black_295.texinfo
0xAEC14EBB, cmn_black_299.g1t
0x79738870, cmn_black_296.texinfo
0x652B2C1A, cmn_black_300.g1t
0x02E19E4F, cmn_black_297.texinfo
0x419F9A82, cmn_black_301.g1t
0x992898B7, cmn_black_298.texinfo
0x1EFF5FD4, cmn_black_302.g1t
0x8BA16509, cmn_black_299.texinfo
0x3AEE5AF3, cmn_black_303.g1t
0xD34FB8A8, cmn_black_300.texinfo
0x62B9BA7D, cmn_black_304.g1t
0x5FEC4332, cmn_black_301.texinfo
0x2F5FC453, cmn_black_305.g1t
0xF42D7208, cmn_black_302.texinfo
0x8A281560, cmn_black_306.g1t
0x211C7495, cmn_black_303.texinfo
0x61F96627, cmn_black_307.g1t
0x1ABA09DC, cmn_black_304.texinfo
0xA1674638, cmn_black_308.g1t
0x3127796D, cmn_black_305.texinfo
0x7D9485CE, cmn_black_309.g1t
0xAEDEFE03, cmn_black_306.texinfo
0x71B9A714, cmn_black_310.g1t
0xDD660C49, cmn_black_307.texinfo
0x97582ACE, cmn_black_311.g1t
0x44482303, cmn_black_308.texinfo
0x05D3D80A, cmn_black_312.g1t
0x8672D23F, cmn_black_309.texinfo
0xE5A9704D, cmn_black_313.g1t
0xD56C9102, cmn_black_310.texinfo
0x9E28373B, cmn_black_314.g1t
0x123230F0, cmn_black_311.texinfo
0x40168C19, cmn_black_315.g1t
0xB90EE6CE, cmn_black_312.texinfo
0x54BF4C22, cmn_black_316.g1t
0xCBD67A57, cmn_black_313.texinfo
0xBF635B43, cmn_black_317.g1t
0x19AC10F8, cmn_black_314.texinfo
0x50BDD5E1, cmn_black_318.g1t
0x2DEC0C96, cmn_black_315.texinfo
0xB1D07276, cmn_black_319.g1t
0x548456AB, cmn_black_316.texinfo
0x15B558C5, cmn_black_320.g1t
0xD3DF7D7A, cmn_black_317.texinfo
0xC5F3F48C, cmn_black_321.g1t
0xC84CDDC1, cmn_black_318.texinfo
0x8ED606B4, cmn_black_322.g1t
0x50099BE9, cmn_black_319.texinfo
0xD7A29A42, cmn_black_323.g1t
0xF834BE16, cmn_black_320.texinfo
0xBDEF3B54, cmn_black_324.g1t
0x30378089, cmn_black_321.texinfo
0x7DC32D03, cmn_black_325.g1t
0x1C4D02B8, cmn_black_322.texinfo
0x09224ED5, cmn_black_326.g1t
0xBCC2EB8A, cmn_black_323.texinfo
0xC299FDB5, cmn_black_327.g1t
0x83082A6A, cmn_black_324.texinfo
0x1B3BA4A5, cmn_black_328.g1t
0xD39CD95A, cmn_black_325.texinfo
0xFA04EACE, cmn_black_329.g1t
0x0294E303, cmn_black_326.texinfo
0x9D76463D, cmn_black_330.g1t
0x8DFCEEF2, cmn_black_327.texinfo
0x6CF9F7F0, cmn_black_331.g1t
0xAC1A8F25, cmn_black_328.texinfo
0xBC78BC12, cmn_black_332.g1t
0xD8767247, cmn_black_329.texinfo
0x25B833E5, cmn_black_333.g1t
0x22BFC89A, cmn_black_330.texinfo
0x04CE966A, cmn_black_334.g1t
0xF327609F, cmn_black_331.texinfo
0x0418C971, cmn_black_335.g1t
0x0C82B826, cmn_black_332.texinfo
0xF460DEDF, cmn_black_336.g1t
0xC6C66694, cmn_black_333.texinfo
0xD4AD6FC2, cmn_black_337.g1t
0x9AC9CDF7, cmn_black_334.texinfo
0xAF4B35B6, cmn_black_338.g1t
0xC46B79EB, cmn_black_335.texinfo
0x0083BD30, cmn_black_339.g1t
0x2EBFB465, cmn_black_336.texinfo
0xEFACA8CD, cmn_black_340.g1t
0x421F8982, cmn_black_337.texinfo
0xF5B8D656, cmn_black_341.g1t
0xE3D7CA8B, cmn_black_338.texinfo
0xC06B9F76, cmn_black_342.g1t
0x17C103AB, cmn_black_339.texinfo
0xCE1184F9, cmn_black_343.g1t
0x6D226FAE, cmn_black_340.texinfo
0x72C62F80, cmn_black_344.g1t
0xFAE07EB5, cmn_black_341.texinfo
0xCD77B427, cmn_black_345.g1t
0xE26157DC, cmn_black_342.texinfo
0x2BCA07C7, cmn_black_346.g1t
0x6220DB7C, cmn_black_343.texinfo
0x50846F36, cmn_black_347.g1t
0x4B6BF36B, cmn_black_344.texinfo
0xED9EB629, cmn_black_348.g1t
0xB35388DE, cmn_black_345.texinfo
0xAD8EC25C, cmn_black_349.g1t
0xA72C4391, cmn_black_346.texinfo
0xC80F9FAC, cmn_black_350.g1t
0xB05DF8E1, cmn_black_347.texinfo
0x6ED7814B, cmn_black_351.g1t
0x070DF300, cmn_black_348.texinfo
0x70E837D7, cmn_black_352.g1t
0x8D88838C, cmn_black_349.texinfo
0xE8299B33, cmn_black_353.g1t
0xF470D8E8, cmn_black_350.texinfo
0x1E957E26, cmn_black_354.g1t
0x7B7C0A5B, cmn_black_351.texinfo
0x7C1ABF68, cmn_black_355.g1t
0x261ADA9D, cmn_black_352.texinfo
0x2D050FAB, cmn_black_356.g1t
0xBD0D5160, cmn_black_353.texinfo
0x1E57F8C5, cmn_black_357.g1t
0x8A321D7A, cmn_black_354.texinfo
0x02D4161B, cmn_black_358.g1t
0x6E139FD0, cmn_black_355.texinfo
0x9DA92ECF, cmn_black_359.g1t
0xF2853E84, cmn_black_356.texinfo
0x19ED7E13, cmn_black_360.g1t
0x09C84BC8, cmn_black_357.texinfo
0xBF587C02, cmn_black_361.g1t
0xE494BA37, cmn_black_358.texinfo
0x2A119701, cmn_black_362.g1t
0xC73A3DB6, cmn_black_359.texinfo
0xC35A2202, cmn_black_363.g1t
0x23536037, cmn_black_360.texinfo
0x18836FFF, cmn_black_364.g1t
0x06FB67B4, cmn_black_361.texinfo
0xDB2C5E8F, cmn_black_365.g1t
0x576A8E44, cmn_black_362.texinfo
0xC9B96F1D, cmn_black_366.g1t
0x20C0A7D2, cmn_black_363.texinfo
0xC01F4358, cmn_black_367.g1t
0x0B5BE68D, cmn_black_364.texinfo
0x38B7900B, cmn_black_368.g1t
0xB0C8A1C0, cmn_black_365.texinfo
0x468BD3BE, cmn_black_369.g1t
0x6E9DD3F3, cmn_black_366.texinfo
0x72BCA547, cmn_black_370.g1t
0x8B88B8FC, cmn_black_367.texinfo
0x8B733E56, cmn_black_371.g1t
0xC61E328B, cmn_black_368.texinfo
0x5CD3F588, cmn_black_372.g1t
0xFD0C00BD, cmn_black_369.texinfo
0xC51BE4D9, cmn_black_373.g1t
0x1639DF8E, cmn_black_370.texinfo
0xD23958D4, cmn_black_374.g1t
0xAF36DE09, cmn_black_371.texinfo
0x5FA98DB7, cmn_black_375.g1t
0xEDEBE96C, cmn_black_372.texinfo
0xD4D76377, cmn_black_376.g1t
0xC8B8DF2C, cmn_black_373.texinfo
0x4757313E, cmn_black_377.g1t
0x377E7173, cmn_black_374.texinfo
0xC7F7905E, cmn_black_378.g1t
0xA49A4093, cmn_black_375.texinfo
0xD864CEEA, cmn_black_379.g1t
0x27ED591F, cmn_black_376.texinfo
0xB2296735, cmn_black_380.g1t
0xE1C6D3EA, cmn_black_377.texinfo
0x6130558F, cmn_black_381.g1t
0xBC9B0544, cmn_black_378.texinfo
0xBEDE1DC4, cmn_black_382.g1t
0x810FAAF9, cmn_black_379.texinfo
0x9E12C393, cmn_black_383.g1t
0xC6CED148, cmn_black_380.texinfo
0xCDBC2177, cmn_black_384.g1t
0x250E9D2C, cmn_black_381.texinfo
0xE15FB1A9, cmn_black_385.g1t
0x9F2AC45E, cmn_black_382.texinfo
0x64227905, cmn_black_386.g1t
0xEA427DBA, cmn_black_383.texinfo
0x126859FF, cmn_black_387.g1t
0x505B51B4, cmn_black_384.texinfo
0x1CECFAFC, cmn_black_388.g1t
0x557D2C31, cmn_black_385.texinfo
0x7E2C6065, cmn_black_389.g1t
0x9449B51A, cmn_black_386.texinfo
0x1E807648, cmn_black_390.g1t
0x1F0A217D, cmn_black_387.texinfo
0x3F5A5E13, cmn_black_391.g1t
0xEDC52BC8, cmn_black_388.texinfo
0x46BA86F5, cmn_black_392.g1t
0x854213AA, cmn_black_389.texinfo
0x4DF86833, cmn_black_393.g1t
0x0C1125E8, cmn_black_390.texinfo
0x7D1CAFFF, cmn_black_394.g1t
0xFCF4A7B4, cmn_black_391.texinfo
0xA14E773D, cmn_black_395.g1t
0x98549FF2, cmn_black_392.texinfo
0x21EAFC8E, cmn_black_396.g1t
0xC19C14C3, cmn_black_393.texinfo
0xAED0A16E, cmn_black_397.g1t
0x676449A3, cmn_black_394.texinfo
0x05D87D77, cmn_black_398.g1t
0xFF9CF92C, cmn_black_395.texinfo
0x2C4749D4, cmn_black_399.g1t
0x7EE44F09, cmn_black_396.texinfo
0xD0C0A80C, cmn_black_400.g1t
0x6E93D141, cmn_black_397.texinfo
0x8C7C6760, cmn_black_401.g1t
0x5CF7C695, cmn_black_398.texinfo
0x72D962EE, cmn_black_402.g1t
0x8E304B23, cmn_black_399.texinfo
0x74D18241, cmn_black_403.g1t
0x8D9288F6, cmn_black_400.texinfo
0xBD6F2644, cmn_black_404.g1t
0x46E87379, cmn_black_401.texinfo
0x6101416B, cmn_black_405.g1t
0x501AA320, cmn_black_402.texinfo
0x951C8BCE, cmn_black_406.g1t
0x16F40403, cmn_black_403.texinfo
0xFC4BC1F6, cmn_black_407.g1t
0x49CBE62B, cmn_black_404.texinfo
0x147F1311, cmn_black_408.g1t
0x876B31C6, cmn_black_405.texinfo
0xC68C53F8, cmn_black_409.g1t
0xFD8FA72D, cmn_black_406.texinfo
0x4A24A1F5, cmn_black_410.g1t
0x4026AEAA, cmn_black_407.texinfo
0x2768B225, cmn_black_411.g1t
0xBF8726DA, cmn_black_408.texinfo
0xB0BE9841, cmn_black_412.g1t
0x41049EF6, cmn_black_409.texinfo
0x9E2AF1B2, cmn_black_413.g1t
0x84D4D7E7, cmn_black_410.texinfo
0xA26C2A00, cmn_black_414.g1t
0x9A053935, cmn_black_411.texinfo
0x2A549C79, cmn_black_415.g1t
0x3B0DC72E, cmn_black_412.texinfo
0xB860E6A1, cmn_black_416.g1t
0xF818BD56, cmn_black_413.texinfo
0x1EAD6F6D, cmn_black_417.g1t
0xE01C0022, cmn_black_414.texinfo
0xF35D1BAC, cmn_black_418.g1t
0x408D74E1, cmn_black_415.texinfo
0x482AFFBE, cmn_black_419.g1t
0xF4C6FFF3, cmn_black_416.texinfo
0x0A873D55, cmn_black_420.g1t
0x8D0C9A0A, cmn_black_417.texinfo
0x788B7FC0, cmn_black_421.g1t
0x0103AEF5, cmn_black_418.texinfo
0xE0D05688, cmn_black_422.g1t
0x79EFE1BD, cmn_black_419.texinfo
0x136F2CDC, cmn_black_423.g1t
0xF9D36E11, cmn_black_420.texinfo
0x84761D7C, cmn_black_424.g1t
0xB6B10EB1, cmn_black_421.texinfo
0xF9B21A32, cmn_black_425.g1t
0xFF93C067, cmn_black_422.texinfo
0x75A667CD, cmn_black_426.g1t
0xA721C882, cmn_black_423.texinfo
0x1B7005EC, cmn_black_427.g1t
0xF4A13F21, cmn_black_424.texinfo
0xF7914334, cmn_black_428.g1t
0x37D29869, cmn_black_425.texinfo
0x403CBDD6, cmn_black_429.g1t
0xF31BF20B, cmn_black_426.texinfo
0xDAD68D8C, cmn_black_430.g1t
0x083AF6C1, cmn_black_427.texinfo
0x6380D8CA, cmn_black_431.g1t
0x503172FF, cmn_black_428.texinfo
0x4ACC3FD9, cmn_black_432.g1t
0x4644BA8E, cmn_black_429.texinfo
0x35E2FF01, cmn_black_433.g1t
0x3C17A5B6, cmn_black_430.texinfo
0xB4B80A52, cmn_black_434.g1t
0xE7E4A087, cmn_black_431.texinfo
0x86A5825D, cmn_black_435.g1t
0x96F11B12, cmn_black_432.texinfo
0xFEAA7E65, cmn_black_436.g1t
0x4C88D31A, cmn_black_433.texinfo
0x370C2759, cmn_black_437.g1t
0xB944E20E, cmn_black_434.texinfo
0x9905317B, cmn_black_438.g1t
0x05880B30, cmn_black_435.texinfo
0x6523B2EA, cmn_black_439.g1t
0xB29A3D1F, cmn_black_436.texinfo
0x9850C741, cmn_black_440.g1t
0xCD04C690, cmn_black_441.g1t
0x56DD0DC5, cmn_black_437.texinfo
0x5DCC336A, cmn_black_442.g1t
0x2A0E7D9F, cmn_black_438.texinfo
0xF71D7E46, cmn_black_443.g1t
0xD1C6FA7B, cmn_black_439.texinfo
0x2868CF64, cmn_black_444.g1t
0xDCA88C99, cmn_black_440.texinfo
0xB192E54C, cmn_black_445.g1t
0xF5856E81, cmn_black_441.texinfo
0xD9C3479D, cmn_black_446.g1t
0xEF2A4052, cmn_black_442.texinfo
0x5AA962AE, cmn_black_447.g1t
0x0A7A6AE3, cmn_black_443.texinfo
0xBF0B0B3E, cmn_black_448.g1t
0x9DB54B73, cmn_black_444.texinfo
0x685C4920, cmn_black_449.g1t
0x9E90C855, cmn_black_445.texinfo
0x45BD9A7C, cmn_black_450.g1t
0x5DF20BB1, cmn_black_446.texinfo
0x9A295B13, cmn_black_451.g1t
0x1ECDA8C8, cmn_black_447.texinfo
0xA48135EC, cmn_black_452.g1t
0x319A6F21, cmn_black_448.texinfo
0x298C7DA5, cmn_black_453.g1t
0x2BD9325A, cmn_black_449.texinfo
0x00D9DADE, cmn_black_454.g1t
0xB6534B13, cmn_black_450.texinfo
0x84EDA4D5, cmn_black_455.g1t
0x16F3418A, cmn_black_451.texinfo
0xB7F7BA63, cmn_black_456.g1t
0xE4BBE018, cmn_black_452.texinfo
0xF5939316, cmn_black_457.g1t
0xCA86274B, cmn_black_453.texinfo
0xE67CA9D6, cmn_black_458.g1t
0x5F85DE0B, cmn_black_454.texinfo
0x8E19D7E0, cmn_black_459.g1t
0x7968F715, cmn_black_455.texinfo
0x8B205DC6, cmn_black_460.g1t
0xE24E19FB, cmn_black_456.texinfo
0xBE106C8B, cmn_black_461.g1t
0xED5F3E40, cmn_black_457.texinfo
0xAB58CDF0, cmn_black_462.g1t
0x531E6525, cmn_black_458.texinfo
0xC30C6A0D, cmn_black_463.g1t
0xF13CAAC2, cmn_black_459.texinfo
0x3B7E8B2E, cmn_black_464.g1t
0xB3875363, cmn_black_460.texinfo
0x53505239, cmn_black_465.g1t
0x6FB89CEE, cmn_black_461.texinfo
0x594074BD, cmn_black_466.g1t
0xE40BDD72, cmn_black_462.texinfo
0xBA9A57DF, cmn_black_467.g1t
0x719B5F94, cmn_black_463.texinfo
0xC19C03AD, cmn_black_468.g1t
0x85267462, cmn_black_464.texinfo
0x935969CF, cmn_black_469.g1t
0xCF9FF984, cmn_black_465.texinfo
0x14C7B590, cmn_black_470.g1t
0x15907CC5, cmn_black_466.texinfo
0x3F7DE33D, cmn_black_471.g1t
0x78EE0BF2, cmn_black_467.texinfo
0x0A6396C4, cmn_black_472.g1t
0x2B30A3F9, cmn_black_468.texinfo
0x849D0EC9, cmn_black_473.g1t
0x7C34917E, cmn_black_469.texinfo
0x8A76D39B, cmn_black_474.g1t
0xC31B9D50, cmn_black_470.texinfo
0xF722567B, cmn_black_475.g1t
0x168AB030, cmn_black_471.texinfo
0xFE92FB87, cmn_black_476.g1t
0xFBC9EF3C, cmn_black_472.texinfo
0x7F1A3CFF, cmn_black_477.g1t
0x7B63B4B4, cmn_black_473.texinfo
0xDD8E5876, cmn_black_478.g1t
0x02DF3CAB, cmn_black_474.texinfo
0x4FAD0581, cmn_black_479.g1t
0xBC7A6C36, cmn_black_475.texinfo
0x253C9257, cmn_black_480.g1t
0x30356DE1, cmn_black_481.g1t
0xD7D7A496, cmn_black_476.texinfo
0xD47FB162, cmn_black_482.g1t
0xFE623F97, cmn_black_477.texinfo
0x021E5063, cmn_black_483.g1t
0xEDA77618, cmn_black_478.texinfo
0x6789D35E, cmn_black_484.g1t
0xDB530393, cmn_black_479.texinfo
0x77B1DBC7, cmn_black_485.g1t
0xBD9B78B9, cmn_black_486.g1t
0xDB0C836E, cmn_black_480.texinfo
0xBD31CC2B, cmn_black_487.g1t
0xB787CDE0, cmn_black_481.texinfo
0xEC3B98EE, cmn_black_488.g1t
0x7F878123, cmn_black_482.texinfo
0x714D53FF, cmn_black_489.g1t
0x60334BB4, cmn_black_483.texinfo
0xC3E79866, cmn_black_490.g1t
0x99B7049B, cmn_black_484.texinfo
0x7DE19C9B, cmn_black_491.g1t
0x01F9E650, cmn_black_485.texinfo
0xF4953FB0, cmn_black_492.g1t
0xE14BF6E5, cmn_black_486.texinfo
0x525D5236, cmn_black_493.g1t
0x201B566B, cmn_black_487.texinfo
0x4C7C6636, cmn_black_494.g1t
0x0C906A6B, cmn_black_488.texinfo
0x2F8434D7, cmn_black_495.g1t
0x73DE008C, cmn_black_489.texinfo
0xCF7BAA07, cmn_black_496.g1t
0xB3B75DBC, cmn_black_490.texinfo
0x36C69D8D, cmn_black_497.g1t
0xCDB11E42, cmn_black_491.texinfo
0x523DFDF0, cmn_black_498.g1t
0xA3EB9525, cmn_black_492.texinfo
0xA1CB465A, cmn_black_499.g1t
0x616A988F, cmn_black_493.texinfo
0xEED968BA, cmn_black_500.g1t
0x5BE08AEF, cmn_black_494.texinfo
0x775F94B2, cmn_black_501.g1t
0x9CFFFAE7, cmn_black_495.texinfo
0xDA8F3126, cmn_black_502.g1t
0x6D643D5B, cmn_black_496.texinfo
0x1BC267FD, cmn_black_503.g1t
0xE1E230B2, cmn_black_497.texinfo
0x1F5F0AC1, cmn_black_504.g1t
0xAD27D176, cmn_black_498.texinfo
0xDD75341D, cmn_black_505.g1t
0xB711ECD2, cmn_black_499.texinfo
0x23D74ACD, cmn_black_506.g1t
0x3C292B82, cmn_black_500.texinfo
0xD5983E0E, cmn_black_507.g1t
0x71CC9643, cmn_black_501.texinfo
0x340A3D19, cmn_black_508.g1t
0x39C217CE, cmn_black_502.texinfo
0x08744522, cmn_black_509.g1t
0x3A66F357, cmn_black_503.texinfo
0x3F2A0D8B, cmn_black_510.g1t
0x16C05F40, cmn_black_504.texinfo
0x505E06CA, cmn_black_511.g1t
0x0EC7A0FF, cmn_black_505.texinfo
0x9DB50F32, cmn_black_512.g1t
0x4F143567, cmn_black_506.texinfo
0x5ED01E3B, cmn_black_513.g1t
0xDE8E97F0, cmn_black_507.texinfo
0x26036B58, cmn_black_514.g1t
0x12EC0E8D, cmn_black_508.texinfo
0x82259D38, cmn_black_515.g1t
0x4CE2506D, cmn_black_509.texinfo
0x6B9D0141, cmn_black_516.g1t
0x248687F6, cmn_black_510.texinfo
0xC5E61F00, cmn_black_517.g1t
0xD57CAE35, cmn_black_511.texinfo
0x04D7A165, cmn_black_518.g1t
0x616C761A, cmn_black_512.texinfo
0xF69AD19F, cmn_black_519.g1t
0x6148F954, cmn_black_513.texinfo
0xD53FD816, cmn_black_520.g1t
0xC087EC4B, cmn_black_514.texinfo
0xF36ED071, cmn_black_521.g1t
0xC37D3F26, cmn_black_515.texinfo
0x272DD8B5, cmn_black_522.g1t
0x7436856A, cmn_black_516.texinfo
0xD10DC76E, cmn_black_523.g1t
0x3A9E6FA3, cmn_black_517.texinfo
0xCA993FCC, cmn_black_524.g1t
0x16DA8901, cmn_black_518.texinfo
0x743D25AF, cmn_black_525.g1t
0xDE82C564, cmn_black_519.texinfo
0x4023E798, cmn_black_526.g1t
0xF3F46ACD, cmn_black_520.texinfo
0x0FFDBA78, cmn_black_527.g1t
0xCAE9CDAD, cmn_black_521.texinfo
0x0B6E5AD3, cmn_black_528.g1t
0x620CC888, cmn_black_522.texinfo
0xD53955B4, cmn_black_529.g1t
0x062D6AE9, cmn_black_523.texinfo
0x5EB63368, cmn_black_530.g1t
0xA5DC4E9D, cmn_black_524.texinfo
0x3628768D, cmn_black_531.g1t
0x267E7742, cmn_black_525.texinfo
0x2157E54A, cmn_black_532.g1t
0xFAAE3F7F, cmn_black_526.texinfo
0x0F171774, cmn_black_533.g1t
0xB3D44CA9, cmn_black_527.texinfo
0x9CB633A6, cmn_black_534.g1t
0xE745FFDB, cmn_black_528.texinfo
0x9C8315D7, cmn_black_535.g1t
0x9484618C, cmn_black_529.texinfo
0xE30EE583, cmn_black_536.g1t
0x0C087B38, cmn_black_530.texinfo
0x9B275343, cmn_black_537.g1t
0x02B408F8, cmn_black_531.texinfo
0xA4C2EFDA, cmn_black_538.g1t
0x6571820F, cmn_black_532.texinfo
0x3CB102AC, cmn_black_539.g1t
0x5F95DBE1, cmn_black_533.texinfo
0x9CE7CB40, cmn_black_540.g1t
0xBF4E3A75, cmn_black_534.texinfo
0x10553BD3, cmn_black_541.g1t
0xE69B2988, cmn_black_535.texinfo
0xD19694CB, cmn_black_542.g1t
0x05174680, cmn_black_536.texinfo
0xAEB4BC50, cmn_black_543.g1t
0x501C2385, cmn_black_537.texinfo
0x8AA075A8, cmn_black_544.g1t
0x725B70DD, cmn_black_538.texinfo
0x7BF80146, cmn_black_545.g1t
0x8FA7FD7B, cmn_black_539.texinfo
0xD7CF013C, cmn_black_546.g1t
0x27721271, cmn_black_540.texinfo
0x9F140E46, cmn_black_547.g1t
0x7BF58A7B, cmn_black_541.texinfo
0x429477BD, cmn_black_548.g1t
0x2DA66072, cmn_black_542.texinfo
0x2069C0BF, cmn_black_549.g1t
0x1DCB5874, cmn_black_543.texinfo
0xB590E759, cmn_black_550.g1t
0xE769A20E, cmn_black_544.texinfo
0xBEF8B486, cmn_black_551.g1t
0x309D10BB, cmn_black_545.texinfo
0xEC31542E, cmn_black_552.g1t
0xCBAD9C63, cmn_black_546.texinfo
0xD4B92A2C, cmn_black_553.g1t
0xE03E4361, cmn_black_547.texinfo
0x07BABB57, cmn_black_554.g1t
0xA86D470C, cmn_black_548.texinfo
0x7584EC59, cmn_black_555.g1t
0xD3D3270E, cmn_black_549.texinfo
0x82FE3B02, cmn_black_556.g1t
0xD142F937, cmn_black_550.texinfo
0x380BC74E, cmn_black_557.g1t
0xF0D97F83, cmn_black_551.texinfo
0x034A8A00, cmn_black_558.g1t
0xA4B39935, cmn_black_552.texinfo
0x61D97DD2, cmn_black_559.g1t
0x78205407, cmn_black_553.texinfo
0xAF211CEF, cmn_black_560.g1t
0x8C191CA4, cmn_black_554.texinfo
0x3CC97AD8, cmn_black_561.g1t
0x311E5E0D, cmn_black_555.texinfo
0x44224C00, cmn_black_562.g1t
0x4FDA5B35, cmn_black_556.texinfo
0xBB87DD80, cmn_black_563.g1t
0x8F1B2CB5, cmn_black_557.texinfo
0xAE36DDA3, cmn_black_564.g1t
0x94376358, cmn_black_558.texinfo
0x29BE34CE, cmn_black_565.g1t
0xC0992D03, cmn_black_559.texinfo
0x399ADC03, cmn_black_566.g1t
0xB6B531B8, cmn_black_560.texinfo
0xDBED146F, cmn_black_567.g1t
0xFB1D5424, cmn_black_561.texinfo
0x33E4EB54, cmn_black_568.g1t
0x53D53089, cmn_black_562.texinfo
0xE4B1AAB5, cmn_black_569.g1t
0x4781576A, cmn_black_563.texinfo
0x802A0260, cmn_black_570.g1t
0x3A5FE195, cmn_black_564.texinfo
0x62F82FBA, cmn_black_571.g1t
0x8543D1EF, cmn_black_565.texinfo
0xE83181CF, cmn_black_572.g1t
0x4AAC1184, cmn_black_566.texinfo
0x1AF74A5B, cmn_black_573.g1t
0x9D02B410, cmn_black_567.texinfo
0x022E827F, cmn_black_574.g1t
0x27D93A34, cmn_black_568.texinfo
0xBC9029A6, cmn_black_575.g1t
0xFD34F5DB, cmn_black_569.texinfo
0xF27D1564, cmn_black_576.g1t
0x5729D299, cmn_black_570.texinfo
0x9E29410D, cmn_black_577.g1t
0xB41601C2, cmn_black_571.texinfo
0x6AC3C6F4, cmn_black_578.g1t
0x029D3C29, cmn_black_572.texinfo
0x33A4FD97, cmn_black_579.g1t
0x74EC694C, cmn_black_573.texinfo
0xD4EE3295, cmn_black_580.g1t
0x3476EF4A, cmn_black_574.texinfo
0x6FB44688, cmn_black_581.g1t
0x155BD1BD, cmn_black_575.texinfo
0x61DAFA4E, cmn_black_582.g1t
0x69D73283, cmn_black_576.texinfo
0xE8BCD8ED, cmn_black_583.g1t
0xD95AA9A2, cmn_black_577.texinfo
0x534ABC82, cmn_black_584.g1t
0xBC72BAB7, cmn_black_578.texinfo
0xDD07A206, cmn_black_585.g1t
0xAA793E3B, cmn_black_579.texinfo
0x5B57DF86, cmn_black_586.g1t
0xE36EBBBB, cmn_black_580.texinfo
0x2B6B12D5, cmn_black_587.g1t
0x4509AF8A, cmn_black_581.texinfo
0xFE883667, cmn_black_588.g1t
0x36E6BA1C, cmn_black_582.texinfo
0x2893914A, cmn_black_589.g1t
0x6433EB7F, cmn_black_583.texinfo
0xBB0D944D, cmn_black_590.g1t
0x541EB502, cmn_black_584.texinfo
0xEBE5254B, cmn_black_591.g1t
0x3CA99700, cmn_black_585.texinfo
0xF28E0785, cmn_black_592.g1t
0x2342CC3A, cmn_black_586.texinfo
0x8E906155, cmn_black_593.g1t
0xDFE3BE0A, cmn_black_587.texinfo
0xC1A51D3E, cmn_black_594.g1t
0xC0F65D73, cmn_black_588.texinfo
0xE50F7201, cmn_black_595.g1t
0xC9D298B6, cmn_black_589.texinfo
0x3EAB7D42, cmn_black_596.g1t
0x94051B77, cmn_black_590.texinfo
0xB4B6B19F, cmn_black_597.g1t
0xEE74D954, cmn_black_591.texinfo
0x64322EFB, cmn_black_598.g1t
0x4EFA48B0, cmn_black_592.texinfo
0xFAF49A2B, cmn_black_599.g1t
0x9B339BE0, cmn_black_593.texinfo
0x3BF72C50, cmn_black_600.g1t
0x96A69385, cmn_black_594.texinfo
0xF789225C, cmn_black_601.g1t
0xACF6A391, cmn_black_595.texinfo
0xFF09490F, cmn_black_602.g1t
0x15CE38C4, cmn_black_596.texinfo
0xE4B8ABB0, cmn_black_603.g1t
0xF9D962E5, cmn_black_597.texinfo
0x41C5DD55, cmn_black_604.g1t
0xC3FB3A0A, cmn_black_598.texinfo
0x01D9AE2C, cmn_black_605.g1t
0xC17CC761, cmn_black_599.texinfo
0xB7C051D4, cmn_black_606.g1t
0x16995709, cmn_black_600.texinfo
0x4E2E2FC5, cmn_black_607.g1t
0xE614D47A, cmn_black_601.texinfo
0x6109CD0E, cmn_black_608.g1t
0xBBDEA543, cmn_black_602.texinfo
0x8CB7106B, cmn_black_609.g1t
0xFE50F220, cmn_black_603.texinfo
0x020C2EE7, cmn_black_610.g1t
0x6EBA729C, cmn_black_604.texinfo
0x79D0525A, cmn_black_611.g1t
0x5809A48F, cmn_black_605.texinfo
0x99689C16, cmn_black_612.g1t
0xFAAEB04B, cmn_black_606.texinfo
0x56130304, cmn_black_613.g1t
0xFCCFF039, cmn_black_607.texinfo
0x73908E03, cmn_black_614.g1t
0xBA81E3B8, cmn_black_608.texinfo
0x367ED281, cmn_black_615.g1t
0x1B9DB936, cmn_black_609.texinfo
0xA928C757, cmn_black_616.g1t
0x8BF5530C, cmn_black_610.texinfo
0x9C35A3B4, cmn_black_617.g1t
0x3A52B8E9, cmn_black_611.texinfo
0xB3958AC6, cmn_black_618.g1t
0x4264C6FB, cmn_black_612.texinfo
0xB7F9A4C4, cmn_black_619.g1t
0xE30FB1F9, cmn_black_613.texinfo
0xFAB649F7, cmn_black_620.g1t
0x7FC085AC, cmn_black_614.texinfo
0xCCDA7618, cmn_black_621.g1t
0x0DBFB94D, cmn_black_615.texinfo
0x3F794F11, cmn_black_622.g1t
0xF2E76DC6, cmn_black_616.texinfo
0xDC7161FD, cmn_black_623.g1t
0x5E842AB2, cmn_black_617.texinfo
0xEE8F3A86, cmn_black_624.g1t
0x058096BB, cmn_black_618.texinfo
0xC48D25ED, cmn_black_625.g1t
0x8A3C76A2, cmn_black_619.texinfo
0xA9A34F18, cmn_black_626.g1t
0x3874124D, cmn_black_620.texinfo
0xC2C0EEFE, cmn_black_627.g1t
0x48534F33, cmn_black_621.texinfo
0x02E97086, cmn_black_628.g1t
0x55CFCCBB, cmn_black_622.texinfo
0x063D4B9F, cmn_black_629.g1t
0x871E7354, cmn_black_623.texinfo
0x8EB90545, cmn_black_630.g1t
0x9238E9FA, cmn_black_624.texinfo
0x337935CA, cmn_black_631.g1t
0x82B34FFF, cmn_black_625.texinfo
0x790457B7, cmn_black_632.g1t
0xE8D1B36C, cmn_black_626.texinfo
0xA1EF4073, cmn_black_633.g1t
0x5C61DE28, cmn_black_627.texinfo
0x1B24F021, cmn_black_634.g1t
0xDEBC06D6, cmn_black_628.texinfo
0x8B72C1AA, cmn_black_635.g1t
0xE943EBDF, cmn_black_629.texinfo
0xF1379825, cmn_black_636.g1t
0x9B730CDA, cmn_black_630.texinfo
0x6645D826, cmn_black_637.g1t
0x5F6F645B, cmn_black_631.texinfo
0xD7AD3A6B, cmn_black_638.g1t
0x2E221C20, cmn_black_632.texinfo
0x2F5F68FC, cmn_black_639.g1t
0xED089A31, cmn_black_633.texinfo
0xDF835A70, cmn_black_640.g1t
0x1E2EB1A5, cmn_black_634.texinfo
0xB896880F, cmn_black_641.g1t
0xB8A3F7C4, cmn_black_635.texinfo
0x7737A002, cmn_black_642.g1t
0x9041DE37, cmn_black_636.texinfo
0xBCA2E87C, cmn_black_643.g1t
0x258059B1, cmn_black_637.texinfo
0x75DFEF38, cmn_black_644.g1t
0x5723A26D, cmn_black_638.texinfo
0x66A6E83E, cmn_black_645.g1t
0x2A1AA873, cmn_black_639.texinfo
0x45233D37, cmn_black_646.g1t
0x1801D8EC, cmn_black_640.texinfo
0xAB3C66BB, cmn_black_647.g1t
0x12A2A070, cmn_black_641.texinfo
0x9B827F5C, cmn_black_648.g1t
0xCAF98091, cmn_black_642.texinfo
0x9EE565CD, cmn_black_649.g1t
0xFCB1C682, cmn_black_643.texinfo
0xA5C8F02B, cmn_black_650.g1t
0x77ECF1E0, cmn_black_644.texinfo
0x24245056, cmn_black_651.g1t
0x9BF6448B, cmn_black_645.texinfo
0x83D8200B, cmn_black_652.g1t
0x592131C0, cmn_black_646.texinfo
0x68A2AE99, cmn_black_653.g1t
0xA1C5C94E, cmn_black_647.texinfo
0x8C264FAD, cmn_black_654.g1t
0x29AAC062, cmn_black_648.texinfo
0xEA9FF169, cmn_black_655.g1t
0x8AC5241E, cmn_black_649.texinfo
0x9E6DC585, cmn_black_656.g1t
0x3D138A3A, cmn_black_650.texinfo
0x4B401EE5, cmn_black_657.g1t
0x1C5A339A, cmn_black_651.texinfo
0x109945A3, cmn_black_658.g1t
0xAF25CB58, cmn_black_652.texinfo
0x5FA0324F, cmn_black_659.g1t
0x124E8204, cmn_black_653.texinfo
0x5A9ACA9A, cmn_black_660.g1t
0x625DFCCF, cmn_black_654.texinfo
0xD547848C, cmn_black_661.g1t
0xE3586DC1, cmn_black_655.texinfo
0x98407215, cmn_black_662.g1t
0x7D9D6ECA, cmn_black_656.texinfo
0xB25A4B3E, cmn_black_663.g1t
0xD7648B73, cmn_black_657.texinfo
0xDF7F43D8, cmn_black_664.g1t
0x81C7A70D, cmn_black_658.texinfo
0xA9FC95D7, cmn_black_665.g1t
0x493DE18C, cmn_black_659.texinfo
0x752A6D7F, cmn_black_666.g1t
0x94E7A534, cmn_black_660.texinfo
0xF63B60C5, cmn_black_667.g1t
0x7221857A, cmn_black_661.texinfo
0x4D82A073, cmn_black_668.g1t
0x4F453E28, cmn_black_662.texinfo
0x973C69FC, cmn_black_669.g1t
0x2C7D1B31, cmn_black_663.texinfo
0x98DFB287, cmn_black_670.g1t
0xA2E3263C, cmn_black_664.texinfo
0x14658DF4, cmn_black_671.g1t
0xE8038329, cmn_black_665.texinfo
0xC1A9565E, cmn_black_672.g1t
0x43F90693, cmn_black_666.texinfo
0xA6CDCBAA, cmn_black_673.g1t
0x6C09F5DF, cmn_black_667.texinfo
0x85B5C330, cmn_black_674.g1t
0x1F7EBA65, cmn_black_668.texinfo
0xD5052872, cmn_black_675.g1t
0xC235AEA7, cmn_black_669.texinfo
0x653B4A4B, cmn_black_676.g1t
0x24653C00, cmn_black_670.texinfo
0x7D891E44, cmn_black_677.g1t
0xAAB2AAEC, cmn_black_671.texinfo
0xFB1CAF09, cmn_black_678.g1t
0x6D6A11BE, cmn_black_672.texinfo
0x4D5B0A85, cmn_black_679.g1t
0x79D64F3A, cmn_black_673.texinfo
0xB6EC4A15, cmn_black_680.g1t
0x329D46CA, cmn_black_674.texinfo
0x434D4D1D, cmn_black_681.g1t
0xD13585D2, cmn_black_675.texinfo
0x57F3C0A3, cmn_black_682.g1t
0x7ECAC658, cmn_black_676.texinfo
0x7DC74070, cmn_black_683.g1t
0x8C0F97A5, cmn_black_677.texinfo
0x4E090098, cmn_black_684.g1t
0xE7A503CD, cmn_black_678.texinfo
0x23FFA5D3, cmn_black_685.g1t
0xEB009388, cmn_black_679.texinfo
0xE6B00BE8, cmn_black_686.g1t
0x7435E71D, cmn_black_680.texinfo
0xA12010BE, cmn_black_687.g1t
0xBACB90F3, cmn_black_681.texinfo
0x6609A2C4, cmn_black_688.g1t
0xECF0AFF9, cmn_black_682.texinfo
0x02C5178D, cmn_black_689.g1t
0x21E29842, cmn_black_683.texinfo
0x87EA74ED, cmn_black_690.g1t
0xB05A45A2, cmn_black_684.texinfo
0x53CF9AAC, cmn_black_691.g1t
0x15A873E1, cmn_black_685.texinfo
0x0ED35421, cmn_black_692.g1t
0xCC986AD6, cmn_black_686.texinfo
0xDD2FBA52, cmn_black_693.g1t
0xAD045087, cmn_black_687.texinfo
0x0F84CB9C, cmn_black_694.g1t
0xA07BACD1, cmn_black_688.texinfo
0xED1C7BCC, cmn_black_695.g1t
0x8D5FC501, cmn_black_689.texinfo
0xFB3CFE47, cmn_black_696.g1t
0xBA3491FC, cmn_black_690.texinfo
0xA19E8E27, cmn_black_697.g1t
0x338B31DC, cmn_black_691.texinfo
0x592A77C8, cmn_black_698.g1t
0x09D762FD, cmn_black_692.texinfo
0x54637F0A, cmn_black_699.g1t
0x26D6F93F, cmn_black_693.texinfo
0xF76B46E8, cmn_black_700.g1t
0xEEDBA21D, cmn_black_694.texinfo
0x729E376D, cmn_black_701.g1t
0xBE68C822, cmn_black_695.texinfo
0x2B0E4E46, cmn_black_702.g1t
0x00CFCA7B, cmn_black_696.texinfo
0xEBA5D3E2, cmn_black_703.g1t
0xF8B32217, cmn_black_697.texinfo
0xAE57D8D1, cmn_black_704.g1t
0x57EB1786, cmn_black_698.texinfo
0xD3CF34DC, cmn_black_705.g1t
0xFAEF7611, cmn_black_699.texinfo
0xB87A9B1D, cmn_black_706.g1t
0x330BD3D2, cmn_black_700.texinfo
0x3FF1F1BF, cmn_black_707.g1t
0xEBD30974, cmn_black_701.texinfo
0x2516DBEC, cmn_black_708.g1t
0x82ED1521, cmn_black_702.texinfo
0xF6A5B535, cmn_black_709.g1t
0xD36C21EA, cmn_black_703.texinfo
0x7D725A1A, cmn_black_710.g1t
0x27E1CC4F, cmn_black_704.texinfo
0x1B129418, cmn_black_711.g1t
0x26B8D74D, cmn_black_705.texinfo
0xB6731921, cmn_black_712.g1t
0x64CDAFD6, cmn_black_706.texinfo
0xEE290E3A, cmn_black_713.g1t
0x37E1706F, cmn_black_707.texinfo
0x41D6559A, cmn_black_714.g1t
0xDADC07CF, cmn_black_708.texinfo
0xE7A7C304, cmn_black_715.g1t
0x3604B039, cmn_black_709.texinfo
0xCA1285CF, cmn_black_716.g1t
0x8C6B1584, cmn_black_710.texinfo
0xFCB46A1B, cmn_black_711.texinfo
0xF9466B79, cmn_black_712.texinfo
0x43BCC47F, cmn_black_717.g1t
0x94767C34, cmn_black_713.texinfo
0x03CFFA08, cmn_black_718.g1t
0x0571C53D, cmn_black_714.texinfo
0xBF872056, cmn_black_719.g1t
0x2971148B, cmn_black_715.texinfo
0x2660CF5D, cmn_black_720.g1t
0x1E3DE812, cmn_black_716.texinfo
0x0A40FAE2, cmn_black_721.g1t
0x7762C917, cmn_black_717.texinfo
0x9B801365, cmn_black_722.g1t
0xAA8BE81A, cmn_black_718.texinfo
0x137AF0EF, cmn_black_723.g1t
0xC768F0A4, cmn_black_719.texinfo
0x8C3394A7, cmn_black_724.g1t
0x2738F85C, cmn_black_720.texinfo
0x5185EC29, cmn_black_725.g1t
0xC4AFBEDE, cmn_black_721.texinfo
0xDCD78D3F, cmn_black_726.g1t
0x1D7EE4F4, cmn_black_722.texinfo
0xA45D5C91, cmn_black_727.g1t
0x0408BB46, cmn_black_723.texinfo
0xDE5D3E1A, cmn_black_728.g1t
0x90BAB04F, cmn_black_724.texinfo
0x87A38D5A, cmn_black_729.g1t
0x83C75F8F, cmn_black_725.texinfo
0xA358D395, cmn_black_730.g1t
0x9AA9104A, cmn_black_726.texinfo
0x82288D16, cmn_black_731.g1t
0xB00E214B, cmn_black_727.texinfo
0xE813BC5E, cmn_black_732.g1t
0xC2C06C93, cmn_black_728.texinfo
0x80D69BFA, cmn_black_733.g1t
0x5473C04E, cmn_black_734.g1t
0x369CF883, cmn_black_729.texinfo
0xA26737D0, cmn_black_735.g1t
0xE724DF05, cmn_black_730.texinfo
0x68DEA95D, cmn_black_736.g1t
0xDA3EC212, cmn_black_731.texinfo
0x2C6B99CD, cmn_black_737.g1t
0x33FDFA82, cmn_black_732.texinfo
0x079A497E, cmn_black_738.g1t
0x73FB69B3, cmn_black_733.texinfo
0xA983D8BC, cmn_black_739.g1t
0xDBEF29F1, cmn_black_734.texinfo
0xA5D2AA88, cmn_black_740.g1t
0x8DA835BD, cmn_black_735.texinfo
0x1EF54F43, cmn_black_741.g1t
0xB72404F8, cmn_black_736.texinfo
0x19DFD208, cmn_black_742.g1t
0x5FD59D3D, cmn_black_737.texinfo
0x6F7C7421, cmn_black_743.g1t
0x73B18AD6, cmn_black_738.texinfo
0x29AF7154, cmn_black_744.g1t
0xB4ECB689, cmn_black_739.texinfo
0x528DD6B3, cmn_black_745.g1t
0xD34B5468, cmn_black_740.texinfo
0x922E3669, cmn_black_746.g1t
0x87A8E91E, cmn_black_741.texinfo
0x8CE965AF, cmn_black_747.g1t
0x470F0564, cmn_black_742.texinfo
0x171EB8C3, cmn_black_748.g1t
0x417CAE78, cmn_black_743.texinfo
0x5FC32351, cmn_black_749.g1t
0x75AD2206, cmn_black_744.texinfo
0xEDF04A4C, cmn_black_750.g1t
0x4AA85381, cmn_black_745.texinfo
0xB104AC1F, cmn_black_751.g1t
0xC64193D4, cmn_black_746.texinfo
0x6E5C6663, cmn_black_752.g1t
0x40EA8C18, cmn_black_747.texinfo
0xA8E650DF, cmn_black_753.g1t
0xF742D894, cmn_black_748.texinfo
0x057A8257, cmn_black_754.g1t
0xA2F18E0C, cmn_black_749.texinfo
0xFAC437DA, cmn_black_755.g1t
0xC98ECA0F, cmn_black_750.texinfo
0x8B51909B, cmn_black_756.g1t
0x2E4FDA50, cmn_black_751.texinfo
0xDC634B08, cmn_black_757.g1t
0xD1F4963D, cmn_black_752.texinfo
0x60AF6E91, cmn_black_758.g1t
0x4501CD46, cmn_black_753.texinfo
0xE11D4D6B, cmn_black_759.g1t
0x0B50AF20, cmn_black_754.texinfo
0xA3ADBFCE, cmn_black_760.g1t
0x51CB3803, cmn_black_755.texinfo
0x8247F55F, cmn_black_761.g1t
0xDD42A045, cmn_black_762.g1t
0xFC7D04FA, cmn_black_756.texinfo
0x1D7D7248, cmn_black_763.g1t
0x1F291D7D, cmn_black_757.texinfo
0xD21B4761, cmn_black_764.g1t
0xD53CAF03, cmn_black_765.g1t
0x373584B8, cmn_black_758.texinfo
0xA87D9698, cmn_black_766.g1t
0x29DE99CD, cmn_black_759.texinfo
0x02800F45, cmn_black_767.g1t
0x576AF3FA, cmn_black_760.texinfo
0xBC870658, cmn_black_768.g1t
0x382A298D, cmn_black_761.texinfo
0x6041549E, cmn_black_769.g1t
0xBDE7E4D3, cmn_black_762.texinfo
0x4034E075, cmn_black_770.g1t
0x1EF3AD2A, cmn_black_763.texinfo
0x4C66A0D5, cmn_black_771.g1t
0x418E3D8A, cmn_black_764.texinfo
0x22E7ACF6, cmn_black_772.g1t
0x9A7A512B, cmn_black_765.texinfo
0x9A46B781, cmn_black_773.g1t
0xDEEB1E36, cmn_black_766.texinfo
0x17568A69, cmn_black_774.g1t
0xD8873D1E, cmn_black_767.texinfo
0x39E356A5, cmn_black_775.g1t
0x131B8B5A, cmn_black_768.texinfo
0x042D2DAF, cmn_black_776.g1t
0x672ECD64, cmn_black_769.texinfo
0x5FB90CA8, cmn_black_777.g1t
0x4B5087DD, cmn_black_770.texinfo
0x1064A99F, cmn_black_778.g1t
0x5266D154, cmn_black_771.texinfo
0xC4E41A61, cmn_black_779.g1t
0xE45C1116, cmn_black_772.texinfo
0x8A4B74E4, cmn_black_780.g1t
0x99BC7219, cmn_black_773.texinfo
0x8B16654A, cmn_black_781.g1t
0x612CBF7F, cmn_black_774.texinfo
0x3DA8F5B2, cmn_black_782.g1t
0x6DB0DBE7, cmn_black_775.texinfo
0x0731472A, cmn_black_783.g1t
0xAF43B15F, cmn_black_776.texinfo
0xD8356BE6, cmn_black_784.g1t
0x63EF181B, cmn_black_777.texinfo
0xA3EAB7B7, cmn_black_785.g1t
0x7988136C, cmn_black_778.texinfo
0x3A144CC4, cmn_black_786.g1t
0x079659F9, cmn_black_779.texinfo
0x1EBCD945, cmn_black_787.g1t
0x1432BDFA, cmn_black_780.texinfo
0x247B6A04, cmn_black_788.g1t
0x02ACD739, cmn_black_781.texinfo
0xE1E12AD2, cmn_black_789.g1t
0x22898107, cmn_black_782.texinfo
0x6B60E4F6, cmn_black_790.g1t
0x1397892B, cmn_black_783.texinfo
0x731E7A91, cmn_black_791.g1t
0x310AD946, cmn_black_784.texinfo
0x28A967E9, cmn_black_792.g1t
0x222F5A9E, cmn_black_785.texinfo
0x2C5D809E, cmn_black_793.g1t
0x880E10D3, cmn_black_786.texinfo
0x194487DE, cmn_black_794.g1t
0x0F9F7813, cmn_black_787.texinfo
0xAC0632B2, cmn_black_795.g1t
0xC12798E7, cmn_black_788.texinfo
0xE4386FCB, cmn_black_796.g1t
0xED53A180, cmn_black_789.texinfo
0xB01E9039, cmn_black_797.g1t
0x1F37DAEE, cmn_black_790.texinfo
0xF4DB0DBD, cmn_black_798.g1t
0x8EB1F672, cmn_black_791.texinfo
0x93EE034F, cmn_black_799.g1t
0xD94BD304, cmn_black_792.texinfo
0x985467C1, cmn_black_800.g1t
0xC226AE76, cmn_black_793.texinfo
0x088D0FDC, cmn_black_801.g1t
0x9747D111, cmn_black_794.texinfo
0xD871A214, cmn_black_802.g1t
0xE1A88749, cmn_black_795.texinfo
0xABDDBA45, cmn_black_803.g1t
0x73FB1EFA, cmn_black_796.texinfo
0x01111EB0, cmn_black_804.g1t
0x7EC055E5, cmn_black_797.texinfo
0xA660A646, cmn_black_805.g1t
0x5B36227B, cmn_black_798.texinfo
0x768BAC37, cmn_black_806.g1t
0x719AC7EC, cmn_black_799.texinfo
0xB85A2370, cmn_black_807.g1t
0x0B5D9B66, cmn_black_808.g1t
0x6073879B, cmn_black_800.texinfo
0x84A70660, cmn_black_809.g1t
0xF0BAE595, cmn_black_801.texinfo
0x79DC9B35, cmn_black_810.g1t
0x74C007EA, cmn_black_802.texinfo
0x823F290C, cmn_black_811.g1t
0x4AE9D241, cmn_black_803.texinfo
0xE7C421A1, cmn_black_812.g1t
0xFD667856, cmn_black_804.texinfo
0x3DCCC8F9, cmn_black_813.g1t
0x459BB3AE, cmn_black_805.texinfo
0x6EAED918, cmn_black_814.g1t
0x18AA9C4D, cmn_black_806.texinfo
0xE2321D71, cmn_black_815.g1t
0xD5D20C26, cmn_black_807.texinfo
0xF9CA7070, cmn_black_816.g1t
0xF2FAC7A5, cmn_black_808.texinfo
0x1ED76224, cmn_black_817.g1t
0x000FBF59, cmn_black_809.texinfo
0x262898AB, cmn_black_818.g1t
0xF7445A60, cmn_black_810.texinfo
0x964BB547, cmn_black_819.g1t
0x310FC8FC, cmn_black_811.texinfo
0xF8E9B0D7, cmn_black_820.g1t
0xD6257C8C, cmn_black_812.texinfo
0x310B88B4, cmn_black_821.g1t
0xF7AE1DE9, cmn_black_813.texinfo
0xD0807878, cmn_black_822.g1t
0xEFDD8BAD, cmn_black_814.texinfo
0xEBFC836F, cmn_black_823.g1t
0x87DD4324, cmn_black_815.texinfo
0xC4B12D2C, cmn_black_824.g1t
0x3E7CC661, cmn_black_816.texinfo
0x390E3B49, cmn_black_825.g1t
0x033B7DFE, cmn_black_817.texinfo
0x3BB02338, cmn_black_826.g1t
0x91B9D66D, cmn_black_818.texinfo
0xB0214049, cmn_black_827.g1t
0xFF4402FE, cmn_black_819.texinfo
0xE70DAA6D, cmn_black_828.g1t
0xB7E6BB22, cmn_black_820.texinfo
0xDEC81D5F, cmn_black_829.g1t
0x966A6514, cmn_black_821.texinfo
0x720158D0, cmn_black_830.g1t
0x2AC68005, cmn_black_822.texinfo
0x8C0246EC, cmn_black_831.g1t
0x602B0021, cmn_black_823.texinfo
0xBAAA7143, cmn_black_832.g1t
0x4F7826F8, cmn_black_824.texinfo
0xB9B52F17, cmn_black_833.g1t
0x2C87DACC, cmn_black_825.texinfo
0x9580A048, cmn_black_834.g1t
0x65E54B7D, cmn_black_826.texinfo
0x94578C02, cmn_black_835.g1t
0x038BCA37, cmn_black_827.texinfo
0xCE94F21F, cmn_black_836.g1t
0x763ED9D4, cmn_black_828.texinfo
0x90E21AE0, cmn_black_837.g1t
0x8857BA15, cmn_black_829.texinfo
0xD2D6E627, cmn_black_838.g1t
0xE0D789DC, cmn_black_830.texinfo
0xAE2C1D4E, cmn_black_839.g1t
0x12DED583, cmn_black_831.texinfo
0x4F2FDA79, cmn_black_840.g1t
0xE41A052E, cmn_black_832.texinfo
0x8670921A, cmn_black_841.g1t
0x9704044F, cmn_black_833.texinfo
0x810C6719, cmn_black_842.g1t
0x859F41CE, cmn_black_834.texinfo
0xD778AD09, cmn_black_843.g1t
0x9F970FBE, cmn_black_835.texinfo
0xEF79E340, cmn_black_844.g1t
0xCB145275, cmn_black_836.texinfo
0x1F37ED00, cmn_black_845.g1t
0x75377C35, cmn_black_837.texinfo
0xE2BF2CCC, cmn_black_846.g1t
0xA041F601, cmn_black_838.texinfo
0x6C34CDD2, cmn_black_847.g1t
0x4453A407, cmn_black_839.texinfo
0xD1B6A501, cmn_black_848.g1t
0xD9A84BB6, cmn_black_840.texinfo
0x63E36C7E, cmn_black_849.g1t
0x70FB0CB3, cmn_black_841.texinfo
0x4A5322A8, cmn_black_850.g1t
0x8EEF9DDD, cmn_black_842.texinfo
0x47DF79BF, cmn_black_851.g1t
0xB1BC9174, cmn_black_843.texinfo
0x277F79D4, cmn_black_852.g1t
0xC2847F09, cmn_black_844.texinfo
0x96FEFB95, cmn_black_853.g1t
0x7EFB384A, cmn_black_845.texinfo
0x77ADC390, cmn_black_854.g1t
0x5ABF8AC5, cmn_black_846.texinfo
0x79BA1060, cmn_black_855.g1t
0xB138EF95, cmn_black_847.texinfo
0xED7DB65E, cmn_black_856.g1t
0xAE9D6693, cmn_black_848.texinfo
0xD55971DD, cmn_black_857.g1t
0x83214A92, cmn_black_849.texinfo
0xE71132B1, cmn_black_858.g1t
0x7EA48166, cmn_black_850.texinfo
0x63AEF932, cmn_black_859.g1t
0x52091F67, cmn_black_851.texinfo
0xF6E75F1F, cmn_black_860.g1t
0x2592C6D4, cmn_black_852.texinfo
0xB86DB430, cmn_black_861.g1t
0x62D62B65, cmn_black_853.texinfo
0xCDDD1AAE, cmn_black_862.g1t
0xCD1222E3, cmn_black_854.texinfo
0x5C0D48A4, cmn_black_863.g1t
0x4AEE65D9, cmn_black_855.texinfo
0xA09C6807, cmn_black_864.g1t
0x6A491BBC, cmn_black_856.texinfo
0x75FEB937, cmn_black_865.g1t
0x36BF54EC, cmn_black_857.texinfo
0x4759DA04, cmn_black_866.g1t
0xB0D34739, cmn_black_858.texinfo
0x0EA802CD, cmn_black_867.g1t
0x5FDDE382, cmn_black_859.texinfo
0x4DA778C0, cmn_black_868.g1t
0x857B27F5, cmn_black_860.texinfo
0x9EBD704F, cmn_black_869.g1t
0xE49CC004, cmn_black_861.texinfo
0x289314B0, 90_P_sticker_kanji_40.kidsobjdb
0x7ADECAC1, 90_P_sticker_kanji_40.g1t
0xC2C79176, 90_P_sticker_kanji_40.texinfo
0x295B7683, 90_M_EV2502CDE.kidsobjdb
0xF24A9565, 90_M_EV2502CDE.g1t
0xB4456A1A, 90_M_EV2502CDE.texinfo
0x29780D07, icon_kamon_01.kidsobjdb
0x059A4C65, icon_kamon_01.g1t
0x9AE1A11A, icon_kamon_01.texinfo
0x298DCCF5, icon_category_01_1.kidsobjdb
0x9C9F0CCD, icon_category_01_1.g1t
0xA73FED82, icon_category_01_1.texinfo
0x2A1454F1, eyebrow_0001.kidsobjdb
0x947200CD, eyebrow_0001.g1t
0xAF3E8E22, eyebrow_0001.texinfo
0x2A42D157, 90_P_sticker_kanji_36.kidsobjdb
0x14104ECF, 90_P_sticker_kanji_36.g1t
0xA05C5E84, 90_P_sticker_kanji_36.texinfo
0x2A6EF874, 90_P_sticker_kanji_19.kidsobjdb
0x4AFF4E59, 90_P_sticker_kanji_19.g1t
0x6326414E, 90_P_sticker_kanji_19.texinfo
0x2AA3E3CF, icon_kamon_44_L.kidsobjdb
0x7F6DCE7F, icon_kamon_44_L.g1t
0x1C928634, icon_kamon_44_L.texinfo
0x2B1BB28F, 90_T_DOKO_STORY_01_1.kidsobjdb
0xA572B065, 90_T_DOKO_STORY_01_1.g1t
0x2B1F2AF4, 90_T_SUNEKOSURI.kidsobjdb
0x10EDA0D9, 90_T_SUNEKOSURI.g1t
0xC66E1ECE, 90_T_SUNEKOSURI.texinfo
0x2B497880, 90_L_GOSHO.kidsobjdb
0xD7D036C5, 90_L_GOSHO.g1t
0x315B5B7A, 90_L_GOSHO.texinfo
0x2B51E0FE, 90_M_EV5104.kidsobjdb
0x981F44DD, 90_M_EV5104.g1t
0xF8C59D92, 90_M_EV5104.texinfo
0x2B615C4E, cheek_0000_1.kidsobjdb
0xC0B3CAED, cheek_0000_1.g1t
0x2B8B4E3F, 90_M_EV4103AB.kidsobjdb
0x52B45B9F, 90_M_EV4103AB.g1t
0xA18D8354, 90_M_EV4103AB.texinfo
0x2BAD95EC, 90_L_SENGOKU.kidsobjdb
0xE3B0D0AD, 90_L_SENGOKU.g1t
0x4001387A, 90_L_SENGOKU.texinfo
0x2BD06E6D, 90_M_EV2502CDE_1.kidsobjdb
0xE5CB330D, 90_M_EV2502CDE_1.g1t
0x2C2B52D1, muscle_m_arm.kidsobjdb
0x1A287E03, muscle_m_arm.g1t
0x73A1D3B8, muscle_m_arm.texinfo
0x2C6A1F77, 90_P_frame_kakejiku_01_1.kidsobjdb
0xAC722ACD, 90_P_frame_kakejiku_01_1.g1t
0x2C8A8512, 90_M_EV3102.kidsobjdb
0x7FD00515, 90_M_EV3102.g1t
0x8399BF12, 90_M_EV3102.texinfo
0x2C9683C1, 90_P_sticker_kanji_83.kidsobjdb
0xA9A7C333, 90_P_sticker_kanji_83.g1t
0x35938334, 90_P_sticker_kanji_83.texinfo
0x2D22A7E8, num_A00.kidsobjdb
0x060E7C41, num_A00.g1t
0xE3C282F6, num_A00.texinfo
0x2D4ED7FC, 90_P_sticker_kanji_55.kidsobjdb
0x34A52769, 90_P_sticker_kanji_55.g1t
0xA2FD163E, 90_P_sticker_kanji_55.texinfo
0x2E072C37, 90_P_sticker_kanji_27.kidsobjdb
0xBFA28B9F, 90_P_sticker_kanji_27.g1t
0x1066A948, 90_P_sticker_kanji_27.texinfo
0x2E1C8D18, 90_P_sticker_kanji_15.kidsobjdb
0x43762D91, 90_P_sticker_kanji_15.g1t
0xD8510C46, 90_P_sticker_kanji_15.texinfo
0x2E46CDAD, nangyou_gauge.kidsobjdb
0x1B5B2D7B, nangyou_gauge.g1t
0x34800730, nangyou_gauge.texinfo
0x2ED971ED, CAMERA_EYE_CONTACT.kidsobjdb
0x843041BB, CAMERA_EYE_CONTACT.g1t
0x4830FB70, CAMERA_EYE_CONTACT.texinfo
0x2EE0E931, icon_kamon_13_L.kidsobjdb
0xF843D143, icon_kamon_13_L.g1t
0x616186F8, icon_kamon_13_L.texinfo
0x2F4897C5, CC_HAIR_P21_0000.kidsobjdb
0x6BDDF67B, CC_HAIR_P21_0000.g1t
0x84765030, CC_HAIR_P21_0000.texinfo
0x2F89BF60, 90_M_EV3103AB.kidsobjdb
0x110C8E21, 90_M_EV3103AB.g1t
0x3BA4A4D6, 90_M_EV3103AB.texinfo
0x302EB784, 90_P_sticker_kanji_91.kidsobjdb
0x1E4B0079, 90_P_sticker_kanji_91.g1t
0xE2D3EB2E, 90_P_sticker_kanji_91.texinfo
0x303C238D, 90_E_SHINSENGUMI.kidsobjdb
0x9B1B19E5, 90_E_SHINSENGUMI.g1t
0xC03FAE9A, 90_E_SHINSENGUMI.texinfo
0x3088F633, 90_M_EV3101.kidsobjdb
0x34B35BD7, 90_M_EV3101.g1t
0x770DAA10, 90_M_EV3101.texinfo
0x30ECA92A, reticle_A.kidsobjdb
0xA768F285, reticle_A.g1t
0x841C3AA2, reticle_A.texinfo
0x31282CF9, icon_BG_color_ninja.kidsobjdb
0x5960E623, icon_BG_color_ninja.g1t
0x12292BD8, icon_BG_color_ninja.texinfo
0x319F5FFA, 90_P_sticker_kanji_35_1.kidsobjdb
0x3445C8E5, 90_P_sticker_kanji_35_1.g1t
0x3257B435, 90_P_sticker_kanji_07.kidsobjdb
0xBF432D1B, 90_P_sticker_kanji_07.g1t
0x2B10A44C, 90_P_sticker_kanji_07.texinfo
0x32D74900, CC_ACC_EAR_0000.kidsobjdb
0x6136F12D, CC_ACC_EAR_0000.g1t
0xB5544E82, CC_ACC_EAR_0000.texinfo
0x337867E0, sumi_pic_01_1.kidsobjdb
0x460607AD, sumi_pic_01_1.g1t
0x33883081, 90_M_EV2103AB.kidsobjdb
0xCF64C0A3, 90_M_EV2103AB.g1t
0xD5BBC658, 90_M_EV2103AB.texinfo
0x338B1657, 90_P_sticker_Logo_KT_en.kidsobjdb
0x6A49BA8F, 90_P_sticker_Logo_KT_en.g1t
0x2079EA44, 90_P_sticker_Logo_KT_en.texinfo
0x341B352F, info_total_weight_2.kidsobjdb
0x8D475BFF, info_total_weight_2.g1t
0x5FE953B4, info_total_weight_2.texinfo
0x344FA001, 90_M_EV6503AB.kidsobjdb
0xA34B7FA3, 90_M_EV6503AB.g1t
0xCA2B0558, 90_M_EV6503AB.texinfo
0x3450E18A, area_level_icon.kidsobjdb
0xF9C0396D, area_level_icon.g1t
0x00B9CA22, area_level_icon.texinfo
0x345582F2, 90_P_frame_chara.kidsobjdb
0x171C5AE5, 90_P_frame_chara.g1t
0xE7B86F9A, 90_P_frame_chara.texinfo
0x348770AF, 90_P_sticker_kanji_83_1.kidsobjdb
0x92754B7F, 90_P_sticker_kanji_83_1.g1t
0x34BF2149, test_01.kidsobjdb
0x04354BF3, test_01.g1t
0xCDB629A8, test_01.texinfo
0x3529DF60, icon_CC_TOP_01.kidsobjdb
0x4A0F7A45, icon_CC_TOP_01.g1t
0x234CDEFA, icon_CC_TOP_01.texinfo
0x353793BD, 90_P_sticker_kanji_43.kidsobjdb
0xA8E9062B, 90_P_sticker_kanji_43.g1t
0x6AE7793C, 90_P_sticker_kanji_43.texinfo
0x353BBCEE, paint_b_fix_0000.kidsobjdb
0x2346C805, paint_b_fix_0000.g1t
0xD0A74CBA, paint_b_fix_0000.texinfo
0x3595D70E, icon_kamon_65_L.kidsobjdb
0x647FF8FD, icon_kamon_65_L.g1t
0x7F6F41B2, icon_kamon_65_L.texinfo
0x35DFD717, 90_E_BLACKSMITH.kidsobjdb
0xECB4AD1F, 90_E_BLACKSMITH.g1t
0x6273D7C8, 90_E_BLACKSMITH.texinfo
0x35EF3CD8, icon_kamon_09_L.kidsobjdb
0x1B7B1C91, icon_kamon_09_L.g1t
0x36467B46, icon_kamon_09_L.texinfo
0x35EFE7F8, 90_P_sticker_kanji_15_1.kidsobjdb
0x33E66A61, 90_P_sticker_kanji_15_1.g1t
0x36372D56, 90_P_sticker_kanji_79_1.kidsobjdb
0x2BA6CF8D, 90_P_sticker_kanji_79_1.g1t
0x36800C3D, Attention.kidsobjdb
0x70868B9A, Attention.g1t
0x8974F2D1, Attention.texinfo
0x4411119C, Attention_1.g1t
0x11295FEC, Attention_2.g1t
0x36AE1E63, 90_T_DOKO_STORY_03.kidsobjdb
0x15ED14CD, 90_T_DOKO_STORY_03.g1t
0x1E56105A, 90_T_DOKO_STORY_03.texinfo
0x374D3461, 90_M_EV2104_1.kidsobjdb
0xB6C94923, 90_M_EV2104_1.g1t
0x37EA5962, 90_M_EV3303AB.kidsobjdb
0xF7B052A5, 90_M_EV3303AB.g1t
0xEA0A875A, 90_M_EV3303AB.texinfo
0x381510F5, 90_M_EV6410.kidsobjdb
0x1DC6BA5B, 90_M_EV6410.g1t
0x012FAF0C, 90_M_EV6410.texinfo
0x38612C70, 90_P_sticker_kanji_62.kidsobjdb
0xC1DB2A41, 90_P_sticker_kanji_62.g1t
0x6D8830F6, 90_P_sticker_kanji_62.texinfo
0x38B2A0A3, icon_equip_01.kidsobjdb
0xE1F653CD, icon_equip_01.g1t
0x519BB482, icon_equip_01.texinfo
0x38CFC780, 90_P_sticker_kanji_51.kidsobjdb
0x1D8C4371, 90_P_sticker_kanji_51.g1t
0x1827E136, 90_P_sticker_kanji_51.texinfo
0x39237A93, 90_M_EV4102.kidsobjdb
0x35C01497, 90_M_EV4102.g1t
0x31A39950, 90_M_EV4102.texinfo
0x39881BBB, 90_P_sticker_kanji_23.kidsobjdb
0xA889A7A7, 90_P_sticker_kanji_23.g1t
0x85917440, 90_P_sticker_kanji_23.texinfo
0x3995FA50, 90_M_EV3302.kidsobjdb
0x8FF3C691, 90_M_EV3302.g1t
0xA9FC9A16, 90_M_EV3302.texinfo
0x39D00C0B, 90_P_frame_white_thin.kidsobjdb
0x93BA1D37, 90_P_frame_white_thin.g1t
0x8028B8EC, 90_P_frame_white_thin.texinfo
0x39D2DC70, icon_kamon_34_L.kidsobjdb
0xDD55FBC1, icon_kamon_34_L.g1t
0xC43E4276, icon_kamon_34_L.texinfo
0x3AD24B43, 90_P_sticker_chara_03.kidsobjdb
0x66BB71A7, 90_P_sticker_chara_03.g1t
0x908A555C, 90_P_sticker_chara_03.texinfo
0x3C014DC6, 90_T_COMPASS_OF.kidsobjdb
0xBB6C1E7D, 90_T_COMPASS_OF.g1t
0x7159C0AA, 90_T_COMPASS_OF.texinfo
0x3C3AE831, 90_P_sticker_kanji_41.kidsobjdb
0xF1410903, 90_P_sticker_kanji_41.g1t
0xA57CDEB8, 90_P_sticker_kanji_41.texinfo
0x3C71DDBA, cursor_bg_ninja.kidsobjdb
0x22276F6D, cursor_bg_ninja.g1t
0x96960022, cursor_bg_ninja.texinfo
0x3C9E43D5, lip_0000.kidsobjdb
0x7EF1E3E5, lip_0000.g1t
0x7F819C7A, lip_0000.texinfo
0x3CB691F5, PRESET_HAIR_F_01.kidsobjdb
0x2B9E2D1B, PRESET_HAIR_F_01.g1t
0x65FA36D0, PRESET_HAIR_F_01.texinfo
0x3CF8EDC3, tama_01_A.kidsobjdb
0xEA6D56B7, tama_01_A.g1t
0x6FA3326C, tama_01_A.texinfo
0x3D012156, 90_E_JIGOKUTSUKI_1.kidsobjdb
0x01D22505, 90_E_JIGOKUTSUKI_1.g1t
0x3D0A252F, PRESET_PUPIL_L_F_01.kidsobjdb
0xA21F67E5, PRESET_PUPIL_L_F_01.g1t
0xF06CFC9A, PRESET_PUPIL_L_F_01.texinfo
0x3D10B42F, copyright_L.kidsobjdb
0x5EE7A9EF, copyright_L.g1t
0x7FF0D56D, copyright_L.texinfo
0xA33EA238, copyright_L_1.g1t
0x3D1D0CB7, 90_M_EV7103A_00.kidsobjdb
0x3B10985F, 90_M_EV7103A_00.g1t
0xF434C488, 90_M_EV7103A_00.texinfo
0x3D204F7E, 90_P_sticker_kanji_31.kidsobjdb
0x1D2CE4ED, 90_P_sticker_kanji_31.g1t
0x32D1DC3A, 90_P_sticker_kanji_31.texinfo
0x3D21EBB4, 90_M_EV4101.kidsobjdb
0xEAA36B59, 90_M_EV4101.g1t
0x2517844E, 90_M_EV4101.texinfo
0x3D946B71, 90_M_EV3301.kidsobjdb
0x44D71D53, 90_M_EV3301.g1t
0x9D708514, 90_M_EV3301.texinfo
0x3DBEB4F7, equip_list_1line_ninja.kidsobjdb
0xABDDDEDF, equip_list_1line_ninja.g1t
0x77C36694, equip_list_1line_ninja.texinfo
0x3DBF8DD2, 90_M_EV5104_1.kidsobjdb
0x81E97695, 90_M_EV5104_1.g1t
0x3DD8A3B9, 90_P_sticker_kanji_03.kidsobjdb
0xA82A4923, 90_P_sticker_kanji_03.g1t
0xA03B6F44, 90_P_sticker_kanji_03.texinfo
0x3DEAA4D8, 90_P_sticker_kanji_37.kidsobjdb
0x8A728D11, 90_P_sticker_kanji_37.g1t
0x8311ABC6, 90_P_sticker_kanji_37.texinfo
0x3E06EB2E, 90_M_EV2501.kidsobjdb
0x9F0ACF4D, 90_M_EV2501.g1t
0x15C985DA, 90_M_EV2501.texinfo
0x3E0D0655, 90_P_sticker_sp_sakura2.kidsobjdb
0x6E65448B, 90_P_sticker_sp_sakura2.g1t
0x37881640, 90_P_sticker_sp_sakura2.texinfo
0x3E0FE1D2, icon_kamon_03_L.kidsobjdb
0x562BFE85, icon_kamon_03_L.g1t
0x090D433A, icon_kamon_03_L.texinfo
0x3E33B5CF, 90_M_EV1101B.kidsobjdb
0x29BE198D, 90_M_EV1101B.g1t
0xBAFA339A, 90_M_EV1101B.texinfo
0x3F176DD4, CC_ACC_FACE_0000.kidsobjdb
0x827F2809, CC_ACC_FACE_0000.g1t
0x1CE80ABE, CC_ACC_FACE_0000.texinfo
0x3F6DB122, icon_kamon_10_L.kidsobjdb
0x00EC7535, icon_kamon_10_L.g1t
0x4AC4EAF2, icon_kamon_10_L.texinfo
0x3F74A398, icon_base_GEN.kidsobjdb
0x46727145, icon_base_GEN.g1t
0xB75C55FA, icon_base_GEN.texinfo
0x3FD41527, CC_TEETH_F_0000.kidsobjdb
0xE30DF865, CC_TEETH_F_0000.g1t
0xFE9F4D1A, CC_TEETH_F_0000.texinfo
0x3FDCE02A, 90_L_YAMA_1.kidsobjdb
0xEB50C035, 90_L_YAMA_1.g1t
0x4014A3F2, 90_P_sticker_kanji_20.kidsobjdb
0x20A6E7C5, 90_P_sticker_kanji_20.g1t
0xDD718C7A, 90_P_sticker_kanji_20.texinfo
0x405F4F54, Dummy_mission_chara.kidsobjdb
0x97D63E89, Dummy_mission_chara.g1t
0xEBCFE13E, Dummy_mission_chara.texinfo
0x4068D632, IE_ACC_COMB_icon.kidsobjdb
0xB633F46D, IE_ACC_COMB_icon.g1t
0x96D80522, IE_ACC_COMB_icon.texinfo
0x40E775AA, CC_OUTLINE_F_0000_1.kidsobjdb
0xAB03DD35, CC_OUTLINE_F_0000_1.g1t
0x5C7649EA, CC_OUTLINE_F_0000_1.texinfo
0x41470441, icon_kamon_11_L.kidsobjdb
0x2FB5DF73, icon_kamon_11_L.g1t
0xFCF91EF4, icon_kamon_11_L.texinfo
0x416B76E4, arrow_L.kidsobjdb
0xC9D1FE29, arrow_L.g1t
0x34A2D0DE, arrow_L.texinfo
0x4170D77C, 90_P_sticker_kanji_11.kidsobjdb
0x1CCD8669, 90_P_sticker_kanji_11.g1t
0x4D7BD73E, 90_P_sticker_kanji_11.texinfo
0x41C2D688, PRESET_PUPIL_L_M_01.kidsobjdb
0x27FC8AC5, PRESET_PUPIL_L_M_01.g1t
0x2B3DAF7A, PRESET_PUPIL_L_M_01.texinfo
0x41C46099, 90_P_sticker_kanji_16.kidsobjdb
0xB9D86BD3, 90_P_sticker_kanji_16.g1t
0xBB065988, 90_P_sticker_kanji_16.texinfo
0x41E3EDA3, 90_E_SHINSENGUMI_1.kidsobjdb
0x93DCFE8D, 90_E_SHINSENGUMI_1.g1t
0x42613969, icon_shugo_01_1.kidsobjdb
0x64320783, icon_shugo_01_1.g1t
0x22CA9D38, icon_shugo_01_1.texinfo
0x42ADB4D7, paint_h_fix_0000_1.kidsobjdb
0x5CA3508F, paint_h_fix_0000_1.g1t
0x80188044, paint_h_fix_0000_1.texinfo
0x42F98C13, 90_M_EV7103ABDE.kidsobjdb
0x8A012717, 90_M_EV7103ABDE.g1t
0x8800B6D0, 90_M_EV7103ABDE.texinfo
0x43476636, 90_L_RAKUMEI_01.kidsobjdb
0x8324774D, 90_L_RAKUMEI_01.g1t
0xA00C1802, 90_L_RAKUMEI_01.texinfo
0x437FCBAD, 90_T_DOKO_MISSION_04.kidsobjdb
0xB726954D, 90_T_DOKO_MISSION_04.g1t
0xE202FFDA, 90_T_DOKO_MISSION_04.texinfo
0x439EFDCA, CC_HAIR_B00_0001.kidsobjdb
0x67C19B85, CC_HAIR_B00_0001.g1t
0x7EDE1B1A, CC_HAIR_B00_0001.texinfo
0x43DA2FA1, still_enemy_s_dummy.kidsobjdb
0xB8791CA3, still_enemy_s_dummy.g1t
0x25422258, still_enemy_s_dummy.texinfo
0x4440B13A, 90_L_RAKUMEI.kidsobjdb
0xF81AB785, 90_L_RAKUMEI.g1t
0x32F77C3A, 90_L_RAKUMEI.texinfo
0x44C4CFAF, icon_kamon_55_L.kidsobjdb
0x271AFDF4, icon_kamon_55_L.texinfo
0x44F9AA7F, icon_kamon_13_L_1.kidsobjdb
0x8D48B3EF, icon_kamon_13_L_1.g1t
0x45AFF302, base_plate_weapon_1.kidsobjdb
0x316487E5, base_plate_weapon_1.g1t
0x18221C9A, base_plate_weapon_1.texinfo
0x46510716, 90_L_RAKUMEI_1.kidsobjdb
0x461B44ED, 90_L_RAKUMEI_1.g1t
0x46523B6A, 90_L_SORANAKI.kidsobjdb
0x0D38D8B5, 90_L_SORANAKI.g1t
0x5CC1856A, 90_L_SORANAKI.texinfo
0x46E231AC, arrow_tutorial_icon.kidsobjdb
0x1E1620C9, arrow_tutorial_icon.g1t
0xAED4A37E, arrow_tutorial_icon.texinfo
0x47103B43, CAMERA_EYE_CONTACT_1.kidsobjdb
0x0B4ED677, CAMERA_EYE_CONTACT_1.g1t
0x403ED22C, CAMERA_EYE_CONTACT_1.texinfo
0x47642AA7, 90_T_TOKOYAMI.kidsobjdb
0xBD12297F, 90_T_TOKOYAMI.g1t
0xE5A3AF68, 90_T_TOKOYAMI.texinfo
0x47D053AB, 90_T_DOKO_MISSION_02.kidsobjdb
0x7569600D, 90_T_DOKO_MISSION_02.g1t
0x8BCA9D1A, 90_T_DOKO_MISSION_02.texinfo
0x482F4430, 90_P_sticker_kanji_84.kidsobjdb
0x08D789C1, 90_P_sticker_kanji_84.g1t
0x1848D076, 90_P_sticker_kanji_84.texinfo
0x48574499, 90_L_KIYOMIZU.kidsobjdb
0xB878AED3, 90_L_KIYOMIZU.g1t
0x19CD1C88, 90_L_KIYOMIZU.texinfo
0x488178D1, 90_L_REIJU.kidsobjdb
0x18AC2A25, 90_L_REIJU.g1t
0xF24E9EDA, 90_L_REIJU.texinfo
0x488FF0D4, 90_P_sticker_txt_01.kidsobjdb
0xFA705399, 90_P_sticker_txt_01.g1t
0x00C0D40E, 90_P_sticker_txt_01.texinfo
0x48AC50BD, icon_kamon_15_L.kidsobjdb
0xEADB886B, icon_kamon_15_L.g1t
0xC5C9EEFC, icon_kamon_15_L.texinfo
0x48D1A817, action_cmn.kidsobjdb
0x24C6EC4F, action_cmn.g1t
0x11883C04, action_cmn.texinfo
0x48DB5FE0, 90_M_EV2202.kidsobjdb
0x169BFBA1, 90_M_EV2202.g1t
0xE8C15256, 90_M_EV2202.texinfo
0x4901D17F, eyebrow_0001_1.kidsobjdb
0x576BEFA5, eyebrow_0001_1.g1t
0x5A4333BA, eyebrow_0001_1.texinfo
0x4901D511, icon_kamon_24_L.kidsobjdb
0x3B3E2903, icon_kamon_24_L.g1t
0x6BE9FEB8, icon_kamon_24_L.texinfo
0x49BAE135, 90_M_EV5101.kidsobjdb
0xA0937ADB, 90_M_EV5101.g1t
0xD3215E8C, 90_M_EV5101.texinfo
0x4A33C9A8, 90_M_EV2405A.kidsobjdb
0x6032422D, 90_M_EV2405A.g1t
0x35C516FA, 90_M_EV2405A.texinfo
0x4A39FB77, CC_ACC_EAR_0000_1.kidsobjdb
0x66EEE2A5, CC_ACC_EAR_0000_1.g1t
0x7781175A, CC_ACC_EAR_0000_1.texinfo
0x4A5E4D4B, 90_E_THOUGHT_AMRITA_1.kidsobjdb
0x85764AF7, 90_E_THOUGHT_AMRITA_1.g1t
0x4A85A3DC, icon_kamon_16_L.kidsobjdb
0x19A4F2A9, icon_kamon_16_L.g1t
0x77FE22FE, icon_kamon_16_L.texinfo
0x4A92F3AF, icon_kamon_unknown_L.kidsobjdb
0x3C3186A5, icon_kamon_unknown_L.g1t
0xE2D1BB5A, icon_kamon_unknown_L.texinfo
0x4AD3B8D6, 90_E_ONMYOJI_1.kidsobjdb
0x4B050F70, 90_P_frame_film.kidsobjdb
0x4CB479D1, 90_P_frame_film.g1t
0x7FE7BED6, 90_P_frame_film.texinfo
0x4B17E7DD, kaji_list_bace.kidsobjdb
0xC9FEA1A5, kaji_list_bace.g1t
0x3E99565A, kaji_list_bace.texinfo
0x4B547EB5, info_tamasiro_para_base_half.kidsobjdb
0xA7C8C0CB, info_tamasiro_para_base_half.g1t
0xDE537280, info_tamasiro_para_base_half.texinfo
0x4B96E6A4, 90_T_DOKO_STORY_04.kidsobjdb
0x6BDB232D, 90_T_DOKO_STORY_04.g1t
0x258D15FA, 90_T_DOKO_STORY_04.texinfo
0x4C08FFF1, 90_P_sticker_kanji_63.kidsobjdb
0x383D6883, 90_P_sticker_kanji_63.g1t
0x503D7E38, 90_P_sticker_kanji_63.texinfo
0x4C5EF6FB, icon_kamon_17_L.kidsobjdb
0x486E5CE7, icon_kamon_17_L.g1t
0x2A325700, icon_kamon_17_L.texinfo
0x4C83BBF9, 90_M_EV7103A_00_1.kidsobjdb
0x08F456D3, 90_M_EV7103A_00_1.g1t
0x4CC55B00, CC_TEETH_M_0000.kidsobjdb
0xC951A6C5, CC_TEETH_M_0000.g1t
0xA4A4CB7A, CC_TEETH_M_0000.texinfo
0x4CDC24E6, 90_M_EV2405BC.kidsobjdb
0x333AEAAD, 90_M_EV2405BC.g1t
0xAEF9DB62, 90_M_EV2405BC.texinfo
0x4D02AF3C, Dummy_mission_chara_1.kidsobjdb
0x4C90BC69, Dummy_mission_chara_1.g1t
0x4D5A4481, icon_kamon_33_L_1.kidsobjdb
0x880B5FF3, icon_kamon_33_L_1.g1t
0x4DB8BC98, 90_P_sticker_kanji_59_1.kidsobjdb
0xD16EEC91, 90_P_sticker_kanji_59_1.g1t
0x4DCA9197, splash_screen.kidsobjdb
0x8F6E6F25, splash_screen.g1t
0x046663DA, splash_screen.texinfo
0x4DDF537E, app_icon_n_a_A.kidsobjdb
0x354B85DD, app_icon_n_a_A.g1t
0xB3E95E92, app_icon_n_a_A.texinfo
0x4E17D1AD, 90_P_sticker_chara_03_1.kidsobjdb
0x93378E0B, 90_P_sticker_chara_03_1.g1t
0x4E384A1A, icon_kamon_18_L.kidsobjdb
0x7737C725, icon_kamon_18_L.g1t
0xDC668B02, icon_kamon_18_L.texinfo
0x4E7A1EC4, 90_P_sticker_chara_04.kidsobjdb
0xDD1DAFE9, 90_P_sticker_chara_04.g1t
0x733FA29E, 90_P_sticker_chara_04.texinfo
0x4E7F4CC5, 90_L_DAIDAIRI.kidsobjdb
0x7B542A2B, 90_L_DAIDAIRI.g1t
0xC14B2BE0, 90_L_DAIDAIRI.texinfo
0x4EEB2B52, app_icon_n_a_A_1.kidsobjdb
0x990CD595, app_icon_n_a_A_1.g1t
0xB28C124A, app_icon_n_a_A_1.texinfo
0x4F2FB805, 90_L_EDO_FINAL.kidsobjdb
0x5ADED00D, 90_L_EDO_FINAL.g1t
0x0C572D1A, 90_L_EDO_FINAL.texinfo
0x4F705475, 90_M_EV3220.kidsobjdb
0xE5FD015B, 90_M_EV3220.g1t
0x23AB880C, 90_M_EV3220.texinfo
0x4FE2BBB2, 90_P_sticker_kanji_42.kidsobjdb
0x67A34745, 90_P_sticker_kanji_42.g1t
0x88322BFA, 90_P_sticker_kanji_42.texinfo
0x50119D39, icon_kamon_19_L_1.kidsobjdb
0xA6013163, icon_kamon_19_L_1.g1t
0x50983BD4, lip_0000_1.kidsobjdb
0x0018ECAD, lip_0000_1.g1t
0xF906DD62, lip_0000_1.texinfo
0x50B2AC8A, 90_T_COMPASS_OF_1.kidsobjdb
0x23B0B3F5, 90_T_COMPASS_OF_1.g1t
0x50F04E2A, 90_L_RYOTANJI.kidsobjdb
0x8CB16945, 90_L_RYOTANJI.g1t
0xD75844E2, 90_L_RYOTANJI.texinfo
0x50FA3175, icon_jigoku_weapon.kidsobjdb
0xFF295325, icon_jigoku_weapon.g1t
0x940F47DA, icon_jigoku_weapon.texinfo
0x5101012E, line_b_ninja.kidsobjdb
0x8F5958ED, line_b_ninja.g1t
0xDDB729A2, line_b_ninja.texinfo
0x51312128, 90_P_frame_focus_black.kidsobjdb
0x3DEDF3AD, 90_P_frame_focus_black.g1t
0x2046B57A, 90_P_frame_focus_black.texinfo
0x513BF9E2, 90_M_EV2402.kidsobjdb
0x478CF8A5, 90_M_EV2402.g1t
0x0F242D5A, 90_M_EV2402.texinfo
0x5155FA22, 90_T_DUMMY.kidsobjdb
0xC8FD7D85, 90_T_DUMMY.g1t
0xA907423A, 90_T_DUMMY.texinfo
0x51927859, 90_P_sticker_kanji_38.kidsobjdb
0x00D4CB53, 90_P_sticker_kanji_38.g1t
0x65C6F908, 90_P_sticker_kanji_38.texinfo
0x51AAE06C, paint_0000.kidsobjdb
0xBB7F0DEB, paint_0000.g1t
0x65DE2FA0, paint_0000.texinfo
0x51B541CB, 90_L_FUTAMATA_1.kidsobjdb
0x23A985B7, 90_L_FUTAMATA_1.g1t
0x51B93B2C, CC_NOSE_F_0000_1.kidsobjdb
0xDC1B57B9, CC_NOSE_F_0000_1.g1t
0xE884E26E, CC_NOSE_F_0000_1.texinfo
0x51F10959, cmn_list_BG_b_ninja_1.kidsobjdb
0xB11AA60D, cmn_list_BG_b_ninja_1.g1t
0x75CCE6C2, cmn_list_BG_b_ninja_1.texinfo
0x5252AAA4, 90_L_SENGOKU_1.kidsobjdb
0x35EC93C5, 90_L_SENGOKU_1.g1t
0x52DEFA68, pic_AX_AMETSUCHI.kidsobjdb
0xEBDF0331, pic_AX_AMETSUCHI.g1t
0xCF1611E6, pic_AX_AMETSUCHI.texinfo
0x52E63DDE, icon_kamon_36_L.kidsobjdb
0x14679EAD, icon_kamon_36_L.g1t
0x28A6AA7A, icon_kamon_36_L.texinfo
0x53C8BDF9, 90_P_sticker_sp_blood1.kidsobjdb
0x79E1388D, 90_P_sticker_sp_blood1.g1t
0xD1E6349A, 90_P_sticker_sp_blood1.texinfo
0x53F3C850, icon_kamon_45_L.kidsobjdb
0x20505381, icon_kamon_45_L.g1t
0xCEC6BA36, icon_kamon_45_L.texinfo
0x542E6102, PRESET_HAIR_M_01.kidsobjdb
0x2A93E3E5, PRESET_HAIR_M_01.g1t
0xF243789A, PRESET_HAIR_M_01.texinfo
0x54A433B9, 90_L_HEIAN_1.kidsobjdb
0x6682C925, 90_L_HEIAN_1.g1t
0x552E9072, main_shugo_img_01.kidsobjdb
0x590D7985, main_shugo_img_01.g1t
0x78B93E3A, main_shugo_img_01.texinfo
0x556C341A, 90_P_sticker_kanji_17.kidsobjdb
0x303AAA15, 90_P_sticker_kanji_17.g1t
0x9DBBA6CA, 90_P_sticker_kanji_17.texinfo
0x55AED3D4, CC_HAIR_P12_0001_1.kidsobjdb
0x14B77409, CC_HAIR_P12_0001_1.g1t
0x021A56BE, CC_HAIR_P12_0001_1.texinfo
0x55B19782, 90_P_frame_style_windowpane.kidsobjdb
0x54BA1BE5, 90_P_frame_style_windowpane.g1t
0xAE8DB09A, 90_P_frame_style_windowpane.texinfo
0x55BADE83, icon_kamon_53_L.kidsobjdb
0x82CE0BF7, icon_kamon_53_L.g1t
0xC2B295F0, icon_kamon_53_L.texinfo
0x55E320BC, CC_ACC_FACE_0000_1.kidsobjdb
0x152C42E9, CC_ACC_FACE_0000_1.g1t
0x0BCCB59E, CC_ACC_FACE_0000_1.texinfo
0x55FA4AA1, CC_HAIR_P22_0000_2.kidsobjdb
0x91670FA3, CC_HAIR_P22_0000_2.g1t
0x564D7C21, 90_M_EV3303CDE_1.kidsobjdb
0xD932A5A5, 90_M_EV3303CDE_1.g1t
0x5653D6B6, 90_M_EV6101.kidsobjdb
0x56838A5D, 90_M_EV6101.g1t
0x812B38CA, 90_M_EV6101.texinfo
0x5668A483, 90_M_EV6504ABC.kidsobjdb
0xCA48D565, 90_M_EV6504ABC.g1t
0xE323AA1A, 90_M_EV6504ABC.texinfo
0x56789809, 90_T_TOKOYAMI_1.kidsobjdb
0xFD4BB1B3, 90_T_TOKOYAMI_1.g1t
0x5698E41C, icon_kamon_38_L.kidsobjdb
0x71FA7329, icon_kamon_38_L.g1t
0x8D0F127E, icon_kamon_38_L.texinfo
0x56BA7A15, icon_item_kyoten.kidsobjdb
0x07E4FE8B, icon_item_kyoten.g1t
0x369AD040, icon_item_kyoten.texinfo
0x579431A2, icon_kamon_54_L_1.kidsobjdb
0xB1977635, icon_kamon_54_L_1.g1t
0x57D767E8, icon_kamon_70_L.kidsobjdb
0xE22B32B1, icon_kamon_70_L.g1t
0x5CBE8166, icon_kamon_70_L.texinfo
0x57F2A9FF, PRESET_BEARD_F_01.kidsobjdb
0xAEB40165, PRESET_BEARD_F_01.g1t
0x0618D61A, PRESET_BEARD_F_01.texinfo
0x5830CDB2, icon_kamon_14_L.kidsobjdb
0x99265645, icon_kamon_14_L.g1t
0x1395BAFA, icon_kamon_14_L.texinfo
0x5872373B, icon_kamon_39_L_1.kidsobjdb
0xA0C3DD67, icon_kamon_39_L_1.g1t
0x588B0899, cmn_black_1.kidsobjdb
0x537D5563, cmn_black_870.g1t
0x588F7F28, icon_kamon_70_L_1.kidsobjdb
0xF1347941, icon_kamon_70_L_1.g1t
0x58935BBC, lip_0000_2.kidsobjdb
0xED3EF7C5, lip_0000_2.g1t
0x5895ED15, CC_BODY_F_0000.kidsobjdb
0x21FA9F25, CC_BODY_F_0000.g1t
0x155A93DA, CC_BODY_F_0000.texinfo
0x58C78321, 90_M_EV6503C_1.kidsobjdb
0x7A41E6E5, 90_M_EV6503C_1.g1t
0x58EF7913, CC_BEARD_01_F_0001.kidsobjdb
0x6B37C157, CC_BEARD_01_F_0001.g1t
0x59F74D0C, CC_BEARD_01_F_0001.texinfo
0x596846B4, list_plate.kidsobjdb
0x5D5AC049, list_plate.g1t
0x73BD82FE, list_plate.texinfo
0x596C8F75, 90_E_SHISHI.kidsobjdb
0x6A8D594B, 90_E_SHISHI.g1t
0x0417CB00, 90_E_SHISHI.texinfo
0x59855293, 90_P_frame_cinemascope_1.kidsobjdb
0xD9ABEB4D, 90_P_frame_cinemascope_1.g1t
0x59B8DF18, 90_T_COMPASS.kidsobjdb
0xAE2E982D, 90_T_COMPASS.g1t
0x195C00FA, 90_T_COMPASS.texinfo
0x5A68D247, icon_kamon_71_L.kidsobjdb
0x1FFDE37F, icon_kamon_71_L.g1t
0x0EF2B568, icon_kamon_71_L.texinfo
0x5A93DEBB, IW_AX_0000_icon_1.kidsobjdb
0x8E7A90E7, IW_AX_0000_icon_1.g1t
0x7927D49C, IW_AX_0000_icon_1.texinfo
0x5BD717B1, 90_P_sticker_kanji_85.kidsobjdb
0x7F39C803, 90_P_sticker_kanji_85.g1t
0xFAFE1DB8, 90_P_sticker_kanji_85.texinfo
0x5C422566, icon_kamon_72_L.kidsobjdb
0x4EC74DBD, icon_kamon_72_L.g1t
0xC126E96A, icon_kamon_72_L.texinfo
0x5C42DE7E, 90_M_EV2310.kidsobjdb
0x6D05FFDD, 90_M_EV2310.g1t
0x35D6D892, 90_M_EV2310.texinfo
0x5CE2341B, 90_E_AKAZONAE.kidsobjdb
0x7DB27E57, 90_E_AKAZONAE.g1t
0x06CB8A0C, 90_E_AKAZONAE.texinfo
0x5D3B43F9, 90_P_frame_white.kidsobjdb
0x59F2F54D, 90_P_frame_white.g1t
0x328A9FDA, 90_P_frame_white.texinfo
0x5D3CF964, IE_ACC_JUZU_KUKAI_icon.kidsobjdb
0x3DB4BF39, IE_ACC_JUZU_KUKAI_icon.g1t
0x881E89EE, IE_ACC_JUZU_KUKAI_icon.texinfo
0x5D4E9E6E, CC_BODY_M_0000.kidsobjdb
0x502B46BA, CC_BODY_M_0000.texinfo
0x5D935F6A, 90_S_BAKUMATSU.kidsobjdb
0x481D496D, 90_S_BAKUMATSU.g1t
0xBA0EDA22, 90_S_BAKUMATSU.texinfo
0x5DD1D11B, CC_BODY_F_0000_1.kidsobjdb
0x7E6D814D, CC_BODY_F_0000_1.g1t
0x5BC02202, CC_BODY_F_0000_1.texinfo
0x5E1B7885, icon_kamon_73_L.kidsobjdb
0x7D90B7FB, icon_kamon_73_L.g1t
0x735B1D6C, icon_kamon_73_L.texinfo
0x5E1C319D, 90_M_EV2320.kidsobjdb
0x639D519B, 90_M_EV2320.g1t
0x88D31B50, 90_M_EV2320.texinfo
0x5E35585C, 90_P_sticker_kanji_88.kidsobjdb
0x4686E029, 90_P_sticker_kanji_88.g1t
0xA31E057E, 90_P_sticker_kanji_88.texinfo
0x5EE5BB8F, icon_kamon_66_L.kidsobjdb
0x05627DFF, icon_kamon_66_L.g1t
0x31A375B4, icon_kamon_66_L.texinfo
0x5EEE5B16, 90_M_EV7102.kidsobjdb
0x5790431D, 90_M_EV7102.g1t
0x3BC1280A, 90_M_EV7102.texinfo
0x5EF1E0C1, icon_kamon_unknown_L_1.kidsobjdb
0xDC6BC9CD, icon_kamon_unknown_L_1.g1t
0x5FB0D372, 90_P_sticker_kanji_64.kidsobjdb
0xAE9FA6C5, 90_P_sticker_kanji_64.g1t
0x32F2CB7A, 90_P_sticker_kanji_64.texinfo
0x5FF4CBA4, icon_kamon_74_L.kidsobjdb
0x002F61F9, icon_kamon_74_L.g1t
0x258F516E, icon_kamon_74_L.texinfo
0x5FF584BC, 90_M_EV2330_1.kidsobjdb
0x5A34A359, 90_M_EV2330_1.g1t
0x6046AD5B, CC_ACC_FACE_0000_2.kidsobjdb
0xE4E3C0D7, CC_ACC_FACE_0000_2.g1t
0x6050AD5F, system_language_ARB.kidsobjdb
0xA40D219F, system_language_ARB.g1t
0x6D134954, system_language_ARB.texinfo
0x60524D73, 90_E_REISEKI_1.kidsobjdb
0x641B7C25, 90_E_REISEKI_1.g1t
0x60AC2256, num_00.kidsobjdb
0x5A72D38D, num_00.g1t
0x34525442, num_00.texinfo
0x60B93BB8, launch_icon_01.kidsobjdb
0x078584C5, launch_icon_01.g1t
0xC9B9A97A, launch_icon_01.texinfo
0x619121A6, 90_L_RYOTANJI_1.kidsobjdb
0x324A142D, 90_L_RYOTANJI_1.g1t
0x61CD8C1F, 90_P_sticker_kanji_96.kidsobjdb
0xBB2A1D6F, 90_P_sticker_kanji_96.g1t
0x505E6D78, 90_P_sticker_kanji_96.texinfo
0x61CE1EC3, icon_kamon_75_L_1.kidsobjdb
0xDB238C77, icon_kamon_75_L_1.g1t
0x61FD9494, 90_P_frame_tecmoscope.kidsobjdb
0xD2EE6E99, 90_P_frame_tecmoscope.g1t
0xFE3E590E, 90_P_frame_tecmoscope.texinfo
0x6207F1AD, CC_HAIR_P30_0000.kidsobjdb
0x86126C8D, CC_HAIR_P30_0000.g1t
0x91FE58A2, CC_HAIR_P30_0000.texinfo
0x6216B531, CC_OUTLINE_M_0000_1.kidsobjdb
0x0D687603, CC_OUTLINE_M_0000_1.g1t
0x5625CBB8, CC_OUTLINE_M_0000_1.texinfo
0x6221F245, 90_P_sticker_chara_05.kidsobjdb
0x537FEE2B, 90_P_sticker_chara_05.g1t
0x55F4EFE0, 90_P_sticker_chara_05.texinfo
0x625592CF, 90_M_EV4202A.kidsobjdb
0x8D4D398D, 90_M_EV4202A.g1t
0x2E27139A, 90_M_EV4202A.texinfo
0x6285E05A, 90_P_sticker_kanji_68.kidsobjdb
0x462781A5, 90_P_sticker_kanji_68.g1t
0xBDC80082, 90_P_sticker_kanji_68.texinfo
0x62D46695, CC_ACC_FACE_0000_3.kidsobjdb
0x55950CDB, CC_ACC_FACE_0000_3.g1t
0x62ECCC37, 90_M_EV7101.kidsobjdb
0x0C7399DF, 90_M_EV7101.g1t
0x2F351308, 90_M_EV7101.texinfo
0x62F40CD4, 90_P_frame_gold.kidsobjdb
0x2FF7E499, 90_P_frame_gold.g1t
0x5FC4230E, 90_P_frame_gold.texinfo
0x630CAF1D, 90_M_EV7103ABDE_1.kidsobjdb
0x54E4AD1B, 90_M_EV7103ABDE_1.g1t
0x6322C0F1, icon_kamon_35_L.kidsobjdb
0x7E3880C3, icon_kamon_35_L.g1t
0x76727678, icon_kamon_35_L.texinfo
0x635F4BF4, 90_M_EV6301.kidsobjdb
0x66A74BD9, 90_M_EV6301.g1t
0xA78E13CE, 90_M_EV6301.texinfo
0x636CF4FC, player_A_01.kidsobjdb
0x0425CAAD, player_A_01.g1t
0x4F74BB62, player_A_01.texinfo
0x638A8F33, 90_P_sticker_kanji_43_1.kidsobjdb
0xDE058587, 90_P_sticker_kanji_43_1.g1t
0x63993D20, difficulty_icon_OFF.kidsobjdb
0x656202AD, difficulty_icon_OFF.g1t
0xC7D4F362, difficulty_icon_OFF.texinfo
0x6481E836, action_active_ring_01.kidsobjdb
0xF5771105, action_active_ring_01.g1t
0x0F8B15BA, action_active_ring_01.texinfo
0x64C60C19, equiped_Guardian_main.kidsobjdb
0xF619F993, equiped_Guardian_main.g1t
0xBC4B0748, equiped_Guardian_main.texinfo
0x64E3EFD8, PRESET_BEARD_M_01.kidsobjdb
0x94F7AFC5, PRESET_BEARD_M_01.g1t
0xAC1E547A, PRESET_BEARD_M_01.texinfo
0x653A4BDA, 90_P_sticker_kanji_39_1.kidsobjdb
0x77370995, 90_P_sticker_kanji_39_1.g1t
0x65E0BEEC, CC_BEARD_01_M_0001_1.kidsobjdb
0xABA08B49, CC_BEARD_01_M_0001_1.g1t
0x4425CDFE, CC_BEARD_01_M_0001_1.texinfo
0x661E141D, 90_P_sticker_kanji_76.kidsobjdb
0xBACABEEB, 90_P_sticker_kanji_76.g1t
0x6B08687C, 90_P_sticker_kanji_76.texinfo
0x665403F0, 90_M_EV4201A.kidsobjdb
0x6A7C372D, 90_M_EV4201A.g1t
0x374D81FA, 90_M_EV4201A.texinfo
0x66872ADC, scroll_bar_c_ninja.kidsobjdb
0x321ED7AD, scroll_bar_c_ninja.g1t
0x901F4862, scroll_bar_c_ninja.texinfo
0x668E0A2B, CC_HAIR_P31_0000_1.kidsobjdb
0xBF04700D, CC_HAIR_P31_0000_1.g1t
0x85C1B0C2, CC_HAIR_P31_0000_1.texinfo
0x66D66858, 90_P_sticker_kanji_48.kidsobjdb
0x45C82321, 90_P_sticker_kanji_48.g1t
0xD871FB86, 90_P_sticker_kanji_48.texinfo
0x67066089, icon_kamon_60_L.kidsobjdb
0x40135FF3, icon_kamon_60_L.g1t
0x046A3DA8, icon_kamon_60_L.texinfo
0x675FC653, icon_kamon_04_L.kidsobjdb
0xF70E8387, icon_kamon_04_L.g1t
0xBB41773C, icon_kamon_04_L.texinfo
0x67644AF4, 90_P_sticker_kanji_22.kidsobjdb
0x0D6B6449, 90_P_sticker_kanji_22.g1t
0xA2DC26FE, 90_P_sticker_kanji_22.texinfo
0x67DCA66D, CC_EYELASH_0000_1.kidsobjdb
0xDC172265, CC_EYELASH_0000_1.g1t
0x5C97067A, CC_EYELASH_0000_1.texinfo
0x67EF4DD8, 90_P_frame_kakejiku_02.kidsobjdb
0xFD4CA2C5, 90_P_frame_kakejiku_02.g1t
0x2AC1C77A, 90_P_frame_kakejiku_02.texinfo
0x683B76AE, 90_T_DOKO_STORY_02_1.kidsobjdb
0x674D8605, 90_T_DOKO_STORY_02_1.g1t
0x685C0AF3, 90_L_SHICHIJYOU.kidsobjdb
0x53EC8CC7, 90_L_SHICHIJYOU.g1t
0xFB78E07C, 90_L_SHICHIJYOU.texinfo
0x685C7DCC, ema_pic_01_A.kidsobjdb
0x0A98CE79, ema_pic_01_A.g1t
0x19E8F92E, ema_pic_01_A.texinfo
0x68CCC48D, 90_E_SHUGOREI_1.kidsobjdb
0x02DD06CB, 90_E_SHUGOREI_1.g1t
0x68DAD021, 90_M_EV3104AB.kidsobjdb
0x776EE7E3, 90_M_EV3104AB.g1t
0x91E04D98, 90_M_EV3104AB.texinfo
0x6914079B, 90_P_sticker_kanji_18.kidsobjdb
0xA69CE857, 90_P_sticker_kanji_18.g1t
0x8070F40C, 90_P_sticker_kanji_18.texinfo
0x69B01143, 90_T_DOKO_MISSION_04_1.kidsobjdb
0x0BB90B25, 90_T_DOKO_MISSION_04_1.g1t
0x69B176E6, CC_OUTLINE_F_0000_2.kidsobjdb
0x2E6976ED, CC_OUTLINE_F_0000_2.g1t
0x1B8847A2, CC_OUTLINE_F_0000_2.texinfo
0x69B647E0, 90_P_sticker_kanji_84_1.kidsobjdb
0x2F6DFC31, 90_P_sticker_kanji_84_1.g1t
0x6A6E9C1B, 90_P_sticker_kanji_56_1.kidsobjdb
0xBA6B6067, 90_P_sticker_kanji_56_1.g1t
0x6B26F056, 90_P_sticker_kanji_28.kidsobjdb
0x4568C49D, 90_P_sticker_kanji_28.g1t
0xF31BF68A, 90_P_sticker_kanji_28.texinfo
0x6B3E06B5, 90_P_sticker_kanji_01.kidsobjdb
0x3CD1430B, 90_P_sticker_kanji_01.g1t
0xDAD0D4C0, 90_P_sticker_kanji_01.texinfo
0x6C1238F4, 90_M_EV7103ABCEF.kidsobjdb
0xECE6CAAD, 90_M_EV7103ABCEF.g1t
0x46FDFE7A, 90_M_EV7103ABCEF.texinfo
0x6C6551F1, equip_base_plate.kidsobjdb
0x5BDCD603, equip_base_plate.g1t
0x936A2BB8, equip_base_plate.texinfo
0x6C6C5011, 90_M_EV6502.kidsobjdb
0xC1E7B693, 90_M_EV6502.g1t
0xDA7D03D4, 90_M_EV6502.texinfo
0x6CBFD213, megascans_logo.kidsobjdb
0xA53B82D7, megascans_logo.g1t
0x2B5BA310, megascans_logo.texinfo
0x6CC061B1, CC_HAIR_P11_0000_1.kidsobjdb
0x2A80C243, CC_HAIR_P11_0000_1.g1t
0x59BDF7F8, CC_HAIR_P11_0000_1.texinfo
0x6D4E7BA3, 90_P_sticker_kanji_92.kidsobjdb
0xA4113977, 90_P_sticker_kanji_92.g1t
0xC5893870, 90_P_sticker_kanji_92.texinfo
0x6D6AA02F, skill_cost_01.kidsobjdb
0x90684EBF, skill_cost_01.g1t
0x2FD2E674, skill_cost_01.texinfo
0x6DCF2E8B, 90_P_sticker_kanji_90.kidsobjdb
0x5C6A8237, 90_P_sticker_kanji_90.g1t
0x001E9DEC, 90_P_sticker_kanji_90.texinfo
0x6E06CFDE, 90_P_sticker_kanji_64_1.kidsobjdb
0x2F0E9DAD, 90_P_sticker_kanji_64_1.g1t
0x6E14B430, icon_kamon_56_L.kidsobjdb
0x634AAB41, icon_kamon_56_L.g1t
0xD94F31F6, icon_kamon_56_L.texinfo
0x6EB5BAE4, 90_E_ARANIGI.kidsobjdb
0x7263A3AD, 90_E_ARANIGI.g1t
0xBD0B057A, 90_E_ARANIGI.texinfo
0x6EBF2419, 90_P_sticker_kanji_36_1.kidsobjdb
0xBA0C01E3, 90_P_sticker_kanji_36_1.g1t
0x6F6E2B43, CC_HAIR_P30_0000_1.kidsobjdb
0xB2C6EBE5, CC_HAIR_P30_0000_1.g1t
0x6731593A, CC_HAIR_P30_0000_1.texinfo
0x6F777854, 90_P_sticker_kanji_08.kidsobjdb
0x45096619, 90_P_sticker_kanji_08.g1t
0x0DC5F18E, 90_P_sticker_kanji_08.texinfo
0x6F7EEB32, 90_P_sticker_kanji_86.kidsobjdb
0xF59C0645, 90_P_sticker_kanji_86.g1t
0xDDB36AFA, 90_P_sticker_kanji_86.texinfo
0x700C908D, icon_equip_01_1.kidsobjdb
0x1122BCA5, icon_equip_01_1.g1t
0xD037F15A, icon_equip_01_1.texinfo
0x706AC132, 90_M_EV6501.kidsobjdb
0x76CB0D55, 90_M_EV6501.g1t
0xCDF0EED2, 90_M_EV6501.texinfo
0x70C0557F, 90_M_EV4201B.kidsobjdb
0xD9A26FA5, 90_M_EV4201B.g1t
0x1BA6245A, 90_M_EV4201B.texinfo
0x7251B992, icon_kamon_25_L.kidsobjdb
0xDC20AE05, icon_kamon_25_L.g1t
0x1E1E32BA, icon_kamon_25_L.texinfo
0x725757DC, 90_P_sticker_kanji_44.kidsobjdb
0x2EAF3F29, 90_P_sticker_kanji_44.g1t
0x4D9CC67E, 90_P_sticker_kanji_44.texinfo
0x72830B2A, difficulty_01_icon_1.kidsobjdb
0xDAC25C85, difficulty_01_icon_1.g1t
0x7F44A13A, difficulty_01_icon_1.texinfo
0x73093F0F, CC_HAIR_P22_0000_3.kidsobjdb
0xC735118F, CC_HAIR_P22_0000_3.g1t
0x7358252F, 90_M_EV2103AB_1.kidsobjdb
0x1C7D008F, 90_M_EV2103AB_1.g1t
0x7358A6F3, 90_P_sticker_kanji_65.kidsobjdb
0x2501E507, 90_P_sticker_kanji_65.g1t
0x15A818BC, 90_P_sticker_kanji_65.texinfo
0x73E5D13C, CC_EYE_M_0000.kidsobjdb
0x662F1A69, CC_EYE_M_0000.g1t
0xE897CD1E, CC_EYE_M_0000.texinfo
0x75818C3A, icon_kamon_01_L.kidsobjdb
0xF1B69785, icon_kamon_01_L.g1t
0x3BA35C3A, icon_kamon_01_L.texinfo
0x75910D68, 90_M_EV2405A_1.kidsobjdb
0x1163B245, 90_M_EV2405A_1.g1t
0x75EF8B9F, 90_P_sticker_kanji_52.kidsobjdb
0xA3527C6F, 90_P_sticker_kanji_52.g1t
0xFADD2E78, 90_P_sticker_kanji_52.texinfo
0x7635592A, icon_kamon_50_L.kidsobjdb
0x9DFB8D35, icon_kamon_50_L.g1t
0xAC15F9EA, icon_kamon_50_L.texinfo
0x76A2D39A, 90_L_RAKUMEI_01_1.kidsobjdb
0x5306DA25, 90_L_RAKUMEI_01_1.g1t
0x76DE135B, CC_HAIR_P12_0001_2.kidsobjdb
0x771C0CD7, CC_HAIR_P12_0001_2.g1t
0x76F2FE34, area_level_icon_1.kidsobjdb
0x9D322F49, area_level_icon_1.g1t
0x0C4571FE, area_level_icon_1.texinfo
0x7710A5EB, 90_L_EDO_FINAL_1.kidsobjdb
0x47B5D865, 90_L_EDO_FINAL_1.g1t
0x773262B4, 90_P_sticker_kanji_44_1.kidsobjdb
0x5467C3C9, 90_P_sticker_kanji_44_1.g1t
0x7761CC79, 90_M_EV7101_1.kidsobjdb
0x995FE553, 90_M_EV7101_1.g1t
0x78022623, BASE_F_00.kidsobjdb
0xF6E9E827, BASE_F_00.g1t
0xDF998BDC, BASE_F_00.texinfo
0x780C27F2, CC_HAIR_P21_0000_1.kidsobjdb
0xD4240AC5, CC_HAIR_P21_0000_1.g1t
0xBDE28EEC, CC_HAIR_P21_0000_1.texinfo
0x7827348A, 90_T_ENEMY_EREA.kidsobjdb
0xF9FFDC05, 90_T_ENEMY_EREA.g1t
0xA5273A22, 90_T_ENEMY_EREA.texinfo
0x789C4170, pause_1.kidsobjdb
0x11FAD943, pause_12.g1t
0x38548EF8, pause_12.texinfo
0xC50464BF, pause_13.g1t
0xEC73FC74, pause_13.texinfo
0x38A72FEA, pause_14.g1t
0xEE173A1F, pause_14.texinfo
0xCC621029, pause_15.g1t
0x6CD9E2DE, pause_15.texinfo
0x804CAEAB, pause_16.g1t
0xD56D7060, pause_16.texinfo
0xCF6AC13A, pause_17.g1t
0x6B11A36F, pause_17.texinfo
0xAA5F1D59, pause_18.g1t
0xBE2CD80E, pause_18.texinfo
0x140BBA36, pause_19.g1t
0x1455BE6B, pause_19.texinfo
0x3187D169, pause_20.g1t
0x5ABD041E, pause_20.texinfo
0x8D0A8FC6, pause_21.g1t
0x9FCF4BFB, pause_21.texinfo
0xAE0821F1, pause_22.g1t
0x0611D0A6, pause_22.texinfo
0xAB987343, pause_23.g1t
0x359528F8, pause_23.texinfo
0x79156F93, CC_TEMPLATE_F_0000.kidsobjdb
0xD6139347, CC_TEMPLATE_F_0000.g1t
0x6DB8A6FC, CC_TEMPLATE_F_0000.texinfo
0x7966CD40, logo_ftb_1.kidsobjdb
0x575ADCF1, logo_ftb_1.g1t
0x7987BF62, 90_P_sticker_kanji_60_1.kidsobjdb
0x17F5B9B5, 90_P_sticker_kanji_60_1.g1t
0x7A40139D, 90_P_sticker_kanji_32.kidsobjdb
0xA2F31DEB, 90_P_sticker_kanji_32.g1t
0x1587297C, 90_P_sticker_kanji_32.texinfo
0x7A4FB64D, key_btn_0.kidsobjdb
0x634C4ACD, key_btn_0.g1t
0xB91E2B82, key_btn_0.texinfo
0x7A87EAEB, 90_E_GOKUREISEKI.kidsobjdb
0xCF75378D, 90_E_GOKUREISEKI.g1t
0xECA5559A, 90_E_GOKUREISEKI.texinfo
0x7B0C1E75, 90_P_sticker_kanji_23_1.kidsobjdb
0x83CDA28B, 90_P_sticker_kanji_23_1.g1t
0x7B37DD77, sub_8_shortcut_pop_A.kidsobjdb
0xDA784F0F, sub_8_shortcut_pop_A.g1t
0xF64A3EC4, sub_8_shortcut_pop_A.texinfo
0x7B603D9A, 90_M_EV6101_1.kidsobjdb
0x4E433C15, 90_M_EV6101_1.g1t
0x7B9F961F, choice_base_ninja.kidsobjdb
0x4497F31F, choice_base_ninja.g1t
0x40D95AD4, choice_base_ninja.texinfo
0x7BB2A816, cursor_bg_ninja_1.kidsobjdb
0x23E07D05, cursor_bg_ninja_1.g1t
0xD35E81BA, cursor_bg_ninja_1.texinfo
0x7BF2A98F, 90_M_EV3104AB_1.kidsobjdb
0x6CB6214F, 90_M_EV3104AB_1.g1t
0x7C4DF692, 90_P_frame_focus_white.kidsobjdb
0xDC3EBC6D, 90_P_frame_focus_white.g1t
0x9BE694BA, 90_P_frame_focus_white.texinfo
0x7C62A72E, 90_T_DUMMY_1.kidsobjdb
0x5F9E3EED, 90_T_DUMMY_1.g1t
0x7CBBDB1C, 90_P_sticker_kanji_19_1.kidsobjdb
0x1CFF2699, 90_P_sticker_kanji_19_1.g1t
0x7CC4971E, 90_E_HELL.kidsobjdb
0xE45972FA, 90_E_HELL.texinfo
0x7D43ACD1, icon_kamon_46_L.kidsobjdb
0xC132D883, icon_kamon_46_L.g1t
0x80FAEE38, icon_kamon_46_L.texinfo
0x7DD84760, 90_P_sticker_kanji_40_1.kidsobjdb
0x17965B31, 90_P_sticker_kanji_40_1.g1t
0x7E909B9B, 90_P_sticker_kanji_12.kidsobjdb
0xA293BF67, 90_P_sticker_kanji_12.g1t
0x30312480, 90_P_sticker_kanji_12.texinfo
0x7EE5DA36, 90_P_sticker_kanji_02_1.kidsobjdb
0xB333814D, 90_P_sticker_kanji_02_1.g1t
0x7EE92BE6, 90_P_sticker_sp_fire2.kidsobjdb
0xF68B60AD, 90_P_sticker_sp_fire2.g1t
0xC91F5162, 90_P_sticker_sp_fire2.texinfo
0x7F1FBFB6, 90_P_frame_cheki_hor.kidsobjdb
0x7F80C105, 90_P_frame_cheki_hor.g1t
0x1D3CC5BA, 90_P_frame_cheki_hor.texinfo
0x7F2B8052, 90_M_EV2310_1.kidsobjdb
0x3DF49B95, 90_M_EV2310_1.g1t
0x7F5EAEBB, 90_M_EV5101_1.kidsobjdb
0x032692D7, 90_M_EV5101_1.g1t
0x7F96C796, 90_L_RAJOMON_1.kidsobjdb
0x228814ED, 90_L_RAJOMON_1.g1t
0x7FB69756, 90_L_YASAKA.kidsobjdb
0x3807DB9D, 90_L_YASAKA.g1t
0xDAA4FF8A, 90_L_YASAKA.texinfo
0x7FD471DD, cmn_List_BG.kidsobjdb
0x6CEB3865, cmn_List_BG.g1t
0xD7DC8D1A, cmn_List_BG.texinfo
0x7FEF4E20, 90_M_EV4201A_1.kidsobjdb
0x65D99D45, 90_M_EV4201A_1.g1t
0x7FF11AB0, 90_M_EV3103AB_1.kidsobjdb
0x2B0E53D1, 90_M_EV3103AB_1.g1t
0x802C8169, 90_L_HITOKOTO.kidsobjdb
0x2F38DC73, 90_L_HITOKOTO.g1t
0xB37D7A28, 90_L_HITOKOTO.texinfo
0x80D74E52, CC_BEARD_00_M_0001.kidsobjdb
0x8B3ABC85, CC_BEARD_00_M_0001.g1t
0x7C8D013A, CC_BEARD_00_M_0001.texinfo
0x80F11FFE, equip_tab_arrow_ninja.kidsobjdb
0x5BE47005, equip_tab_arrow_ninja.g1t
0xB230F4BA, equip_tab_arrow_ninja.texinfo
0x81274C69, icon_kamon_71_L_1.kidsobjdb
0x830DB7B3, icon_kamon_71_L_1.g1t
0x8131A085, 90_T_DOKO_MISSION_02_1.kidsobjdb
0xEA614865, 90_T_DOKO_MISSION_02_1.g1t
0x81407246, effects_mission_failed.kidsobjdb
0xB3059705, effects_mission_failed.g1t
0xB6669BBA, effects_mission_failed.texinfo
0x81706E87, 90_P_sticker_kanji_100.kidsobjdb
0x05CC2DE5, 90_P_sticker_kanji_100.g1t
0x8446C29A, 90_P_sticker_kanji_100.texinfo
0x8177020C, 90_P_sticker_kanji_91_1.kidsobjdb
0xD2CCC079, 90_P_sticker_kanji_91_1.g1t
0x8180B233, icon_kamon_15_L_1.kidsobjdb
0x3A08DB47, icon_kamon_15_L_1.g1t
0x82045688, area_name_DAIDAIRI.kidsobjdb
0x33728181, area_name_DAIDAIRI.g1t
0xBA72B126, area_name_DAIDAIRI.texinfo
0x8228CF5E, 90_P_sticker_kanji_20_1.kidsobjdb
0x1736FCAD, 90_P_sticker_kanji_20_1.g1t
0x8246AA36, 90_M_EV6420.kidsobjdb
0x17F0F15D, 90_M_EV6420.g1t
0x542BF1CA, 90_M_EV6420.texinfo
0x828C6B77, 90_P_sticker_sp_blood1_1.kidsobjdb
0xE0F49FE5, 90_P_sticker_sp_blood1_1.g1t
0x829C5F2C, rakumei_body.kidsobjdb
0xA0E020B9, rakumei_body.g1t
0xB98AD2EE, rakumei_body.texinfo
0x8326BEB3, 90_P_sticker_kanji_87_1.kidsobjdb
0x6BFE4487, 90_P_sticker_kanji_87_1.g1t
0x83414055, btn_batsu.kidsobjdb
0x90D9079B, btn_batsu.g1t
0xA543D150, btn_batsu.texinfo
0x835D1FDC, 90_M_EV4101_1.kidsobjdb
0xB809E999, 90_M_EV4101_1.g1t
0x8377BD47, 90_L_HITOKOTO_1.kidsobjdb
0x2C72F6BF, 90_L_HITOKOTO_1.g1t
0x83AAA4D4, icon_item_kyoten_1.kidsobjdb
0x5CAB7A45, icon_item_kyoten_1.g1t
0x772AAAE2, icon_item_kyoten_1.texinfo
0x83B27B9D, amurita_window.kidsobjdb
0x025E461B, amurita_window.g1t
0x3D05CFD0, amurita_window.texinfo
0x83C0D79C, 90_M_EV6301_1.kidsobjdb
0x7F343919, 90_M_EV6301_1.g1t
0x83DBC145, 90_E_GOKUREISEKI_1.kidsobjdb
0xB26C40E5, 90_E_GOKUREISEKI_1.g1t
0x841B3BBC, CC_EYELASH_0000_2.kidsobjdb
0xADE6C2AD, CC_EYELASH_0000_2.g1t
0x84923FE9, Dummy_mission_stage.kidsobjdb
0x6C644B43, Dummy_mission_stage.g1t
0x4540C924, Dummy_mission_stage.texinfo
0x84DB9488, PRESET_PUPIL_L_M_01_1.kidsobjdb
0x497C39AD, PRESET_PUPIL_L_M_01_1.g1t
0x15FBAA62, PRESET_PUPIL_L_M_01_1.texinfo
0x84F612EA, 90_M_EV2405BC_1.kidsobjdb
0x54D422C5, 90_M_EV2405BC_1.g1t
0x852F5246, area_level_icon_2.kidsobjdb
0x611B7305, area_level_icon_2.g1t
0x6E2E77BA, area_level_icon_2.texinfo
0x8550BDCD, 90_P_sticker_kanji_70.kidsobjdb
0x02329F3B, 90_P_sticker_kanji_70.g1t
0x1AC898F0, 90_P_sticker_kanji_70.texinfo
0x856451CB, icon_kamon_40_L.kidsobjdb
0xFBE3BA77, icon_kamon_40_L.g1t
0x53C1B62C, icon_kamon_40_L.texinfo
0x85AAC1F8, 90_T_COMPASS_1.kidsobjdb
0x58FF9C45, 90_T_COMPASS_1.g1t
0x866E2583, icon_skill_clear.kidsobjdb
0xF46C3CE7, icon_skill_clear.g1t
0xF663809C, icon_skill_clear.texinfo
0x87007A74, 90_P_sticker_kanji_66.kidsobjdb
0x9B642349, 90_P_sticker_kanji_66.g1t
0xF85D65FE, 90_P_sticker_kanji_66.texinfo
0x875B90FD, 90_M_EV3101_1.kidsobjdb
0x6CED405B, 90_M_EV3101_1.g1t
0x878F28D5, paused.kidsobjdb
0xE35FC7A5, paused.g1t
0x41E26B91, paused.texinfo
0x472AC4BB, paused_1.g1t
0x6DE13F72, paused_2.g1t
0x32E40C26, paused_3.g1t
0x3848CF6D, paused_4.g1t
0x12BA78D5, paused_5.g1t
0xEDD38102, paused_6.g1t
0xC2C2D976, paused_7.g1t
0x777D063F, paused_8.g1t
0x093BEFA7, paused_9.g1t
0x5923EC3F, paused_10.g1t
0x515554A8, paused_1.texinfo
0x882A3724, equip_cursor_ninja_1.kidsobjdb
0xF3A184AD, equip_cursor_ninja_1.g1t
0x46837562, equip_cursor_ninja_1.texinfo
0x8835A010, icon_kamon_67_L.kidsobjdb
0xA6450301, icon_kamon_67_L.g1t
0xE3D7A9B6, icon_kamon_67_L.texinfo
0x886BEE5F, info_total_weight_2_1.kidsobjdb
0x924E82DF, info_total_weight_2_1.g1t
0xAD420A94, info_total_weight_2_1.texinfo
0x887719C8, 90_T_MAREBITO_GUEST_1.kidsobjdb
0x312A3B81, 90_T_MAREBITO_GUEST_1.g1t
0x88965A4E, base_plate_weapon_1_1.kidsobjdb
0x79BA508D, base_plate_weapon_1_1.g1t
0x39935142, base_plate_weapon_1_1.texinfo
0x88EEDB33, aging_f_eye.kidsobjdb
0x374178E5, aging_f_eye.g1t
0x141E8D9A, aging_f_eye.texinfo
0x89459763, yashiro_title_01.kidsobjdb
0xFFDDCCB7, yashiro_title_01.g1t
0xCBE8A86C, yashiro_title_01.texinfo
0x898618A6, CC_OUTLINE_F_0000_3.kidsobjdb
0xAECB7D3D, CC_OUTLINE_F_0000_3.g1t
0xF3DEA5F2, CC_OUTLINE_F_0000_3.texinfo
0x89977947, rarity_item_01_1.kidsobjdb
0x638EB98D, rarity_item_01_1.g1t
0xE10B3A42, rarity_item_01_1.texinfo
0x89FD8753, 90_L_HAMAMATSU.kidsobjdb
0xF4DA4A4D, 90_L_HAMAMATSU.g1t
0x99A9AADA, 90_L_HAMAMATSU.texinfo
0x8A4D3EB1, CC_HAIR_B00_0001_1.kidsobjdb
0xFEE3C665, CC_HAIR_B00_0001_1.g1t
0x8A8D0AA3, 90_M_EV2403.kidsobjdb
0x23DFDEA7, 90_M_EV2403.g1t
0x1BB0425C, 90_M_EV2403.texinfo
0x8AAF8F5D, CC_TEMPLATE_F_0000_1.kidsobjdb
0xB18BD06B, CC_TEMPLATE_F_0000_1.g1t
0x2AC5B220, CC_TEMPLATE_F_0000_1.texinfo
0x8AD14C16, KTGlogo.kidsobjdb
0x7D670096, KTGlogo.g1t
0x50BA0071, KTGlogo.texinfo
0x5C4C8A0D, KTGlogo_1.g1t
0x8ADA3635, 90_P_sticker_kanji_45.kidsobjdb
0xCACA020B, 90_P_sticker_kanji_45.g1t
0x305213C0, 90_P_sticker_kanji_45.texinfo
0x8AED6BD3, base_reward_icon_a.kidsobjdb
0xE4C99717, base_reward_icon_a.g1t
0x672842CC, base_reward_icon_a.texinfo
0x8B3795CC, 90_P_sticker_chara_04_1.kidsobjdb
0x18FDC709, 90_P_sticker_chara_04_1.g1t
0x8B5A021E, 90_M_EV2101_1.kidsobjdb
0x21D0971D, 90_M_EV2101_1.g1t
0x8B5FEBDD, 90_L_HAMAMATSU_1.kidsobjdb
0x5F6D3625, 90_L_HAMAMATSU_1.g1t
0x8B673F87, CC_SKIN_M_0000.kidsobjdb
0x926ADBCD, CC_SKIN_M_0000.g1t
0x248C3C82, CC_SKIN_M_0000.texinfo
0x8BE90B23, CONTINUE.kidsobjdb
0xB3FB6DE9, CONTINUE.g1t
0xDB658067, CONTINUE.texinfo
0x9EAE07CF, CONTINUE_1.g1t
0xC566690F, CONTINUE_2.g1t
0x5D743D97, CONTINUE_3.g1t
0x1E333010, CONTINUE_4.g1t
0x8EB0C05C, CONTINUE_5.g1t
0x3193E960, CONTINUE_6.g1t
0xBE203751, CONTINUE_7.g1t
0x62212CFF, CONTINUE_8.g1t
0x8C21719E, 90_M_EV6501_1.kidsobjdb
0xB025361D, 90_M_EV6501_1.g1t
0x8C3A7C1E, 90_L_DOJO_1.kidsobjdb
0x49CF2F1D, 90_L_DOJO_1.g1t
0x8C72A572, icon_kamon_36_L_1.kidsobjdb
0x1F1B05C5, icon_kamon_36_L_1.g1t
0x8C8A1031, 90_M_EV4103AB_1.kidsobjdb
0x399FA713, 90_M_EV4103AB_1.g1t
0x8CC239EA, eyebrow_0001_2.kidsobjdb
0x1146FD6D, eyebrow_0001_2.g1t
0x8CFC8FEE, 90_M_EV3303AB_1.kidsobjdb
0xB2407DCD, 90_M_EV3303AB_1.g1t
0x8D8101FF, CC_HAIR_P11_0000_2.kidsobjdb
0x289962EF, CC_HAIR_P11_0000_2.g1t
0x63FE62A4, CC_HAIR_P11_0000_2.texinfo
0x8E45322F, CC_HAIR_B01_0002_1.kidsobjdb
0x54B736CD, CC_HAIR_B01_0002_1.g1t
0x8EB3F1F6, 90_P_sticker_kanji_24.kidsobjdb
0xFA2FE0CD, 90_P_sticker_kanji_24.g1t
0x6846C182, 90_P_sticker_kanji_24.texinfo
0x8EBF1872, CC_EYE_0000_1.kidsobjdb
0xCCD67E6D, CC_EYE_0000_1.g1t
0x25258F22, CC_EYE_0000_1.texinfo
0x8F2A62C2, 90_L_HAZAMA.kidsobjdb
0x64F5BA65, 90_L_HAZAMA.g1t
0xE2D60F1A, 90_L_HAZAMA.texinfo
0x8F753072, CC_EAR_M_0000.kidsobjdb
0x9DEB2485, CC_EAR_M_0000.g1t
0x70C9693A, CC_EAR_M_0000.texinfo
0x8FBC2AFF, 90_M_EV3301_1.kidsobjdb
0x9DDE3D5F, 90_M_EV3301_1.g1t
0x8FDAE923, CC_EYE_F_0000_1.kidsobjdb
0x586679B7, CC_EYE_F_0000_1.g1t
0x2652D56C, CC_EYE_F_0000_1.texinfo
0x9056450A, icon_kamon_61_L.kidsobjdb
0xE0F5E4F5, icon_kamon_61_L.g1t
0xB69E71AA, icon_kamon_61_L.texinfo
0x90AFAAD4, icon_kamon_05_L.kidsobjdb
0x97F10889, icon_kamon_05_L.g1t
0x6D75AB3E, icon_kamon_05_L.texinfo
0x916D80CC, 90_M_EV2502AB_1.kidsobjdb
0xE9398709, 90_M_EV2502AB_1.g1t
0x91E40C55, 90_P_frame_style_japanese.kidsobjdb
0x806CE3DB, 90_P_frame_style_japanese.g1t
0x788FD58C, 90_P_frame_style_japanese.texinfo
0x92160DC4, CC_HAIR_P01_0001_1.kidsobjdb
0x73AC2679, CC_HAIR_P01_0001_1.g1t
0x2F4276FC, CC_HAIR_P01_0001_1.texinfo
0x928633AA, CC_MOUTH_F_0000.kidsobjdb
0x42C4B885, CC_MOUTH_F_0000.g1t
0x26B8FD3A, CC_MOUTH_F_0000.texinfo
0x928DADB7, 90_P_sticker_kanji_03_1.kidsobjdb
0x2995BF8F, 90_P_sticker_kanji_03_1.g1t
0x92B8DC57, CC_EAR_F_0000.kidsobjdb
0xCC78700D, CC_EAR_F_0000.g1t
0xB935B0C2, CC_EAR_F_0000.texinfo
0x9342DF38, 90_P_frame_kakejiku_02_1.kidsobjdb
0xFBE321AD, 90_P_frame_kakejiku_02_1.g1t
0x9380AED2, equip_tab_arrow_ninja_1.kidsobjdb
0xFAE05C6D, equip_tab_arrow_ninja_1.g1t
0x5F106D22, equip_tab_arrow_ninja_1.texinfo
0x93D2C86F, frame.kidsobjdb
0x507CFA25, frame.g1t
0x35376EDA, frame.texinfo
0x9431E0FD, line_u_ninja.kidsobjdb
0xE9D0209B, line_u_ninja.g1t
0x0B066A50, line_u_ninja.texinfo
0x94934A6C, icon_kamon_30_L.kidsobjdb
0x59CBE7B9, icon_kamon_30_L.g1t
0xFB6D726E, icon_kamon_30_L.texinfo
0x9500989C, 90_T_SUNEKOSURI_1.kidsobjdb
0x8DD1C419, 90_T_SUNEKOSURI_1.g1t
0x951ED58D, 90_P_sticker_kanji_92_1.kidsobjdb
0x492EFEBB, 90_P_sticker_kanji_92_1.g1t
0x9524F2A1, 90_P_frame_black.kidsobjdb
0xD2662465, 90_P_frame_black.g1t
0xEE01791A, 90_P_frame_black.texinfo
0x956BFC3F, CC_HAIR_P50_0002.kidsobjdb
0x85B2F2AF, CC_HAIR_P50_0002.g1t
0x764A1264, CC_HAIR_P50_0002.texinfo
0x95852DF9, CC_ACC_EAR_0000_2.kidsobjdb
0xDE0BEDCD, CC_ACC_EAR_0000_2.g1t
0x95E0210C, aging_m_eye.kidsobjdb
0x1D852745, aging_m_eye.g1t
0xBA240BFA, aging_m_eye.texinfo
0x964E38FA, 90_L_YASAKA_1.kidsobjdb
0xF32E62D5, 90_L_YASAKA_1.g1t
0x967705E5, 90_P_frame_white_thin_1.kidsobjdb
0xD5D30C7B, 90_P_frame_white_thin_1.g1t
0x96775E7F, CC_OUTLINE_M_0000_2.kidsobjdb
0xEF34472F, CC_OUTLINE_M_0000_2.g1t
0xDE0D26E4, CC_OUTLINE_M_0000_2.texinfo
0x96CE9234, 90_P_sticker_kanji_88_1.kidsobjdb
0xE26082C9, 90_P_sticker_kanji_88_1.g1t
0x96D892A0, 90_P_frame_film_1.kidsobjdb
0xD6ECA821, 90_P_frame_film_1.g1t
0x97133FDB, 90_P_sticker_sp_sakura2_1.kidsobjdb
0x83E545A7, 90_P_sticker_sp_sakura2_1.g1t
0x976498B1, icon_kamon_57_L.kidsobjdb
0x042D3043, icon_kamon_57_L.g1t
0x8B8365F8, icon_kamon_57_L.texinfo
0x978C2967, test_01_1.kidsobjdb
0x18D8B73F, test_01_1.g1t
0x97A0D536, CC_TEMPLATE_M_0000.kidsobjdb
0xF1F49A5D, CC_TEMPLATE_M_0000.g1t
0x14F43312, CC_TEMPLATE_M_0000.texinfo
0x97EFB75D, base_reward_icon_a_1.kidsobjdb
0xD8063D1B, base_reward_icon_a_1.g1t
0x7FDA46D0, base_reward_icon_a_1.texinfo
0x98E72CD8, 90_E_REIJU.kidsobjdb
0xF432D87A, 90_E_REIJU.texinfo
0x98F8914E, 90_P_sticker_kanji_71.kidsobjdb
0x7894DD7D, 90_P_sticker_kanji_71.g1t
0xFD7DE632, 90_P_sticker_kanji_71.texinfo
0x992F5899, skill_caption_base_ninja.kidsobjdb
0x335AA0CD, skill_caption_base_ninja.g1t
0x8E118182, skill_caption_base_ninja.texinfo
0x993A0FC4, 2d_barcode_demo_01.kidsobjdb
0xBD9F4F2D, 2d_barcode_demo_01.g1t
0xC2FF69FA, 2d_barcode_demo_01.texinfo
0x99A1EDB6, 90_M_EV3230.kidsobjdb
0xE027385D, 90_M_EV3230.g1t
0x76A7CACA, 90_M_EV3230.texinfo
0x9A10ED54, CC_EYE_M_0000_1.kidsobjdb
0xDC332089, CC_EYE_M_0000_1.g1t
0x12EBC33E, CC_EYE_M_0000_1.texinfo
0x9A1ECBDF, 90_T_MISSIONAREA.kidsobjdb
0x8C6E3E0D, 90_T_MISSIONAREA.g1t
0x8D2FFF1A, 90_T_MISSIONAREA.texinfo
0x9A44AF1A, CC_TEMPLATE_M_0000_1.kidsobjdb
0x38782C15, CC_TEMPLATE_M_0000_1.g1t
0x676828CA, CC_TEMPLATE_M_0000_1.texinfo
0x9AA84DF5, 90_P_sticker_kanji_67_1.kidsobjdb
0x11C6618B, 90_P_sticker_kanji_67_1.g1t
0x9AC7CBD1, 90_T_MISSIONAREA_1.kidsobjdb
0xA9C7AA65, 90_T_MISSIONAREA_1.g1t
0x9AF3DD8A, muscle_f_arm.kidsobjdb
0x1BCD40AA, muscle_f_arm.texinfo
0x9B640381, CC_HAIR_B01_0002_2.kidsobjdb
0x0D92F9A5, CC_HAIR_B01_0002_2.g1t
0x7041AE5A, CC_HAIR_B01_0002_1.texinfo
0x9B8386BC, 90_P_sticker_txt_01_1.kidsobjdb
0x6E511959, 90_P_sticker_txt_01_1.g1t
0x9BA19E13, icon_kamon_26_L.kidsobjdb
0x7D033307, icon_kamon_26_L.g1t
0xD05266BC, icon_kamon_26_L.texinfo
0x9BD376FC, CC_HAIR_P90_0000_3.kidsobjdb
0xA673032D, CC_HAIR_P90_0000_3.g1t
0x9C1B3622, 90_M_EV2501_1.kidsobjdb
0x83B29125, 90_M_EV2501_1.g1t
0x9CD24D0F, 90_P_sticker_kanji_50.kidsobjdb
0xA7FABC3F, 90_P_sticker_kanji_50.g1t
0x357293F4, 90_P_sticker_kanji_50.texinfo
0x9D2176D3, 90_M_EV5102AB.kidsobjdb
0x06892CD7, 90_M_EV5102AB.g1t
0xB13AB910, 90_M_EV5102AB.texinfo
0x9D37F8AE, 90_P_frame_cheki_vert.kidsobjdb
0xBC03243D, 90_P_frame_cheki_vert.g1t
0xBEEACCF2, 90_P_frame_cheki_vert.texinfo
0x9D3E1E33, 90_L_SAIGA.kidsobjdb
0x2E7D39CD, 90_L_SAIGA.g1t
0xCF424B5A, 90_L_SAIGA.texinfo
0x9E48F249, CC_TEETH_F_0000_1.kidsobjdb
0x9B7AB00D, CC_TEETH_F_0000_1.g1t
0xBD17F0C2, CC_TEETH_F_0000_1.texinfo
0x9E8209B6, 90_P_sticker_kanji_46.kidsobjdb
0x412C404D, 90_P_sticker_kanji_46.g1t
0x13076102, 90_P_sticker_kanji_46.texinfo
0x9EA6E699, basic_info_base_l_ninja.kidsobjdb
0x248E4423, basic_info_base_l_ninja.g1t
0xAB7789D8, basic_info_base_l_ninja.texinfo
0x9EED503E, 90_P_sticker_kanji_97.kidsobjdb
0x40F0566D, 90_P_sticker_kanji_97.g1t
0x3313BABA, 90_P_sticker_kanji_97.texinfo
0x9EFC6B29, cheek_0000_2.kidsobjdb
0xAD28C325, cheek_0000_2.g1t
0x54D6B7DA, cheek_0000_1.texinfo
0x9F777983, CC_MOUTH_M_0000.kidsobjdb
0x290866E5, CC_MOUTH_M_0000.g1t
0xCCBE7B9A, CC_MOUTH_M_0000.texinfo
0x9F853DAB, icon_kamon_51_L.kidsobjdb
0x5E4A2DEC, icon_kamon_51_L.texinfo
0x9FA5A479, 90_P_sticker_kanji_69.kidsobjdb
0xCBEDBAA3, 90_P_sticker_kanji_69.g1t
0xA07D4DC4, 90_P_sticker_kanji_69.texinfo
0xA01CB4DA, CC_HAIR_B01_0002_3.kidsobjdb
0x93701C85, CC_HAIR_B01_0002_3.g1t
0xA0A9C1CC, 2d_barcode_demo_01_1.kidsobjdb
0x26BF8545, 2d_barcode_demo_01_1.g1t
0xA0B678BB, 90_E_NIOH2_1.kidsobjdb
0xA11A64D2, chara_BENKEI_icon.kidsobjdb
0x0D86EF85, chara_BENKEI_icon.g1t
0xC787B43A, chara_BENKEI_icon.texinfo
0xA18457D5, 90_E_AKAZONAE_1.kidsobjdb
0xB1FB3F5B, 90_E_AKAZONAE_1.g1t
0xA199C31B, paused_1.kidsobjdb
0x79C31D05, paused_11.g1t
0x7016F2E0, paused_12.g1t
0x2E965A8B, paused_13.g1t
0xD0E279AC, paused_14.g1t
0xB0B28750, paused_15.g1t
0x62C47CF7, paused_16.g1t
0x2998EA5C, paused_17.g1t
0xF421F6F3, paused_18.g1t
0x5FC299CD, paused_19.g1t
0x96FA9CF3, paused_20.g1t
0x0AB41A9D, paused_21.g1t
0xA1E6F2A3, popup_base_window_B.kidsobjdb
0x25523727, popup_base_window_B.g1t
0xF3425ADC, popup_base_window_B.texinfo
0xA25BC577, 90_P_sticker_kanji_25.kidsobjdb
0x70921F0F, 90_P_sticker_kanji_25.g1t
0x4AFC0EC4, 90_P_sticker_kanji_25.texinfo
0xA25D4218, CC_HAIR_P50_0002_1.kidsobjdb
0xC61BBCA1, CC_HAIR_P50_0002_1.g1t
0xA25E6BEA, 90_P_sticker_sp_fire2_1.kidsobjdb
0xDA476CC5, 90_P_sticker_sp_fire2_1.g1t
0xA33DD83C, 90_P_sticker_kanji_77_1.kidsobjdb
0x4090F7E9, 90_P_sticker_kanji_77_1.g1t
0xA38C23C5, base_plate_shortcut_A.kidsobjdb
0xE95B982B, base_plate_shortcut_A.g1t
0xE1EB99E0, base_plate_shortcut_A.texinfo
0xA3C2430D, icon_kamon_20_L.kidsobjdb
0xB7B414FB, icon_kamon_20_L.g1t
0xA3192EB0, icon_kamon_20_L.texinfo
0xA3F62C77, 90_P_sticker_kanji_49.kidsobjdb
0xCB8E5C1F, 90_P_sticker_kanji_49.g1t
0xBB2748C8, 90_P_sticker_kanji_49.texinfo
0xA55B3ACD, 90_T_DOKO_STORY_03_1.kidsobjdb
0x29285BA5, 90_T_DOKO_STORY_03_1.g1t
0xA56944FF, CC_HAIR_B00_0001_2.kidsobjdb
0xDE27A20D, CC_HAIR_B00_0001_2.g1t
0x1BFBE2C2, CC_HAIR_B00_0001_1.texinfo
0xA5A42310, CC_TEETH_M_0000_1.kidsobjdb
0x619C9DAD, CC_TEETH_M_0000_1.g1t
0x9F4A0E62, CC_TEETH_M_0000_1.texinfo
0xA5E2E215, skill_category_icon_not_open.kidsobjdb
0x681E988D, skill_category_icon_not_open.g1t
0x4C939942, skill_category_icon_not_open.texinfo
0xA6774A30, 90_M_EV2202_1.kidsobjdb
0xD1F1D651, 90_M_EV2202_1.g1t
0xA6939152, icon_kamon_47_L.kidsobjdb
0x62155D85, icon_kamon_47_L.g1t
0x332F223A, icon_kamon_47_L.texinfo
0xA6D60BFF, 90_P_sticker_kanji_85_1.kidsobjdb
0xB534352F, 90_P_sticker_kanji_85_1.g1t
0xA6EB1DB5, 90_L_MIKATA_HELL.kidsobjdb
0xD114AEE5, 90_L_MIKATA_HELL.g1t
0x8566C39A, 90_L_MIKATA_HELL.texinfo
0xA78E603A, 90_P_sticker_kanji_57_1.kidsobjdb
0x40319965, 90_P_sticker_kanji_57_1.g1t
0xA8C6A90E, 90_P_sticker_kanji_93.kidsobjdb
0xBF913CFD, 90_P_sticker_kanji_93.g1t
0xA83E85B2, 90_P_sticker_kanji_93.texinfo
0xA8C6F25B, lip_0000_3.kidsobjdb
0xCA8A748D, lip_0000_3.g1t
0xA96503CC, CC_HAIR_P01_0001_2.kidsobjdb
0x8711DA79, CC_HAIR_P01_0001_2.g1t
0xA987D45C, 90_L_SHIMABARA_1.kidsobjdb
0x4D592845, 90_L_SHIMABARA_1.g1t
0xA98AE8BB, icon_jigoku_weapon_1.kidsobjdb
0x0ADB4D4D, icon_jigoku_weapon_1.g1t
0x2467EE02, icon_jigoku_weapon_1.texinfo
0xA9BA6C54, 90_M_EV6102AB.kidsobjdb
0x151A8019, 90_M_EV6102AB.g1t
0x1723978E, 90_M_EV6102AB.texinfo
0xAA116640, 90_M_EV4202B.kidsobjdb
0x7A45D145, 90_M_EV4202B.g1t
0x127FB5FA, 90_M_EV4202B.texinfo
0xAA486C5C, area_level_icon_3.kidsobjdb
0xBE6883A9, area_level_icon_3.g1t
0x477A965E, area_level_icon_3.texinfo
0xAA6E3FC2, 90_P_sticker_kanji_93_1.kidsobjdb
0x29D77275, 90_P_sticker_kanji_93_1.g1t
0xAA75BB51, 90_M_EV2201_1.kidsobjdb
0x86D52D13, 90_M_EV2201_1.g1t
0xAA7665B5, 90_P_sticker_kanji_89.kidsobjdb
0x58C2C10B, 90_P_sticker_kanji_89.g1t
0x85D352C0, 90_P_sticker_kanji_89.texinfo
0xAA7730EA, icon_kamon_72_L_1.kidsobjdb
0x23F03CB5, icon_kamon_72_L_1.g1t
0xAAD096B4, icon_kamon_16_L_1.kidsobjdb
0xDAEB6049, icon_kamon_16_L_1.g1t
0xAB62286C, icon_marebito_PC1.kidsobjdb
0x664082B9, icon_marebito_PC1.g1t
0x361C8D6E, icon_marebito_PC1.texinfo
0xAB6A4859, CC_EAR_F_0000_1.kidsobjdb
0x0C383865, CC_EAR_F_0000_1.g1t
0x08A98D1A, CC_EAR_F_0000_1.texinfo
0xAB85DD2C, 90_M_EV2404.kidsobjdb
0x784EEA49, 90_M_EV2404.g1t
0x283C575E, 90_M_EV2404.texinfo
0xABCAD488, area_name_DAIDAIRI_1.kidsobjdb
0x92ED4271, area_name_DAIDAIRI_1.g1t
0xABCB3E52, bace_info_01.kidsobjdb
0x4FB97985, bace_info_01.g1t
0x39653E3A, bace_info_01.texinfo
0xABDEE838, 90_P_sticker_kanji_37_1.kidsobjdb
0x3FD23AE1, 90_P_sticker_kanji_37_1.g1t
0xABEDB102, cheek_0000_3.kidsobjdb
0x936C7185, cheek_0000_3.g1t
0xAC2A13F4, 90_P_sticker_Logo_KT_jp.kidsobjdb
0xD74D14C9, 90_P_sticker_Logo_KT_jp.g1t
0x4B71977E, 90_P_sticker_Logo_KT_jp.texinfo
0xAC973C73, 90_P_sticker_kanji_09_1.kidsobjdb
0xCACF9F17, 90_P_sticker_kanji_09_1.g1t
0xACA064CF, 90_P_sticker_kanji_72.kidsobjdb
0xEEF71BBF, 90_P_sticker_kanji_72.g1t
0xE0333374, 90_P_sticker_kanji_72.texinfo
0xAD6A12AD, EYEBROW_0001_3.kidsobjdb
0x910628A5, EYEBROW_0001_3.g1t
0x98855D5A, EYEBROW_0001_2.texinfo
0xAD6BA303, CC_OUTLINE_M_0000_3.kidsobjdb
0xC6450625, CC_OUTLINE_M_0000_3.g1t
0x30197ADA, CC_OUTLINE_M_0000_3.texinfo
0xAE502176, 90_P_sticker_kanji_68_1.kidsobjdb
0x88289FCD, 90_P_sticker_kanji_68_1.g1t
0xAEB4364C, icon_kamon_41_L.kidsobjdb
0x9CC63F79, icon_kamon_41_L.g1t
0x05F5EA2E, icon_kamon_41_L.texinfo
0xAF263B7C, CC_HAIR_P10_0000.kidsobjdb
0x05CF2869, CC_HAIR_P10_0000.g1t
0x7D80DB1E, CC_HAIR_P10_0000.texinfo
0xAF771BFB, 90_P_sticker_kanji_45_1.kidsobjdb
0xB4757827, 90_P_sticker_kanji_45_1.g1t
0xAF844E4D, 90_M_EV2403_1.kidsobjdb
0x2D32410B, 90_M_EV2403_1.g1t
0xAF9AF42C, IE_ACC_JUZU_KUKAI_icon_1.kidsobjdb
0x657989B9, IE_ACC_JUZU_KUKAI_icon_1.g1t
0x537A146E, IE_ACC_JUZU_KUKAI_icon_1.texinfo
0xAFD14181, copyright_L_1.kidsobjdb
0xC9B91B43, copyright_L_2.g1t
0x94B9A48F, copyright_L_1.texinfo
0x8E80525A, copyright_L_3.g1t
0xB02F7036, 90_P_sticker_kanji_17_1.kidsobjdb
0x3F72DC5D, 90_P_sticker_kanji_17_1.g1t
0xB07A2090, 90_P_sticker_kanji_51_1.kidsobjdb
0x1E5CFA81, 90_P_sticker_kanji_51_1.g1t
0xB0B2DD3A, 90_M_EV7102_1.kidsobjdb
0x75B2CB55, 90_M_EV7102_1.g1t
0xB1858491, icon_kamon_68_L.kidsobjdb
0x47278803, icon_kamon_68_L.g1t
0x960BDDB8, icon_kamon_68_L.texinfo
0xB1D3350A, gauge_color_GEN.kidsobjdb
0xF362E6F5, gauge_color_GEN.g1t
0xE6BA73AA, gauge_color_GEN.texinfo
0xB229DD37, 90_P_sticker_kanji_47.kidsobjdb
0xB78E7E8F, 90_P_sticker_kanji_47.g1t
0xF5BCAE44, 90_P_sticker_kanji_47.texinfo
0xB252E181, record_category_icon_action_1.kidsobjdb
0x9689C065, record_category_icon_action_1.g1t
0x7EF7151A, record_category_icon_action_1.texinfo
0xB256FB83, 90_P_sticker_kanji_81_1.kidsobjdb
0x9E1B5137, 90_P_sticker_kanji_81_1.g1t
0xB2D4B7E2, paint_b_fix_0000_1.kidsobjdb
0xFE5D046D, paint_b_fix_0000_1.g1t
0x83F91522, paint_b_fix_0000_1.texinfo
0xB2F13BAE, icon_kamon_10_L_1.kidsobjdb
0x159C423D, icon_kamon_10_L_1.g1t
0xB34A9DE6, eyebrow_0001_4.kidsobjdb
0x2CEE2F05, eyebrow_0001_4.g1t
0xB382BF6E, 90_M_EV2402_1.kidsobjdb
0xE21597CD, 90_M_EV2402_1.g1t
0xB3C377BC, sub_menu_pop_01.kidsobjdb
0x4FB820D9, sub_menu_pop_01.g1t
0x40581B8E, sub_menu_pop_01.texinfo
0xB3C7A3F9, 90_P_sticker_kanji_25_1.kidsobjdb
0xB41619A3, 90_P_sticker_kanji_25_1.g1t
0xB4D09191, 90_M_EV5103ABC_1.kidsobjdb
0xA158868D, 90_M_EV5103ABC_1.g1t
0xB5C289F3, icon_kamon_37_L.kidsobjdb
0xBFFD8AC7, icon_kamon_37_L.g1t
0xDADADE7C, icon_kamon_37_L.texinfo
0xB60398F8, 90_P_sticker_kanji_26.kidsobjdb
0xE6F45D51, 90_P_sticker_kanji_26.g1t
0x2DB15C06, 90_P_sticker_kanji_26.texinfo
0xB6A78381, 90_P_sticker_kanji_61_1.kidsobjdb
0x9DBBF2B3, 90_P_sticker_kanji_61_1.g1t
0xB6C5E192, 90_M_EV6302AB.kidsobjdb
0x9C4CAA15, 90_M_EV6302AB.g1t
0xC5897A12, 90_M_EV6302AB.texinfo
0xB6DC45FB, PRESET_HAIR_F_01_1.kidsobjdb
0x74E3B897, PRESET_HAIR_F_01_1.g1t
0x3255A44C, PRESET_HAIR_F_01_1.texinfo
0xB750F590, 90_L_GOSHO_1.kidsobjdb
0x36280DAD, 90_L_GOSHO_1.g1t
0xB75FD7BC, 90_P_sticker_kanji_33.kidsobjdb
0x28B956E9, 90_P_sticker_kanji_33.g1t
0xF83C76BE, 90_P_sticker_kanji_33.texinfo
0xB781308F, 90_M_EV2401_1.kidsobjdb
0x96F8EE8F, 90_M_EV2401_1.g1t
0xB78A52F8, cmp_direct_line.kidsobjdb
0xDD7D1651, cmp_direct_line.g1t
0xCF359506, cmp_direct_line.texinfo
0xB7B87D82, 90_M_EV2203AB.kidsobjdb
0xC2B6A2E5, 90_M_EV2203AB.g1t
0x2CEEB79A, 90_M_EV2203AB.texinfo
0xB80B191B, 90_P_frame_chara_1.kidsobjdb
0x444B5D8D, 90_P_frame_chara_1.g1t
0xB8ABEE18, skill_connect_line.kidsobjdb
0x9FF839A1, skill_connect_line.g1t
0xCDCE9056, skill_connect_line.texinfo
0xB8C72AE6, 90_L_SORANAKI_1.kidsobjdb
0xCFA431BD, 90_L_SORANAKI_1.g1t
0xB90E9DED, 90_P_frame_sakura.kidsobjdb
0xC7F5240B, 90_P_frame_sakura.g1t
0xED77FF5C, 90_P_frame_sakura.texinfo
0xB9405EE1, 90_M_EV4202A_1.kidsobjdb
0x067CFEE5, 90_M_EV4202A_1.g1t
0xB9664AFC, 90_P_frame_tecmoscope_1.kidsobjdb
0xE9591E59, 90_P_frame_tecmoscope_1.g1t
0xB96A3194, player_A_01_1.kidsobjdb
0x429D59C5, player_A_01_1.g1t
0x5ADEFE7A, player_A_01_1.texinfo
0xB96AEE18, cmp_direct_line_1.kidsobjdb
0xF1B639A1, cmp_direct_line_1.g1t
0x108C9056, cmp_direct_line_1.texinfo
0xB9A6298B, icon_kamon_62_L.kidsobjdb
0x81D869F7, icon_kamon_62_L.g1t
0x68D2A5AC, icon_kamon_62_L.texinfo
0xB9DD54B9, 90_P_sticker_kanji_05.kidsobjdb
0x165A3C13, 90_P_sticker_kanji_05.g1t
0x65A609C8, 90_P_sticker_kanji_05.texinfo
0xB9FF8F55, icon_kamon_06_L.kidsobjdb
0x38D38D8B, icon_kamon_06_L.g1t
0x1FA9DF40, icon_kamon_06_L.texinfo
0xBA0368CE, 90_M_EV1101A_1.kidsobjdb
0xF26ECFED, 90_M_EV1101A_1.g1t
0xBA064C71, PRESET_BEARD_F_01_1.kidsobjdb
0x43B9470D, PRESET_BEARD_F_01_1.g1t
0x663307C2, PRESET_BEARD_F_01_1.texinfo
0xBAF80B7F, 90_P_sticker_kanji_41_1.kidsobjdb
0x9D5C942F, 90_P_sticker_kanji_41_1.g1t
0xBB44FAB0, icon_CC_TOP_01_1.kidsobjdb
0x645B7A2D, icon_CC_TOP_01_1.g1t
0xBB567B9B, btn_batsu_1.kidsobjdb
0xB0BCCE17, btn_batsu_1.g1t
0x08A7F9CC, btn_batsu_1.texinfo
0xBB58A91D, megascans_logo_1.kidsobjdb
0xE11FB95B, megascans_logo_1.g1t
0xBBA7C2E8, eyeshadow_u_0000_1.kidsobjdb
0xCAC6F12D, eyeshadow_u_0000_1.g1t
0xFC1EA1E2, eyeshadow_u_0000_1.texinfo
0xBBB05FBA, 90_P_sticker_kanji_13_1.kidsobjdb
0x2859F865, 90_P_sticker_kanji_13_1.g1t
0xBC130D22, area_hell_DAIDAIRI.kidsobjdb
0x8DB7F26D, area_hell_DAIDAIRI.g1t
0x7FC49EBA, area_hell_DAIDAIRI.texinfo
0xBC178155, CC_HAIR_P10_0000_1.kidsobjdb
0x4637F25B, CC_HAIR_P10_0000_1.g1t
0xBC1F970F, 90_P_frame_black_1.kidsobjdb
0x8AF2040D, 90_P_frame_black_1.g1t
0xBC6E7C8F, 90_P_sticker_kanji_94.kidsobjdb
0x35F37B3F, 90_P_sticker_kanji_94.g1t
0x8AF3D2F4, 90_P_sticker_kanji_94.texinfo
0xBCAE309D, 90_M_EV4102_1.kidsobjdb
0x945CCF9B, 90_M_EV4102_1.g1t
0xBD16B740, icon_kamon_01_L_1.kidsobjdb
0xB2548971, icon_kamon_01_L_1.g1t
0xA4A4DB36, icon_kamon_01_L_1.texinfo
0xBDE32EED, icon_kamon_31_L.kidsobjdb
0xFAAE6CBB, icon_kamon_31_L.g1t
0xADA1A670, icon_kamon_31_L.texinfo
0xBDF4ABC4, 90_T_MAREBITO_HOST.kidsobjdb
0x5381CF2D, 90_T_MAREBITO_HOST.g1t
0xC14CE9FA, 90_T_MAREBITO_HOST.texinfo
0xBE524719, 90_P_frame_hell.kidsobjdb
0x71C83AC8, 90_P_frame_hell.texinfo
0xBE8B0669, icon_kamon_01_1.kidsobjdb
0xF86EDC0D, icon_kamon_01_1.g1t
0xEC161CC2, icon_kamon_01_1.texinfo
0xBEF00A5F, icon_kamon_02_L_1.kidsobjdb
0xE11DF3AF, icon_kamon_02_L_1.g1t
0xBFD2E5AF, 90_M_EV6503AB_1.kidsobjdb
0x6526A18F, 90_M_EV6503AB_1.g1t
0xC0007279, 90_L_BAKUMATSU_1.kidsobjdb
0x18F72AA5, 90_L_BAKUMATSU_1.g1t
0xC0483850, 90_P_sticker_kanji_73.kidsobjdb
0x65595A01, 90_P_sticker_kanji_73.g1t
0xC2E880B6, 90_P_sticker_kanji_73.texinfo
0xC08DAFB4, scroll_bar_c_ninja_1.kidsobjdb
0x2BED2CC5, scroll_bar_c_ninja_1.g1t
0xC0ACA1BE, 90_M_EV3102_1.kidsobjdb
0x4940265D, 90_M_EV3102_1.g1t
0xC0B47D32, icon_kamon_58_L.kidsobjdb
0xA50FB545, icon_kamon_58_L.g1t
0x3DB799FA, icon_kamon_58_L.texinfo
0xC0C95D7E, icon_kamon_03_L_1.kidsobjdb
0x0FE75DED, icon_kamon_03_L_1.g1t
0xC0F51703, 90_P_frame_sakura_1.kidsobjdb
0xE10E1BA7, 90_P_frame_sakura_1.g1t
0xC1094BD9, splash_screen_1.kidsobjdb
0x1A0BB14D, splash_screen_1.g1t
0xC1617D38, PRESET_BEARD_M_01_1.kidsobjdb
0x09DB34AD, PRESET_BEARD_M_01_1.g1t
0x48652562, PRESET_BEARD_M_01_1.texinfo
0xC1B04CD7, skill_caption_base_ninja_1.kidsobjdb
0xB83F4FA5, skill_caption_base_ninja_1.g1t
0xA0D3045A, skill_caption_base_ninja_1.texinfo
0xC1F7F4F7, 90_P_sticker_kanji_69_1.kidsobjdb
0xFE8ADE0F, 90_P_sticker_kanji_69_1.g1t
0xC22CE873, eternal_buff_base.kidsobjdb
0x349DF88D, eternal_buff_base.g1t
0x0A62F942, eternal_buff_base.texinfo
0xC2A2B09D, icon_kamon_04_L_1.kidsobjdb
0x3EB0C82B, icon_kamon_04_L_1.g1t
0xC3360511, system_language_ARB_1.kidsobjdb
0x966CA113, system_language_ARB_1.g1t
0x1BFDEEC8, system_language_ARB_1.texinfo
0xC34C15CC, cmn_red_ring.kidsobjdb
0x6378AF45, cmn_red_ring.g1t
0x4B1393FA, cmn_red_ring.texinfo
0xC359EABC, 90_P_frame_gold_1.kidsobjdb
0xB953E859, 90_P_frame_gold_1.g1t
0xC38FCE6A, CC_HAIR_P30_0000_2.kidsobjdb
0x65CB1485, CC_HAIR_P30_0000_2.g1t
0xC3991B7B, 90_P_sticker_kanji_01_1.kidsobjdb
0x9C9DD727, 90_P_sticker_kanji_01_1.g1t
0xC39DFE23, icon_kamon_20_L_1.kidsobjdb
0x7E4DCB37, icon_kamon_20_L_1.g1t
0xC3DE1B64, 90_M_EV2404_1.kidsobjdb
0x0032C4A9, 90_M_EV2404_1.g1t
0xC3F8028E, 90_L_HAZAMA_1.kidsobjdb
0xFE7A2E0D, 90_L_HAZAMA_1.g1t
0xC421F411, 90_P_sticker_kanji_52_1.kidsobjdb
0x94BF38C3, 90_P_sticker_kanji_52_1.g1t
0xC47C03BC, icon_kamon_05_L_1.kidsobjdb
0x6D7A3269, icon_kamon_05_L_1.g1t
0xC4AB12DF, 90_M_EV2102_1.kidsobjdb
0xFE237D1F, 90_M_EV2102_1.g1t
0xC4BDD451, choice_base_ninja_1.kidsobjdb
0x3EAF3F93, choice_base_ninja_1.g1t
0x8CCD4D48, choice_base_ninja_1.texinfo
0xC4F18294, icon_kamon_27_L.kidsobjdb
0x1DE5B809, icon_kamon_27_L.g1t
0x82869ABE, icon_kamon_27_L.texinfo
0xC4FFCB5E, CC_HAIR_P21_0000_2.kidsobjdb
0xDA84B9AD, CC_HAIR_P21_0000_2.g1t
0xC531E223, CC_HAIR_P20_0000_1.kidsobjdb
0x0309E8A7, CC_HAIR_P20_0000_1.g1t
0xAA23DE4E, CC_HAIR_P20_0000_1.texinfo
0xC55AA6CD, CC_HAIR_P20_0000_2.kidsobjdb
0x1B54770B, CC_HAIR_P20_0000_2.g1t
0xC572825F, 90_M_EV6502_1.kidsobjdb
0x8C781C1F, 90_M_EV6502_1.g1t
0xC5775142, icon_kamon_21_L.kidsobjdb
0xAD173575, icon_kamon_21_L.g1t
0x554D62B2, icon_kamon_21_L.texinfo
0xC5A80FAC, 90_T_DOKO_MISSION_03.kidsobjdb
0x9647FAAD, 90_T_DOKO_MISSION_03.g1t
0xB6E6CE7A, 90_T_DOKO_MISSION_03.texinfo
0xC5D1B0B8, 90_P_sticker_kanji_48_1.kidsobjdb
0x2DF0BCD1, 90_P_sticker_kanji_48_1.g1t
0xC65556DB, icon_kamon_06_L_1.kidsobjdb
0x9C439CA7, icon_kamon_06_L_1.g1t
0xC6988486, CC_HAIR_B00_0001_3.kidsobjdb
0x1E7EE0ED, CC_HAIR_B00_0001_3.g1t
0xC71D5B14, CC_HAIR_P10_0000_2.kidsobjdb
0x9EF05289, CC_HAIR_P10_0000_2.g1t
0xEFBFF53E, CC_HAIR_P10_0000_1.texinfo
0xC750A461, icon_kamon_22_L.kidsobjdb
0xDBE09FB3, icon_kamon_22_L.g1t
0x078196B4, icon_kamon_22_L.texinfo
0xC7654ABB, 90_E_SHISHI_1.kidsobjdb
0xDB0368E7, 90_E_SHISHI_1.g1t
0xC7858F39, CC_BEARD_00_F_0001.kidsobjdb
0x225CE765, CC_BEARD_00_F_0001.g1t
0x0EDEBC1A, CC_BEARD_00_F_0001.texinfo
0xC7FBAFD2, 90_P_sticker_kanji_31_1.kidsobjdb
0xC4251785, 90_P_sticker_kanji_31_1.g1t
0xC85759EB, 90_P_sticker_chara_05_1.kidsobjdb
0x9EC40007, 90_P_sticker_chara_05_1.g1t
0xC877A515, 90_P_frame_chara_2.kidsobjdb
0xC89C2D24, icon_marebito_PC1_1.kidsobjdb
0xFDF86639, icon_marebito_PC1_1.g1t
0xA036B0EE, icon_marebito_PC1_1.texinfo
0xC8A98400, 90_M_EV1102_1.kidsobjdb
0xB306D3E1, 90_M_EV1102_1.g1t
0xC8BE2BB9, equip_list_1line_ninja_1.kidsobjdb
0xE9138053, equip_list_1line_ninja_1.g1t
0xF5A32E08, equip_list_1line_ninja_1.texinfo
0xC8D5222C, icon_kamon_52_L.kidsobjdb
0xDFC09739, icon_kamon_52_L.g1t
0x107E61EE, icon_kamon_52_L.texinfo
0xC90D3BC0, 90_M_EV3302_1.kidsobjdb
0x7A312361, 90_M_EV3302_1.g1t
0xC929F780, icon_kamon_23_L_1.kidsobjdb
0x0AAA09F1, icon_kamon_23_L_1.g1t
0xC95D1993, 90_M_EV2320_1.kidsobjdb
0x381ED297, 90_M_EV2320_1.g1t
0xC95E0177, CC_BEARD_00_F_0001_1.kidsobjdb
0x7D2A210D, CC_BEARD_00_F_0001_1.g1t
0x67A6E1C2, CC_BEARD_00_F_0001_1.texinfo
0xC9AB6C79, 90_P_sticker_kanji_27_1.kidsobjdb
0x5D569B93, 90_P_sticker_kanji_27_1.g1t
0xC9B93177, Guardian_main_sign.kidsobjdb
0x3ECA2B25, Guardian_main_sign.g1t
0xE7841FDA, Guardian_main_sign.texinfo
0xC9ED8D27, 90_T_HELL_KUSABI_1.kidsobjdb
0x49E6F70D, 90_T_HELL_KUSABI_1.g1t
0xC9F897AA, 90_T_DOKO_MISSION_01_1.kidsobjdb
0x548AC56D, 90_T_DOKO_MISSION_01_1.g1t
0xCA07FD19, icon_kamon_08_L_1.kidsobjdb
0xF9D67123, icon_kamon_08_L_1.g1t
0xCA65E5B2, eyeshadow_d_0000_2.kidsobjdb
0x31A46885, eyeshadow_d_0000_2.g1t
0xCA7ED783, 90_L_MIBUDERA_1.kidsobjdb
0xD4C19A37, 90_L_MIBUDERA_1.g1t
0xCB034A9F, icon_kamon_24_L_1.kidsobjdb
0x3973742F, icon_kamon_24_L_1.g1t
0xCBD56B93, 90_P_sticker_kanji_10_1.kidsobjdb
0xF38AF647, 90_P_sticker_kanji_10_1.g1t
0xCD12278E, icon_kamon_21_L_1.kidsobjdb
0x589699FD, icon_kamon_21_L_1.g1t
0xCD85283A, 90_P_sticker_kanji_06.kidsobjdb
0x8CBC7A55, 90_P_sticker_kanji_06.g1t
0x485B570A, 90_P_sticker_kanji_06.texinfo
0xCD8C3EDF, 90_L_REIJU_1.kidsobjdb
0x591FD64D, 90_L_REIJU_1.g1t
0xCDD7EB44, icon_kamon_41_L_1.kidsobjdb
0xA7D9E179, icon_kamon_41_L_1.g1t
0xCF1E4C3A, KTGlogo_1.kidsobjdb
0x87B5DE65, KTGlogo_2.g1t
0xCE3DEF3C, KTGlogo_3.g1t
0xCF541F46, 90_T_ENEMY_EREA_1.kidsobjdb
0x4E65A96D, 90_T_ENEMY_EREA_1.g1t
0xCF7DAFFD, 90_L_SHICHIJYOU_1.kidsobjdb
0xE37146EB, 90_L_SHICHIJYOU_1.g1t
0xCFAA77E6, CC_HAIR_P30_0000_3.kidsobjdb
0x2C9007ED, CC_HAIR_P30_0000_3.g1t
0xCFB13E63, icon_kamon_42_L.kidsobjdb
0xD6A34BB7, icon_kamon_42_L.g1t
0xB82A1E30, icon_kamon_42_L.texinfo
0xCFE375D3, icon_kamon_48_L.kidsobjdb
0x02F7E287, icon_kamon_48_L.g1t
0xE563563C, icon_kamon_48_L.texinfo
0xD0165010, 90_P_sticker_kanji_95_1.kidsobjdb
0xAC55B981, 90_P_sticker_kanji_95_1.g1t
0xD057AB0F, num_eff_BG_1.kidsobjdb
0xD05E7EFA, 90_L_HONNOUJI.kidsobjdb
0x0ADEC3D5, 90_L_HONNOUJI.g1t
0xF13CE08A, 90_L_HONNOUJI.texinfo
0xD07966FB, 90_M_EV6410_1.kidsobjdb
0xB1F12357, 90_M_EV6410_1.g1t
0xD08F43FC, icon_kamon_27_L_1.kidsobjdb
0xC5CFB2E9, icon_kamon_27_L_1.g1t
0xD099A5CC, 90_T_MAREBITO_HOST_1.kidsobjdb
0x67CD0545, 90_T_MAREBITO_HOST_1.g1t
0xD0C030B3, 90_P_sticker_txt_02_1.kidsobjdb
0x57920FD7, 90_P_sticker_txt_02_1.g1t
0xD0CA14E9, 90_P_sticker_kanji_100_1.kidsobjdb
0x68E46A8D, 90_P_sticker_kanji_100_1.g1t
0xD1399526, reticle_A_1.kidsobjdb
0x0CEEE9ED, reticle_A_1.g1t
0xD18A9182, icon_kamon_43_L_1.kidsobjdb
0x056CB5F5, icon_kamon_43_L_1.g1t
0xD18ACA9C, 90_M_EV7103ABCEF_1.kidsobjdb
0x163C59C5, 90_M_EV7103ABCEF_1.g1t
0xD22572D4, CC_EYELASH_0000_3.kidsobjdb
0xB19961C5, CC_EYELASH_0000_3.g1t
0xD252BA1A, 90_M_EV6420_1.kidsobjdb
0xA8887515, 90_M_EV6420_1.g1t
0xD268971B, icon_kamon_28_L.kidsobjdb
0xF4991D27, icon_kamon_28_L.g1t
0x34BACEC0, icon_kamon_28_L.texinfo
0xD29C81DB, skill_category_icon_not_open_1.kidsobjdb
0x193B3FE5, skill_category_icon_not_open_1.g1t
0x45DCD49A, skill_category_icon_not_open_1.texinfo
0xD31420ED, icon_hasei_bugi.kidsobjdb
0xC5C45D4D, icon_hasei_bugi.g1t
0x2448FE02, icon_hasei_bugi.texinfo
0xD35B7A8F, still_enemy_l_dummy_replace.kidsobjdb
0xBC84C27F, still_enemy_l_dummy_replace.g1t
0x4D0F7A34, still_enemy_l_dummy_replace.texinfo
0xD363E4A1, icon_kamon_44_L_1.kidsobjdb
0x34362033, icon_kamon_44_L_1.g1t
0xD3C42CBD, CC_NOSE_M_0000.kidsobjdb
0x5F9FF8AB, CC_NOSE_M_0000.g1t
0xE60BBA60, CC_NOSE_M_0000.texinfo
0xD3C7156B, icon_kamon_73_L_1.kidsobjdb
0xC4D2C1B7, icon_kamon_73_L_1.g1t
0xD3D8496F, 90_P_sticker_chara_01_1.kidsobjdb
0x87AB1C0F, 90_P_sticker_chara_01_1.g1t
0xD3F00BD1, 90_P_sticker_kanji_74.kidsobjdb
0xDBBB9843, 90_P_sticker_kanji_74.g1t
0xA59DCDF8, 90_P_sticker_kanji_74.texinfo
0xD403F769, paint_b_fix_0000_2.kidsobjdb
0x3EB4434D, paint_b_fix_0000_2.g1t
0xD4207B35, icon_kamon_17_L_1.kidsobjdb
0x7BCDE54B, icon_kamon_17_L_1.g1t
0xD441EA3A, icon_kamon_29_L_1.kidsobjdb
0x23628765, icon_kamon_29_L_1.g1t
0xD50B2E9E, paint_h_fix_0000_2.kidsobjdb
0xD53D37C0, icon_kamon_45_L_1.kidsobjdb
0x62FF8A71, icon_kamon_45_L_1.g1t
0xD54BF777, 90_P_sticker_Logo_NIOH3_1.kidsobjdb
0xF31BDCCF, 90_P_sticker_Logo_NIOH3_1.g1t
0xD5BBD9B5, 90_P_frame_higanbana.kidsobjdb
0x0BA42A4D, 90_P_frame_higanbana.g1t
0x0603CADA, 90_P_frame_higanbana.texinfo
0xD5DD4B41, eyeshadow_u_0000_2.kidsobjdb
0x66BA7865, eyeshadow_u_0000_2.g1t
0xD5ED737B, 90_M_EV3220_1.kidsobjdb
0x96417C57, 90_M_EV3220_1.g1t
0xD6583F71, CC_HAIR_P50_0002_2.kidsobjdb
0x4C201A83, CC_HAIR_P50_0002_2.g1t
0x6F773038, CC_HAIR_P50_0002_1.texinfo
0xD666C432, 90_E_HELL_1.kidsobjdb
0xD68A53B0, waza_type_common_icon.kidsobjdb
0x87522841, waza_type_common_icon.g1t
0x83502EF6, waza_type_common_icon.texinfo
0xD76A8D95, 90_T_DAIREIMYAKU.kidsobjdb
0x602A6AE5, 90_T_DAIREIMYAKU.g1t
0xDB3E7F9A, 90_T_DAIREIMYAKU.texinfo
0xD7742E32, CC_HAIR_P31_0000_2.kidsobjdb
0xA51AAA6D, CC_HAIR_P31_0000_2.g1t
0xD782006D, 90_M_EV6504ABC_1.kidsobjdb
0xF874F30D, 90_M_EV6504ABC_1.g1t
0xD7C6C69A, 90_M_EV3230_1.kidsobjdb
0x8CD8CE15, 90_M_EV3230_1.g1t
0xD8041ACD, icon_kamon_42_L_1.kidsobjdb
0x3DA8C47B, icon_kamon_42_L_1.g1t
0xD811D865, icon_kamon_62_L_1.kidsobjdb
0xD165F7BB, icon_kamon_62_L_1.g1t
0xD8F36178, icon_base_GEN_1.kidsobjdb
0x18B3E32D, icon_base_GEN_1.g1t
0xC64293E2, icon_base_GEN_1.texinfo
0xD93A85E8, 90_P_frame_focus_black_1.kidsobjdb
0x667890C5, 90_P_frame_focus_black_1.g1t
0xD9798439, 90_P_sticker_kanji_49_1.kidsobjdb
0xA452FB13, 90_P_sticker_kanji_49_1.g1t
0xD9C4EA1A, 90_P_frame_cheki_hor_1.kidsobjdb
0x500DAB6D, 90_P_frame_cheki_hor_1.g1t
0xD9EB2B84, icon_kamon_63_L.kidsobjdb
0x1B06D9AE, icon_kamon_63_L.texinfo
0xDA8946F0, difficulty_icon_OFF_1.kidsobjdb
0xA15621C5, difficulty_icon_OFF_1.g1t
0x9FF3C67A, difficulty_icon_OFF_1.texinfo
0xDAC9311D, icon_kamon_48_L_1.kidsobjdb
0xEF5BC92B, icon_kamon_48_L_1.g1t
0xDAD56912, icon_kamon_69_L.kidsobjdb
0xE80A0D05, icon_kamon_69_L.g1t
0x484011BA, icon_kamon_69_L.texinfo
0xDBA38353, 90_P_sticker_kanji_32_1.kidsobjdb
0x3A8755C7, 90_P_sticker_kanji_32_1.g1t
0xDBC47EA3, icon_kamon_64_L_1.kidsobjdb
0x2EF8CC37, icon_kamon_64_L_1.g1t
0xDBFC0F6B, 90_L_DAIDAIRI_1.kidsobjdb
0x35B94407, 90_L_DAIDAIRI_1.g1t
0xDC0D145D, 90_P_sticker_kanji_98_1.kidsobjdb
0xC6B68F6B, 90_P_sticker_kanji_98_1.g1t
0xDC26B639, game_option_bace.kidsobjdb
0x410FC765, game_option_bace.g1t
0xD9219C1A, game_option_bace.texinfo
0xDC41202F, icon_kamon_11_L_1.kidsobjdb
0xB67EC73F, icon_kamon_11_L_1.g1t
0xDCA2843C, icon_kamon_49_L.kidsobjdb
0x1E253369, icon_kamon_49_L.g1t
0x97978A3E, icon_kamon_49_L.texinfo
0xDCD7026F, eyeshadow_u_0000_3.kidsobjdb
0x0B1E300D, eyeshadow_u_0000_3.g1t
0xDCD99155, 90_M_EV6201.kidsobjdb
0x5E956B1B, 90_M_EV6201.g1t
0x945CA64C, 90_M_EV6201.texinfo
0xDCEF3C9E, IE_ACC_COMB_icon_1.kidsobjdb
0xC0C9D805, IE_ACC_COMB_icon_1.g1t
0xD6225CBA, IE_ACC_COMB_icon_1.texinfo
0xDCF776BD, eternal_buff_base_1.kidsobjdb
0xB3FFDFE5, eternal_buff_base_1.g1t
0xAD51749A, eternal_buff_base_1.texinfo
0xDD03AF1D, 90_T_CHIDIKO.kidsobjdb
0x0FC0C065, 90_T_CHIDIKO.g1t
0x84AE151A, 90_T_CHIDIKO.texinfo
0xDD533FFA, 90_P_sticker_kanji_28_1.kidsobjdb
0xD3B8D9D5, 90_P_sticker_kanji_28_1.g1t
0xDD9DD1C2, icon_kamon_65_L_1.kidsobjdb
0x5DC23675, icon_kamon_65_L_1.g1t
0xDDCE7524, paint_0000_1.kidsobjdb
0x1B1D84B9, paint_0000_1.g1t
0x50A88F6E, paint_0000_1.texinfo
0xDDD83BC4, cmn_skill_gauge.kidsobjdb
0x2D86652D, cmn_skill_gauge.g1t
0x4A0415E2, cmn_skill_gauge.texinfo
0xDE85BA7E, chara_CE_SHIGURUI_F_00.kidsobjdb
0x6ADA0CED, chara_CE_SHIGURUI_F_00.g1t
0xE1BDDDA2, chara_CE_SHIGURUI_F_00.texinfo
0xDF126E74, icon_kamon_38_L_1.kidsobjdb
0x60E00FC9, icon_kamon_38_L_1.g1t
0xDF7724E1, icon_kamon_66_L_1.kidsobjdb
0x8C8BA0B3, icon_kamon_66_L_1.g1t
0xDF7D3F14, 90_P_sticker_kanji_11_1.kidsobjdb
0x69ED3489, 90_P_sticker_kanji_11_1.g1t
0xDFD515D6, 90_M_EV3241_1.kidsobjdb
0x256E189D, 90_M_EV3241_1.g1t
0xDFF12F10, CC_ACC_EAR_0000_3.kidsobjdb
0x916CA345, CC_ACC_EAR_0000_3.g1t
0xE007C159, p1_arrow_1.kidsobjdb
0x671F54E5, p1_arrow_1.g1t
0xE02DF946, 90_P_frame_blood_1.kidsobjdb
0x79410305, 90_P_frame_blood_1.g1t
0xE04A5A05, CC_HAIR_P31_0000_3.kidsobjdb
0x7E2C3865, CC_HAIR_P31_0000_3.g1t
0xE05D9C5B, 90_P_sticker_kanji_78_1.kidsobjdb
0xC65730E7, 90_P_sticker_kanji_78_1.g1t
0xE0805599, 90_E_BLACKSMITH_1.kidsobjdb
0x4E3F0A13, 90_E_BLACKSMITH_1.g1t
0xE0AB6E64, rakumei_body_1.kidsobjdb
0x9AAD8839, rakumei_body_1.g1t
0xE0C4BC65, paint_0000_2.kidsobjdb
0xE0D43B35, 90_L_KURAMA_1.kidsobjdb
0xF49B2EDB, 90_L_KURAMA_1.g1t
0xE115AF6D, tama_01_A_1.kidsobjdb
0x229ED97B, tama_01_A_1.g1t
0x5A0DB330, tama_01_A_1.texinfo
0xE12CFBBB, 90_P_sticker_kanji_07_1.kidsobjdb
0x031EB897, 90_P_sticker_kanji_07_1.g1t
0xE1507800, icon_kamon_67_L_1.kidsobjdb
0xBB550AF1, icon_kamon_67_L_1.g1t
0xE1FE5FAE, area_hell_DAIDAIRI_1.kidsobjdb
0x89DD1A05, area_hell_DAIDAIRI_1.g1t
0xE20B05CE, 90_P_frame_style_windowpane_1.kidsobjdb
0x6C6D3C8D, 90_P_frame_style_windowpane_1.g1t
0xE27AFEEC, 90_T_DOKO_STORY_04_1.kidsobjdb
0xEB033145, 90_T_DOKO_STORY_04_1.g1t
0xE2F60E0C, icon_kamon_63_L_1.kidsobjdb
0x22BAEEF9, icon_kamon_63_L.g1t
0xE318C2AC, 90_E_ARANIGI_1.kidsobjdb
0x31E4E0C5, 90_E_ARANIGI_1.g1t
0xE329CB1F, icon_kamon_68_L_1.kidsobjdb
0xEA1E752F, icon_kamon_68_L_1.g1t
0xE347A2DF, 90_M_EV1101CDE_1.kidsobjdb
0xBD9451E5, 90_M_EV1101CDE_1.g1t
0xE34F73D6, icon_kamon_07_L.kidsobjdb
0xD9B6128D, icon_kamon_07_L.g1t
0xD1DE1342, icon_kamon_07_L.texinfo
0xE3BE2391, 90_P_sticker_kanji_96_1.kidsobjdb
0x22B7F7C3, 90_P_sticker_kanji_96_1.g1t
0xE3F5D01E, 90_P_sticker_kanji_86_1.kidsobjdb
0x3AFA6E2D, 90_P_sticker_kanji_86_1.g1t
0xE42BB9AE, 90_L_EDO.kidsobjdb
0x4196A1ED, 90_L_EDO.g1t
0x34697F3A, 90_L_EDO.texinfo
0xE454E63B, 90_P_frame_higanbana_1.kidsobjdb
0x4DD75625, 90_P_frame_higanbana_1.g1t
0xE4628C13, 90_T_CHIDIKO_1.kidsobjdb
0x80FCE80D, 90_T_CHIDIKO_1.g1t
0xE4901AA6, CC_MOUTH_F_0000_1.kidsobjdb
0x1698E3ED, CC_MOUTH_F_0000_1.g1t
0x543934A2, CC_MOUTH_F_0000_1.texinfo
0xE4A952F8, skill_connect_line_1.kidsobjdb
0x6FFB1651, skill_connect_line_1.g1t
0xE5031E3E, icon_kamon_69_L_1.kidsobjdb
0x18E7DF6D, icon_kamon_69_L_1.g1t
0xE5AEAE2B, CC_HAIR_P21_0000_3.kidsobjdb
0x33CEF337, CC_HAIR_P21_0000_3.g1t
0xE5B5E623, clan_info_01.kidsobjdb
0x0DDCD725, clan_info_01.g1t
0x5560CBDA, clan_info_01.texinfo
0xE630D935, 90_P_frame_black_thin.kidsobjdb
0x9B25080B, 90_P_frame_black_thin.g1t
0xAFBA19C0, 90_P_frame_black_thin.texinfo
0xE685DFD0, 90_M_EV4202B_1.kidsobjdb
0xC49C832D, 90_M_EV4202B_1.g1t
0xE6EDCEF9, CC_EYE_0000_2.kidsobjdb
0x9748064D, CC_EYE_0000_2.g1t
0xE733136E, icon_kamon_32_L.kidsobjdb
0x9B90F1BD, icon_kamon_32_L.g1t
0x5FD5DA72, icon_kamon_32_L.texinfo
0xE7429C77, icon_BG_color_ninja_1.kidsobjdb
0xABFE028F, icon_BG_color_ninja_1.g1t
0x5ECA3244, icon_BG_color_ninja_1.texinfo
0xE78E03E1, 90_P_sticker_kanji_94_1.kidsobjdb
0xAF9DAB73, 90_P_sticker_kanji_94_1.g1t
0xE84C9A9B, CC_HAIR_P10_0000_3.kidsobjdb
0x0154EB57, CC_HAIR_P10_0000_3.g1t
0xE85CB403, icon_hasei_bugi_1.kidsobjdb
0xF6E64325, icon_hasei_bugi_1.g1t
0x83D437DA, icon_hasei_bugi_1.texinfo
0xE8C42577, 90_P_frame_white_1.kidsobjdb
0x1110AB25, 90_P_frame_white_1.g1t
0xE8EA8728, num_A00_1.kidsobjdb
0x686E4FB1, num_A00_1.g1t
0xA22B1E66, num_A00_1.texinfo
0xE8FEAC57, 90_P_sticker_kanji_38_1.kidsobjdb
0xC59873DF, 90_P_sticker_kanji_38_1.g1t
0xE901BA77, CC_EYE_0000_3.kidsobjdb
0x5F55FA25, CC_EYE_0000_3.g1t
0xE9A1C03E, 90_P_frame_focus_white_1.kidsobjdb
0xC16A1005, 90_P_frame_focus_white_1.g1t
0xE9DB647B, 90_L_MIKATA_HELL_1.kidsobjdb
0x2153898D, 90_L_MIKATA_HELL_1.g1t
0xE9F349BC, icon_item_kyoten_2.kidsobjdb
0xB73F7A2D, icon_item_kyoten_2.g1t
0xEA0461B3, icon_kamon_59_L.kidsobjdb
0x45F23A47, icon_kamon_59_L.g1t
0xEFEBCDFC, icon_kamon_59_L.texinfo
0xEA3D5B3C, 90_M_EV6102AB_1.kidsobjdb
0x6FA19CD9, 90_M_EV6102AB_1.g1t
0xEA5EAC4E, PRESET_HAIR_M_01_1.kidsobjdb
0x9228748D, PRESET_HAIR_M_01_1.g1t
0x664F7542, PRESET_HAIR_M_01_1.texinfo
0xEA8450F1, 90_M_EV4201B_1.kidsobjdb
0xA1CB80CD, 90_M_EV4201B_1.g1t
0xEA8D40FE, CC_BEARD_00_M_0001_1.kidsobjdb
0xBD815FED, CC_BEARD_00_M_0001_1.g1t
0x1A83B0A2, CC_BEARD_00_M_0001_1.texinfo
0xEAE792DE, CC_EAR_M_0000_1.kidsobjdb
0x96E9F7ED, CC_EAR_M_0000_1.g1t
0x5DE048A2, CC_EAR_M_0000_1.texinfo
0xEB7018D0, icon_kamon_01_L_2.kidsobjdb
0x1466F481, icon_kamon_01_L_2.g1t
0xEB719B13, 90_P_sticker_kanji_54.kidsobjdb
0x8183B547, 90_P_sticker_kanji_54.g1t
0xC047C8FC, 90_P_sticker_kanji_54.texinfo
0xEBEB4B6D, CC_MOUTH_M_0000_1.kidsobjdb
0xDCBAD18D, CC_MOUTH_M_0000_1.g1t
0x366B5242, CC_MOUTH_M_0000_1.texinfo
0xEC346387, Dummy_mission_stage_1.kidsobjdb
0x4413096F, Dummy_mission_stage_1.g1t
0xEC6DA04A, 90_E_AYAKASHI.kidsobjdb
0x7AAFDA75, 90_E_AYAKASHI.g1t
0x4F61A72A, 90_E_AYAKASHI.texinfo
0xEC6E3782, 90_L_MIKATA_BF_1.kidsobjdb
0x623DE66D, 90_L_MIKATA_BF_1.g1t
0xEC90F206, 90_E_AYAKASHI_1.kidsobjdb
0x00A287FD, 90_E_AYAKASHI_1.g1t
0xEC96E01A, 90_P_sticker_kanji_46_1.kidsobjdb
0x3A3BB125, 90_P_sticker_kanji_46_1.g1t
0xECAC607C, list_now_use_main.kidsobjdb
0x77892959, list_now_use_main.g1t
0x8F70E40E, list_now_use_main.texinfo
0xECF9D319, 90_L_MATUOTAISYA.kidsobjdb
0xDCB52365, 90_L_MATUOTAISYA.g1t
0x2AB8F81A, 90_L_MATUOTAISYA.texinfo
0xED45A617, eyeshadow_d_0000_3.kidsobjdb
0xEAFFF50D, eyeshadow_d_0000_3.g1t
0xED4F3455, 90_P_sticker_kanji_18_1.kidsobjdb
0xC539155B, 90_P_sticker_kanji_18_1.g1t
0xED5084DA, armor_info_line_ninja_1.kidsobjdb
0xA742936D, armor_info_line_ninja_1.g1t
0x117F2422, armor_info_line_ninja_1.texinfo
0xEE302F9B, 90_P_frame_style_japanese_1.kidsobjdb
0x986889D7, 90_P_frame_style_japanese_1.g1t
0xEE3BCC5D, 90_M_EV5102AB_1.kidsobjdb
0x2DF9CF5B, 90_M_EV5102AB_1.g1t
0xEE416715, icon_kamon_28_L_1.kidsobjdb
0xBEC83D0B, icon_kamon_28_L_1.g1t
0xEE6521CD, yashiro_title_01_1.kidsobjdb
0x0CD2A37B, yashiro_title_01_1.g1t
0x114C7D30, yashiro_title_01_1.texinfo
0xEE8D7C07, paint_b_fix_0000_3.kidsobjdb
0x8C249D25, paint_b_fix_0000_3.g1t
0xEF094662, CC_BODY_M_0000_1.kidsobjdb
0x91875B22, CC_BODY_M_0000_1.texinfo
0xEF0B5633, CC_NOSE_M_0000_1.kidsobjdb
0x91CB8307, CC_NOSE_M_0000_1.g1t
0xA872B6BC, CC_NOSE_M_0000_1.texinfo
0xEF467783, nangyou_gauge_1.kidsobjdb
0x9F3182B7, nangyou_gauge_1.g1t
0x8E715E6C, nangyou_gauge_1.texinfo
0xEF4B56D4, 90_P_sticker_kanji_33_1.kidsobjdb
0xB0E99409, 90_P_sticker_kanji_33_1.g1t
0xEF76BFA2, 90_P_sticker_kanji_82_1.kidsobjdb
0x23E18A35, 90_P_sticker_kanji_82_1.g1t
0xEF82F38D, icon_bugi_customize_1.kidsobjdb
0xCAD375FB, icon_bugi_customize_1.g1t
0xEFB6950B, 90_P_sticker_Logo_TeamNINJA_1.kidsobjdb
0x6FB5B387, 90_P_sticker_Logo_TeamNINJA_1.g1t
0xF0E76818, 90_P_sticker_kanji_26_1.kidsobjdb
0x39DC52A1, 90_P_sticker_kanji_26_1.g1t
0xF0FB137B, 90_P_sticker_kanji_29.kidsobjdb
0x4A1B1817, 90_P_sticker_kanji_29.g1t
0xD5D143CC, 90_P_sticker_kanji_29.texinfo
0xF155D7A2, 90_L_EDO_1.kidsobjdb
0x31063A85, 90_L_EDO_1.g1t
0xF22506AD, icon_kamon_53_L_1.kidsobjdb
0x80A31C3B, icon_kamon_53_L_1.g1t
0xF29DF53E, 90_M_EV6302AB_1.kidsobjdb
0x5645615D, 90_M_EV6302AB_1.g1t
0xF30BBEAD, CC_HAIR_P40_0000_1.kidsobjdb
0xA9AA830B, CC_HAIR_P40_0000_1.g1t
0xB90A14C0, CC_HAIR_P40_0000_1.texinfo
0xF30EF365, 90_P_sticker_kanji_90_1.kidsobjdb
0x9884C77B, 90_P_sticker_kanji_90_1.g1t
0xF3149C38, 90_E_REIJU_1.kidsobjdb
0xF3251295, 90_P_sticker_kanji_12_1.kidsobjdb
0xE04F72CB, 90_P_sticker_kanji_12_1.g1t
0xF39E5652, 90_P_frame_fire_1.kidsobjdb
0x28D6E785, 90_P_frame_fire_1.g1t
0xF3A41F41, PRESET_PUPIL_L_F_01_1.kidsobjdb
0xDDEB708D, PRESET_PUPIL_L_F_01_1.g1t
0xE0347142, PRESET_PUPIL_L_F_01_1.texinfo
0xF3C6CB47, 90_E_TEA.kidsobjdb
0x93703E0D, 90_E_TEA.g1t
0xFFEDFF1A, 90_E_TEA.texinfo
0xF3C747A0, 90_P_sticker_kanji_62_1.kidsobjdb
0x23822BB1, 90_P_sticker_kanji_62_1.g1t
0xF3E842F3, Attention_1.kidsobjdb
0x674DFA36, Attention_3.g1t
0x1F44F0F8, Attention_4.g1t
0x5730CDE6, Attention_5.g1t
0xF45A25D0, CC_SKIN_F_0000.kidsobjdb
0xD42411C5, CC_SKIN_F_0000.g1t
0xDA49B67A, CC_SKIN_F_0000.texinfo
0xF47F9BDB, 90_P_sticker_kanji_34_1.kidsobjdb
0xAE7F8FE7, 90_P_sticker_kanji_34_1.g1t
0xF48ABA16, still_enemy_s_dummy_replace.kidsobjdb
0x6657D30D, still_enemy_s_dummy_replace.g1t
0xBEAB93C2, still_enemy_s_dummy_replace.texinfo
0xF4B568FD, 90_L_SAIGA_1.kidsobjdb
0x976A16A5, 90_L_SAIGA_1.g1t
0xF4D4CF3C, 90_P_sticker_kanji_08_1.kidsobjdb
0x7980F6D9, 90_P_sticker_kanji_08_1.g1t
0xF537F016, 90_P_sticker_kanji_06_1.kidsobjdb
0x397CF41D, 90_P_sticker_kanji_06_1.g1t
0xF544A3DC, CC_HAIR_P20_0000_3.kidsobjdb
0x15534399, CC_HAIR_P20_0000_3.g1t
0xF55B58FB, 90_P_frame_black_thin_1.kidsobjdb
0x7B683227, 90_P_frame_black_thin_1.g1t
0xF565FED7, basic_info_base_l_ninja_1.kidsobjdb
0xA06BE48F, basic_info_base_l_ninja_1.g1t
0xC5771444, basic_info_base_l_ninja_1.texinfo
0xF570D8E4, 90_T_DOKO_MISSION_03_1.kidsobjdb
0xFB0D29C5, 90_T_DOKO_MISSION_03_1.g1t
0xF589CC9F, icon_para_01_1.kidsobjdb
0x1D8F08CD, icon_para_01_1.g1t
0xF7D1E982, icon_para_01_1.texinfo
0xF5E58866, 90_S_BAKUMATSU_1.kidsobjdb
0xA0E46305, 90_S_BAKUMATSU_1.g1t
0xBFFF67BA, 90_S_BAKUMATSU_1.texinfo
0xF65BD5F1, 90_M_KUNIMATSUA_1.kidsobjdb
0x1416AAC3, 90_M_KUNIMATSUA_1.g1t
0xF6620C0F, icon_kamon_22_L_1.kidsobjdb
0xF9791EFF, icon_kamon_22_L_1.g1t
0xF6F57ABC, CC_HAIR_P12_0001_3.kidsobjdb
0xAAB776E9, CC_HAIR_P12_0001_3.g1t
0xF716047D, 90_M_KUNIMATSUC_1.kidsobjdb
0x5AAFEFEB, 90_M_KUNIMATSUC_1.g1t
0xF728A2A3, caption_plus_1.kidsobjdb
0x03F565A5, caption_plus_1.g1t
0x578E1A5A, caption_plus_1.texinfo
0xF735BED3, 90_P_frame_chara_3.kidsobjdb
0xF765F712, 90_P_sticker_kanji_97_1.kidsobjdb
0x991A3605, 90_P_sticker_kanji_97_1.g1t
0xF7877EF8, CC_HAIR_P50_0002_3.kidsobjdb
0xAE84B351, CC_HAIR_P50_0002_3.g1t
0xF7E81422, 90_P_frame_cheki_vert_1.kidsobjdb
0x04C0D335, 90_P_frame_cheki_vert_1.g1t
0xF817CF9E, 90_P_sticker_kanji_42_1.kidsobjdb
0x2322CD2D, 90_P_sticker_kanji_42_1.g1t
0xF88B5BE1, 90_M_EV1101B_1.kidsobjdb
0x39E01EE5, 90_M_EV1101B_1.g1t
0xF8B3A21D, CC_BEARD_01_F_0001_1.kidsobjdb
0xA60CEADB, CC_BEARD_01_F_0001_1.g1t
0x6B541490, CC_BEARD_01_F_0001_1.texinfo
0xF8BB3E43, CC_HAIR_P40_0000_2.kidsobjdb
0xD2685CA7, CC_HAIR_P40_0000_2.g1t
0xF8D023D9, 90_P_sticker_kanji_14_1.kidsobjdb
0xAE203163, 90_P_sticker_kanji_14_1.g1t
0xF8E16022, line_b_ninja_1.kidsobjdb
0x47342385, line_b_ninja_1.g1t
0xF8FE3127, 90_E_NIOH_1.kidsobjdb
0xF912BD58, launch_icon_01_1.kidsobjdb
0x7D257FAD, launch_icon_01_1.g1t
0x2791F062, launch_icon_01_1.texinfo
0xF912D729, CC_SKIN_M_0000_1.kidsobjdb
0x5A0134A5, CC_SKIN_M_0000_1.g1t
0x151A695A, CC_SKIN_M_0000_1.texinfo
0xF92B9434, sumi_pic_01_2.kidsobjdb
0x9CF949C9, sumi_pic_01_2.g1t
0x45FB4C7E, sumi_pic_01_1.texinfo
0xF9335A54, icon_kamon_49_L_1.kidsobjdb
0xA3DA6789, icon_kamon_49_L_1.g1t
0xF947919A, action_active_ring_01_1.kidsobjdb
0xF6395B6D, action_active_ring_01_1.g1t
0xF7D1EC22, action_active_ring_01_1.texinfo
0xF980160D, CONTINUE_1.kidsobjdb
0xF2CC069B, CONTINUE_9.g1t
0x0463DA32, CONTINUE_10.g1t
0xA381D1B6, CONTINUE_11.g1t
0x0B73FE33, CONTINUE_12.g1t
0xFF86D582, CONTINUE_13.g1t
0x56DF7163, CONTINUE_14.g1t
0x50DC1D09, CONTINUE_15.g1t
0xBFC5FAA1, CONTINUE_16.g1t
0x415C8823, CONTINUE_17.g1t
0xF98FF62C, 90_P_sticker_kanji_80.kidsobjdb
0x2F4E90B9, 90_P_sticker_kanji_80.g1t
0x8D739B6E, 90_P_sticker_kanji_80.texinfo
0xF9DDDFCE, 90_M_EV2203AB_1.kidsobjdb
0xE016158D, 90_M_EV2203AB_1.g1t
0xFA2FCA40, CC_SKIN_F_0000_1.kidsobjdb
0x26DA12AD, CC_SKIN_F_0000_1.g1t
0xEEC50362, CC_SKIN_F_0000_1.texinfo
0xFAFC1156, 90_L_HONNOUJI_1.kidsobjdb
0xE01B1A9D, 90_L_HONNOUJI_1.g1t
0xFB3FB2D3, 90_P_sticker_kanji_76_1.kidsobjdb
0xC88014C7, 90_P_sticker_kanji_76_1.g1t
0xFBB00361, 90_P_sticker_kanji_50_1.kidsobjdb
0x97C60A73, 90_P_sticker_kanji_50_1.g1t
0xFC074817, 90_L_KIYOMIZU_1.kidsobjdb
0x19AB405F, 90_L_KIYOMIZU_1.g1t
0xFC5EDA2B, CC_HAIR_P01_0001_3.kidsobjdb
0x05056347, CC_HAIR_P01_0001_3.g1t
0xFC68579C, 90_P_sticker_kanji_22_1.kidsobjdb
0x22C36EA9, 90_P_sticker_kanji_22_1.g1t
0xFC934997, 90_L_MATUOTAISYA_1.kidsobjdb
0x301B650D, 90_L_MATUOTAISYA_1.g1t
0xFC9C6523, pad_btn_4arrow_DOWN_PC.kidsobjdb
0x00B27B0D, pad_btn_4arrow_DOWN_PC.g1t
0xDB723BC2, pad_btn_4arrow_DOWN_PC.texinfo
0xFD16F9EC, icon_kamon_74_L_1.kidsobjdb
0xFD705FB6, icon_kamon_18_L_1.kidsobjdb
0x1CB06A4D, icon_kamon_18_L_1.g1t
0xFF196E94, 90_P_sticker_kanji_55_1.kidsobjdb
0xF7E5F389, 90_P_sticker_kanji_55_1.g1t
0xFF1DDB78, CC_HAIR_P11_0000_3.kidsobjdb
0xCAD5D9D1, CC_HAIR_P11_0000_3.g1t
0x13809886, CC_HAIR_P11_0000_3.texinfo
0xFF908A9B, 90_M_EV6201_1.kidsobjdb
0x66BBBA97, 90_M_EV6201_1.g1t
0xFFDAB369, 90_E_TEA_1.kidsobjdb
0x2B85AA65, 90_E_TEA_1.g1t
0xFFFD0486, CC_HAIR_P40_0000_3.kidsobjdb
0xEA134CFD, CC_HAIR_P40_0000_3.g1t
