0x00323352,Plugins\FieldEditor4\LAND\RONIN_OBJECT03\MHE_TMD4\set-s170-goods-box-05-DES\set-s170-goods-box-05-DES.g1p
0x003A6317,Plugins\FieldEditor4\LAND\TWILIGHT_LIGHT\MHE_TMD4\set-bonfire-bamboo-01\set-bonfire-bamboo-01.g1cox
0x00511597,Plugins\FieldEditor4\LAND\DAYLIGHT_CMN_GENERAL\MHE_TMD4\set-S130-barrel-gunpowder-01\set-S130-barrel-gunpowder-01.g1cox
0x0072878F,Plugins\FieldEditor4\LAND\RONIN_OBJECT\MHE_TMD4\set-csl-goods-box-01-DES\set-csl-goods-box-01-DES.g1mx
0x00ACF31D,Plugins\FieldEditor4\LAND\DAYLIGHT_CMN_GENERAL\MHE_TMD4\set-gdt-sen-kzk-temple-floor-01-DES\set-gdt-sen-kzk-temple-floor-01-DES.g1cox
0x00B62E35,Plugins\FieldEditor4\LAND\TWILIGHT_OBJECT\MHE_TMD4\set-s010-hill-stone-07\set-s010-hill-stone-07.g1cox
0x00C11647,Plugins\FieldEditor4\LAND\RONIN_OBJECT03\MHE_TMD4\set-csl-goods-weapon-08-DES\set-csl-goods-weapon-08-DES.g1cox
0x00D0952E,Plugins\FieldEditor4\LAND\DAYLIGHT_SEN_OBJECT\MHE_TMD4\set-sen-cmn-goods-tea-03-DES\set-sen-cmn-goods-tea-03-DES.g1cox
0x00F44F13,Plugins\FieldEditor4\LAND\RONIN_OBJECT03\MHE_TMD4\set-csl-goods-cloth-05\obj-csl-goods-cloth-05.g1cox
0x00F6DC1B,Plugins\FieldEditor4\LAND\RONIN_OBJECT03\MHE_TMD4\set-s170-goods-cloth-04-DES\obj-s170-goods-cloth-04-DES.g1cox
0x010C9DEA,Plugins\FieldEditor4\LAND\RONIN_OBJECT\MHE_TMD4\set-csl-goods-tea-01-DES\set-csl-goods-tea-01-DES.g1mx
0x013C22BA,Plugins\FieldEditor4\LAND\DAYLIGHT_CMN_PLANTINS\MHE_TMD4\set-dyl-tree-boss-small-02-DES-i\set-dyl-tree-boss-small-02-DES-i.g1mx
0x0181A726,Plugins\FieldEditor4\LAND\DAYLIGHT_SEN_OBJECT\MHE_TMD4\set-MS-sen-htmt-coral-02c-DES\set-MS-sen-htmt-coral-02c-DES.g1p
0x01A492F9,Plugins\FieldEditor4\LAND\RONIN_OBJECT03\MHE_TMD4\set-s01-goods-desk-03-DES\set-s01-goods-desk-03-DES.g1p
0x01C0DD4F,Plugins\FieldEditor4\LAND\DAYLIGHT_CMN_GENERAL\MHE_TMD4\set-bak-gdt-hell-blade-tpo\set-bak-gdt-hell-blade-tpo.g1cox
0x01E9716C,Plugins\FieldEditor4\LAND\TWILIGHT_OBJECT\MHE_TMD4\set-general-placement-10-bk\set-general-placement-10-bk.g1mx
0x01F2A697,Plugins\FieldEditor4\LAND\RONIN_OBJECT\MHE_TMD4\set-s01-china-goods-table-01b-DES\set-s01-china-goods-table-01b-DES.g1mx
0x01FCA62E,Plugins\FieldEditor4\LAND\DRAFT_MODEL_CONTAINER\MHE_TMD4\set-S050-fbbox-01\set-S050-fbbox-01.g1mx
0x02001B3B,Plugins\FieldEditor4\LAND\RONIN_OBJECT03\MHE_TMD4\set-s02-edo-ysw-object-folding-screen-01-DES\set-s02-edo-ysw-object-folding-screen-01-DES.g1mx
0x0203688B,Plugins\FieldEditor4\LAND\RONIN_OBJECT03\MHE_TMD4\set-s01-sakr-goods-dish03-DES\set-s01-sakr-goods-dish03-DES.g1p
0x0203D42B,Plugins\FieldEditor4\LAND\RONIN_OBJECT\MHE_TMD4\set-s02-edj-nakaoku-millet-00-DES\set-s02-edj-nakaoku-millet-00-DES.g1cox
0x0206BB3C,Plugins\FieldEditor4\LAND\RONIN_OBJECT\MHE_TMD4\set-s02-ykhm-objects-00-dish01-DES\set-s02-ykhm-objects-00-dish01-DES.g1mx
0x0215D07A,Plugins\FieldEditor4\LAND\RONIN_OBJECT\MHE_TMD4\set-s170-goods-table-05\set-s170-goods-table-05.g1p
0x022803CF,Plugins\FieldEditor4\LAND\RONIN_OBJECT\MHE_TMD4\set-csl-goods-cushion-02-DES\set-csl-goods-cushion-02-DES.g1p
0x022AA1F2,Plugins\FieldEditor4\LAND\RONIN_OBJECT03\MHE_TMD4\set-csl-goods-cloth-06\obj-csl-goods-cloth-06.g1cox
0x022ED990,Plugins\FieldEditor4\LAND\DAYLIGHT_CMN_GENERAL\MHE_TMD4\set-GGT-s0310-bamboo-M-02-DES\set-GGT-s0310-bamboo-M-02-DES.g1cox
0x02425B57,Plugins\FieldEditor4\LAND\DAYLIGHT_KOD_OBJECT\MHE_TMD4\set-MS-kod-sakimori-01-DES\set-MS-kod-sakimori-01-DES.g1cox
0x0296C0F0,Plugins\FieldEditor4\LAND\TWILIGHT_OBJECT\MHE_TMD4\set-S350-altar-02-brk\set-S350-altar-02-brk.g1cox
0x02D9F028,Plugins\FieldEditor4\LAND\DAYLIGHT_EDO_OBJECT\MHE_TMD4\set-edo-edojo-pot-01-DES\set-edo-edojo-pot-01-DES.g1p
0x0309D73B,Plugins\FieldEditor4\LAND\RONIN_OBJECT03\MHE_TMD4\set-csl-goods-sword-02-DES\set-csl-goods-sword-02-DES.g1mx
0x030BF7C8,Plugins\FieldEditor4\LAND\RONIN_OBJECT\MHE_TMD4\set-s01-sksh-wood-objects-03a-DES\set-s01-sksh-wood-objects-03a-DES.g1p
0x0318B2A3,Plugins\FieldEditor4\LAND\RONIN_OBJECT03\MHE_TMD4\set-csl-goods-table-02-DES\set-csl-goods-table-02-DES.g1cox
0x0327D072,Plugins\FieldEditor4\LAND\RONIN_OBJECT\MHE_TMD4\set-s01-ysk-objects-00-cabinets01-DES\set-s01-ysk-objects-00-cabinets01-DES.g1mx
0x0343F5F1,Plugins\FieldEditor4\LAND\RONIN_OBJECT03\MHE_TMD4\set-s01-benten-umbrella-01\set-s01-benten-umbrella-01.g1mx
0x034D71E0,Plugins\FieldEditor4\LAND\RONIN_OBJECT\MHE_TMD4\set-csl-goods-desk-01-DES\set-csl-goods-desk-01-DES.g1cox
0x03593AD6,Plugins\FieldEditor4\LAND\DAYLIGHT_EDO_OBJECT\MHE_TMD4\set-edo-edojo-box-01-DES\set-edo-edojo-box-01-DES.g1cox
0x036AE3FC,Plugins\FieldEditor4\LAND\RONIN_OBJECT\MHE_TMD4\set-s01-ykp-shop-drug-object-24a-DES\set-s01-ykp-shop-drug-object-24a-DES.g1p
0x037B5281,Plugins\FieldEditor4\LAND\RONIN_OBJECT\MHE_TMD4\set-csl-goods-tea-03-DES\set-csl-goods-tea-03-DES.g1cox
0x037C2704,Plugins\FieldEditor4\LAND\RONIN_OBJECT\MHE_TMD4\set-csl-goods-screen-01a-DES\set-csl-goods-screen-01a-DES.g1p
0x0396C8E0,Plugins\FieldEditor4\LAND\RONIN_OBJECT03\MHE_TMD4\set-s01-ykp-shop-kajiya-object-17a-DES\set-s01-ykp-shop-kajiya-object-17a-DES.g1p
0x03A2453D,Plugins\FieldEditor4\LAND\RONIN_OBJECT\MHE_TMD4\set-s01-ykp-shop-kajiya-object-13a-DES\set-s01-ykp-shop-kajiya-object-13a-DES.g1cox
0x04065FEE,Plugins\FieldEditor4\LAND\TWILIGHT_OBJECT\MHE_TMD4\set-s140-shield-05\set-s140-shield-05.g1cox
0x0419626B,Plugins\FieldEditor4\LAND\TWILIGHT_OBJECT\MHE_TMD4\set-general-placement-07-dirt\set-general-placement-07-dirt.g1cox
0x04647B7C,Plugins\FieldEditor4\LAND\TWILIGHT_OBJECT\MHE_TMD4\set-s010-bg-gm-04\set-s010-bg-gm-04.g1mx
0x046C15C3,Plugins\FieldEditor4\LAND\DAYLIGHT_SEN_OBJECT\MHE_TMD4\set-MS-sen-htmt-coral-02c-DES\set-MS-sen-htmt-coral-02c-DES.g1mx
0x04958E17,Plugins\FieldEditor4\LAND\TWILIGHT_OBJECT\MHE_TMD4\set-gl-brkobj-box-01a\set-gl-brkobj-box-01a.g1mx
0x04B02E87,Plugins\FieldEditor4\LAND\RONIN_OBJECT\MHE_TMD4\set-s02-edj-nakaoku-millet-00-DES\set-s02-edj-nakaoku-millet-00-DES.g1p
0x04BF9F68,Plugins\FieldEditor4\LAND\DAYLIGHT_SEN_OBJECT\MHE_TMD4\set-MS-sen-htmt-coral-02a-DES\set-MS-sen-htmt-coral-02a-DES.g1p
0x04DD037E,Plugins\FieldEditor4\LAND\RONIN_OBJECT\MHE_TMD4\set-cmn-g-bell-L00-DES\set-cmn-g-bell-L00-DES.g1cox
0x04DEF39B,Plugins\FieldEditor4\LAND\DAYLIGHT_CMN_HELL\MHE_TMD4\set-gdt-hell-kusabi-a02-DES\set-gdt-hell-kusabi-a02-DES.g1cox
0x04ED7970,Plugins\FieldEditor4\LAND\DAYLIGHT_BAK_OBJECT\MHE_TMD4\set-bak-yukaku-fence-01-DES\set-bak-yukaku-fence-01-DES.g1mx
0x0525AAD9,Plugins\FieldEditor4\LAND\RONIN_OBJECT\MHE_TMD4\set-s01-sksh-objects-00-rice-break-DES\set-s01-sksh-objects-00-rice-break-DES.g1p
0x056C1121,Plugins\FieldEditor4\LAND\RONIN_OBJECT03\MHE_TMD4\set-cmn-mib-objects-02-DES\set-cmn-mib-objects-02-DES.g1cox
0x057B57BF,Plugins\FieldEditor4\LAND\RONIN_OBJECT\MHE_TMD4\set-csl-goods-weapon-03-DES\set-csl-goods-weapon-03-DES.g1cox
0x05855861,Plugins\FieldEditor4\LAND\RONIN_OBJECT03\MHE_TMD4\set-csl-goods-table-04-DES\set-csl-goods-table-04-DES.g1cox
0x058C6A09,Plugins\FieldEditor4\LAND\TWILIGHT_OBJECT\MHE_TMD4\set-general-placement-13-bk\set-general-placement-13-bk.g1mx
0x05BA75B6,Plugins\FieldEditor4\LAND\RONIN_OBJECT03\MHE_TMD4\set-cmn-kyt-shrine-flag-03a-DES\set-cmn-kyt-shrine-flag-03a-DES.g1p
0x05E13A0C,Plugins\FieldEditor4\LAND\RONIN_OBJECT\MHE_TMD4\set-csl-goods-sword-01-DES\set-csl-goods-sword-01-DES.g1p
0x06336F87,Plugins\FieldEditor4\LAND\RONIN_OBJECT03\MHE_TMD4\set-s01-umbrella-a-01\set-s01-umbrella-a-01.g1cox
0x0676AD47,Plugins\FieldEditor4\LAND\DAYLIGHT_SEN_HOUSE\MHE_TMD4\set-sen-ryt-temple-01-door-01-DES\set-sen-ryt-temple-01-door-01-DES.g1mx
0x069944A6,Plugins\FieldEditor4\LAND\DRAFT_MODEL_CONTAINER\MHE_TMD4\set-general-placement-15-bk\set-general-placement-15-bk.g1mx
0x06A26400,Plugins\FieldEditor4\LAND\RONIN_OBJECT03\MHE_TMD4\set-cmn-mib-objects-03-DES\set-cmn-mib-objects-03-DES.g1cox
0x06AF99B9,Plugins\FieldEditor4\LAND\DAYLIGHT_SEN_OBJECT\MHE_TMD4\set-hre-fusuma-03a-DES\set-hre-fusuma-03a-DES.g1cox
0x06BBAB40,Plugins\FieldEditor4\LAND\RONIN_OBJECT03\MHE_TMD4\set-csl-goods-table-05-DES\set-csl-goods-table-05-DES.g1cox
0x06C2BCE8,Plugins\FieldEditor4\LAND\TWILIGHT_OBJECT\MHE_TMD4\set-general-placement-14-bk\set-general-placement-14-bk.g1mx
0x06C9D8B8,Plugins\FieldEditor4\LAND\RONIN_OBJECT03\MHE_TMD4\set-s01-ykp-shop-kajiya-object-20a-DES\set-s01-ykp-shop-kajiya-object-20a-DES.g1p
0x06ECE865,Plugins\FieldEditor4\LAND\DAYLIGHT_CMN_GENERAL\MHE_TMD4\set-bak-gdt-cannon-object-OFF\set-bak-gdt-cannon-object-OFF.g1mx
0x06F5EF6E,Plugins\FieldEditor4\LAND\RONIN_OBJECT02\MHE_TMD4\set-csl-goods-shoji-01-break01-DES\set-csl-goods-shoji-01-break01-DES.g1cox
0x070D3206,Plugins\FieldEditor4\LAND\RONIN_OBJECT\MHE_TMD4\set-csl-goods-pot-02-DES\set-csl-goods-pot-02-DES.g1mx
0x072EF15A,Plugins\FieldEditor4\LAND\RONIN_OBJECT\MHE_TMD4\set-s02-ykhm-objects-15-chair01-DES\set-s02-ykhm-objects-15-chair01-DES.g1cox
0x073F1BA6,Plugins\FieldEditor4\LAND\TWILIGHT_OBJECT\MHE_TMD4\set-s050-goods-watertank-01\set-s050-goods-watertank-01.g1cox
0x0755C687,Plugins\FieldEditor4\LAND\RONIN_LIGHT\MHE_TMD4\set-ykak-tourou-02-DES\set-ykak-tourou-02-DES.g1p
0x0782FC83,Plugins\FieldEditor4\LAND\RONIN_OBJECT\MHE_TMD4\set-s170-goods-pail-02-DES\set-s170-goods-pail-02-DES.g1p
0x079C717B,Plugins\FieldEditor4\LAND\RONIN_OBJECT03\MHE_TMD4\set-csl-goods-weapon-11-DES\set-csl-goods-weapon-11-DES.g1p
0x07BC434E,Plugins\FieldEditor4\LAND\RONIN_OBJECT03\MHE_TMD4\set-s170-goods-tea-02-DES\set-s170-goods-tea-02-DES.g1cox
0x07DA835C,Plugins\FieldEditor4\LAND\RONIN_OBJECT03\MHE_TMD4\set-s01-hod-inn-door-02b-break01-DES\set-s01-hod-inn-door-02b-break01-DES.g1mx
0x07DCF1AA,Plugins\FieldEditor4\LAND\RONIN_OBJECT\MHE_TMD4\set-csl-goods-A-pot-00-DES\set-csl-goods-A-pot-00-DES.g1cox
0x082669F0,Plugins\FieldEditor4\LAND\RONIN_OBJECT03\MHE_TMD4\set-s01-sakr-goods-dish04-DES\set-s01-sakr-goods-dish04-DES.g1cox
0x08634416,Plugins\FieldEditor4\LAND\DAYLIGHT_BAK_LIGHT\MHE_TMD4\set-bak-bonfire-01-DES\set-bak-bonfire-01-DES.g1p
0x086D4C71,Plugins\FieldEditor4\LAND\RONIN_OBJECT03\MHE_TMD4\set-s01-ykp-signboard-01\set-s01-ykp-signboard-01.g1cox
0x08759A91,Plugins\FieldEditor4\LAND\RONIN_OBJECT03\MHE_TMD4\set-cmn-mib-flag-02b\set-cmn-mib-flag-02b.g1p
0x08760F0A,Plugins\FieldEditor4\LAND\RONIN_OBJECT03\MHE_TMD4\set-s02-ykhm-objects-00-stall-01-DES\set-s02-ykhm-objects-00-stall-01-DES.g1p
0x0894BB85,Plugins\FieldEditor4\LAND\RONIN_OBJECT\MHE_TMD4\set-cmn-g-fire-01b\set-cmn-g-fire-01b.g1mx
0x08A6A450,Plugins\FieldEditor4\LAND\RONIN_OBJECT03\MHE_TMD4\set-s01-goods-desk-03-DES\set-s01-goods-desk-03-DES.g1mx
0x08AC5700,Plugins\FieldEditor4\LAND\RONIN_OBJECT03\MHE_TMD4\set-s01-goods-cask-02\set-s01-goods-cask-02.g1mx
0x09053328,Plugins\FieldEditor4\LAND\DAYLIGHT_CMN_GENERAL\MHE_TMD4\set-cmn-g-nohocanon-01\set-cmn-g-nohocanon-01.g1mx
0x090D0B04,Plugins\FieldEditor4\LAND\RONIN_OBJECT\MHE_TMD4\set-s02-ykhm-objects-66-salt-farm-hoe-01-DES\set-s02-ykhm-objects-66-salt-farm-hoe-01-DES.g1mx
0x0953F33D,Plugins\FieldEditor4\LAND\RONIN_OBJECT03\MHE_TMD4\set-s01-ykp-bonsai-00-DES\set-s01-ykp-bonsai-00-DES.g1p
0x09690321,Plugins\FieldEditor4\LAND\RONIN_OBJECT03\MHE_TMD4\set-csl-goods-pot-06b-DES\obj-csl-goods-pot-06b-DES.g1cox
0x097D18C2,Plugins\FieldEditor4\LAND\TWILIGHT_OBJECT\MHE_TMD4\set-s050-goods-watertank-01\set-s050-goods-watertank-01.g1p
0x09AFEE8D,Plugins\FieldEditor4\LAND\RONIN_OBJECT\MHE_TMD4\set-s02-ykhm-objects-00-dish01-DES\set-s02-ykhm-objects-00-dish01-DES.g1p
0x09CF2A17,Plugins\FieldEditor4\LAND\RONIN_OBJECT03\MHE_TMD4\set-cmn-mib-flag-03b\set-cmn-mib-flag-03b.g1mx
0x09D70761,Plugins\FieldEditor4\LAND\TWILIGHT_OBJECT\MHE_TMD4\set-general-placement-14-bk\set-general-placement-14-bk.g1p
0x09DF08C1,Plugins\FieldEditor4\LAND\RONIN_LIGHT\MHE_TMD4\set-csl-goods-light-03a-DES\set-csl-goods-light-03a-DES.g1cox
0x0A0C3E24,Plugins\FieldEditor4\LAND\RONIN_LIGHT\MHE_TMD4\set-s03-kyt-cmn-objects-light-andon-02a-DES\set-s03-kyt-cmn-objects-light-andon-02a-DES.g1p
0x0A68AE20,Plugins\FieldEditor4\LAND\DAYLIGHT_SEN_OBJECT\MHE_TMD4\set-sen-you-goods-shugen-08-DES\set-sen-you-goods-shugen-08-DES.g1p
0x0A88D258,Plugins\FieldEditor4\LAND\RONIN_OBJECT\MHE_TMD4\set-s02-ykhm-objects-32-cups01-DES\set-s02-ykhm-objects-32-cups01-DES.g1mx
0x0A9098D9,Plugins\FieldEditor4\LAND\RONIN_OBJECT03\MHE_TMD4\set-EX-kitchen-bench01-DES\set-EX-kitchen-bench01-DES.g1p
0x0AD21AEE,Plugins\FieldEditor4\LAND\RONIN_OBJECT03\MHE_TMD4\set-s02-edj-wooden-box-02-DES\obj-s02-edj-wooden-box-02-DES.g1mx
0x0ADFA710,Plugins\FieldEditor4\LAND\TWILIGHT_OBJECT\MHE_TMD4\set-s060-hole-goods-04\set-s060-hole-goods-04.g1mx
0x0AE2BEFA,Plugins\FieldEditor4\LAND\DAYLIGHT_CMN_HELL\MHE_TMD4\set-gdt-hell-kusabi-a03-DES\set-gdt-hell-kusabi-a03-DES.g1cox
0x0AF013FB,Plugins\FieldEditor4\LAND\RONIN_OBJECT03\MHE_TMD4\set-s01-ykp-shop-photo-obj-chair01-DES\set-s01-ykp-shop-photo-obj-chair01-DES.g1mx
0x0B05CDF1,Plugins\FieldEditor4\LAND\TWILIGHT_OBJECT\MHE_TMD4\set-s010-bg-gm-11\set-s010-bg-gm-11.g1p
0x0B15B312,Plugins\FieldEditor4\LAND\RONIN_OBJECT\MHE_TMD4\set-csl-goods-shelf-03-DES\set-csl-goods-shelf-03-DES.g1mx
0x0B370566,Plugins\FieldEditor4\LAND\RONIN_OBJECT03\MHE_TMD4\set-s01-umbrella-a-04\set-s01-umbrella-a-04.g1p
0x0B519991,Plugins\FieldEditor4\LAND\DAYLIGHT_CMN_HELL\MHE_TMD4\set-hell-sotoba-01\set-hell-sotoba-01.g1cox
0x0B7C33F0,Plugins\FieldEditor4\LAND\TWILIGHT_OBJECT\MHE_TMD4\set-s010-bg-gm-01\set-s010-bg-gm-01.g1p
0x0B7FEA47,Plugins\FieldEditor4\LAND\RONIN_OBJECT\MHE_TMD4\set-csl-goods-A-pot-03-DES\set-csl-goods-A-pot-03-DES.g1cox
0x0B8B0197,Plugins\FieldEditor4\LAND\RONIN_OBJECT03\MHE_TMD4\set-s02-ykhm-close-objects-05a-DES\set-s02-ykhm-close-objects-05a-DES.g1p
0x0B974313,Plugins\FieldEditor4\LAND\RONIN_OBJECT\MHE_TMD4\set-s02-ykhm-objects-05-jars02-DES\set-s02-ykhm-objects-05-jars02-DES.g1p
0x0B97CBE3,Plugins\FieldEditor4\LAND\RONIN_OBJECT03\MHE_TMD4\set-cmn-kyt-screen-01a-DES\set-cmn-kyt-screen-01a-DES.g1cox
0x0B9C0864,Plugins\FieldEditor4\LAND\TWILIGHT_OBJECT\MHE_TMD4\set-general-placement-18-bk\set-general-placement-18-bk.g1mx
0x0BD5A43E,Plugins\FieldEditor4\LAND\RONIN_OBJECT\MHE_TMD4\set-csl-goods-tea-02-DES\set-csl-goods-tea-02-DES.g1p
0x0C055D2E,Plugins\FieldEditor4\LAND\TWILIGHT_OBJECT\MHE_TMD4\set-S350-haniwa-a02\set-S350-haniwa-a02.g1p
0x0C272C5C,Plugins\FieldEditor4\LAND\RONIN_OBJECT\MHE_TMD4\set-s01-ykw-fishing-objects-02-basket-01-DES\set-s01-ykw-fishing-objects-02-basket-01-DES.g1cox
0x0C2CB550,Plugins\FieldEditor4\LAND\DAYLIGHT_CMN_GENERAL\MHE_TMD4\set-gdt-sen-kzk-temple-floor-01-DES\set-gdt-sen-kzk-temple-floor-01-DES.g1mx
0x0C2F029A,Plugins\FieldEditor4\LAND\RONIN_OBJECT03\MHE_TMD4\set-csl-goods-cloth-05\obj-csl-goods-cloth-05.g1mx
0x0C5C0BAE,Plugins\FieldEditor4\LAND\RONIN_OBJECT\MHE_TMD4\set-s01-sksh-close-objects-04a\set-s01-sksh-close-objects-04a.g1p
0x0C95C86F,Plugins\FieldEditor4\LAND\RONIN_OBJECT03\MHE_TMD4\set-s02-edo-knd-obj-three-02-DES\set-s02-edo-knd-obj-three-02-DES.g1mx
0x0CA81A2E,Plugins\FieldEditor4\LAND\RONIN_OBJECT03\MHE_TMD4\set-cmn-flag-chosyuhan\set-cmn-flag-chosyuhan.g1mx
0x0CB965D7,Plugins\FieldEditor4\LAND\RONIN_OBJECT03\MHE_TMD4\set-s050-box-02\set-s050-box-02.g1mx
0x0CDCF450,Plugins\FieldEditor4\LAND\DAYLIGHT_SEN_OBJECT\MHE_TMD4\set-sen-cmn-tea-house-signboard-DES\set-sen-cmn-tea-house-signboard-DES.g1p
0x0CE3F8A6,Plugins\FieldEditor4\LAND\DRAFT_MODEL_CONTAINER\MHE_TMD4\set-general-bonfire-t00a\set-general-bonfire-t00a.g1mx
0x0CF5E11D,Plugins\FieldEditor4\LAND\RONIN_OBJECT\MHE_TMD4\set-s01-ykp-shop-drug-object-24a-break-DES\set-s01-ykp-shop-drug-object-24a-break-DES.g1p
0x0D017E99,Plugins\FieldEditor4\LAND\RONIN_OBJECT03\MHE_TMD4\set-EX-kitchen-goblet01-DES\set-EX-kitchen-goblet01-DES.g1mx
0x0D018B66,Plugins\FieldEditor4\LAND\RONIN_OBJECT\MHE_TMD4\set-csl-goods-pail-03-DES\set-csl-goods-pail-03-DES.g1mx
0x0D345E85,Plugins\FieldEditor4\LAND\RONIN_LIGHT\MHE_TMD4\set-s03-kyt-cmn-objects-light-andon-02a-DES\set-s03-kyt-cmn-objects-light-andon-02a-DES.g1mx
0x0D4094B3,Plugins\FieldEditor4\LAND\DAYLIGHT_KOD_OBJECT\MHE_TMD4\set-kod-sakimori-03-DES\set-kod-sakimori-03-DES.g1cox
0x0D62F9E1,Plugins\FieldEditor4\LAND\RONIN_OBJECT\MHE_TMD4\set-cmn-g-throw-pot-01a-DES\set-cmn-g-throw-pot-01a-DES.g1mx
0x0D6643DE,Plugins\FieldEditor4\LAND\RONIN_OBJECT03\MHE_TMD4\set-s02-edo-knd-obj-three-02-DES\set-s02-edo-knd-obj-three-02-DES.g1cox
0x0D6E7983,Plugins\FieldEditor4\LAND\RONIN_OBJECT\MHE_TMD4\set-s01-ry-goods-kithn-chair-00\set-s01-ry-goods-kithn-chair-00.g1mx
0x0D77E11F,Plugins\FieldEditor4\LAND\RONIN_OBJECT03\MHE_TMD4\set-s01-goods-cask-02-DES\set-s01-goods-cask-02-DES.g1cox
0x0D8605A8,Plugins\FieldEditor4\LAND\RONIN_OBJECT03\MHE_TMD4\set-general-bonfire-t03a\set-general-bonfire-t03a.g1p
0x0DA40344,Plugins\FieldEditor4\LAND\RONIN_OBJECT03\MHE_TMD4\set-s02-edo-knd-obj-25a-DES\set-s02-edo-knd-obj-25a-DES.g1cox
0x0DB558E9,Plugins\FieldEditor4\LAND\RONIN_OBJECT03\MHE_TMD4\set-s170-goods-tea-01-DES\set-s170-goods-tea-01-DES.g1p
0x0DF222E5,Plugins\FieldEditor4\LAND\DAYLIGHT_SEN_OBJECT\MHE_TMD4\set-MS-sen-htmt-coral-01c-DES\set-MS-sen-htmt-coral-01c-DES.g1p
0x0DF7677A,Plugins\FieldEditor4\LAND\DAYLIGHT_SEN_OBJECT\MHE_TMD4\set-cmn-fusuma-01b-DES\set-cmn-fusuma-01b-DES.g1mx
0x0E11E66A,Plugins\FieldEditor4\LAND\TWILIGHT_OBJECT\MHE_TMD4\set-general-placement-14\set-general-placement-14.g1p
0x0E1EFF64,Plugins\FieldEditor4\LAND\RONIN_LIGHT\MHE_TMD4\set-cmn-g-fire-01a\set-cmn-g-fire-01a.g1cox
0x0E211E66,Plugins\FieldEditor4\LAND\RONIN_OBJECT03\MHE_TMD4\set-s02-ykhm-objects-54-fabric03-DES\set-s02-ykhm-objects-54-fabric03-DES.g1cox
0x0E3B696E,Plugins\FieldEditor4\LAND\DAYLIGHT_KOD_LIGHT\MHE_TMD4\set-kod-kajiya-light-02-DES\set-kod-kajiya-light-02-DES.g1mx
0x0E514BDD,Plugins\FieldEditor4\LAND\DAYLIGHT_SEN_OBJECT\MHE_TMD4\set-cmn-fusuma-03a-DES\set-cmn-fusuma-03a-DES.g1mx
0x0E660085,Plugins\FieldEditor4\LAND\RONIN_OBJECT\MHE_TMD4\set-general-bonfire-t02a\set-general-bonfire-t02a.g1mx
0x0E66581A,Plugins\FieldEditor4\LAND\RONIN_OBJECT03\MHE_TMD4\set-s02-ykhm-objects-04-jars01-DES\set-s02-ykhm-objects-04-jars01-DES.g1cox
0x0E70F35D,Plugins\FieldEditor4\LAND\DAYLIGHT_CMN_GENERAL\MHE_TMD4\set-GGT-hei-s0310-bamboo-M-03-DES\set-GGT-hei-s0310-bamboo-M-03-DES.g1cox
0x0ECF47A3,Plugins\FieldEditor4\LAND\RONIN_OBJECT03\MHE_TMD4\set-csl-goods-weapon-08-DES\set-csl-goods-weapon-08-DES.g1p
0x0EE430F2,Plugins\FieldEditor4\LAND\DAYLIGHT_SEN_OBJECT\MHE_TMD4\set-cmn-fusuma-01a-DES\set-cmn-fusuma-01a-DES.g1cox
0x0EE852CF,Plugins\FieldEditor4\LAND\RONIN_OBJECT03\MHE_TMD4\set-s02-ykhm-objects-58-cabinet05-DES\set-s02-ykhm-objects-58-cabinet05-DES.g1p
0x0F1DA5E4,Plugins\FieldEditor4\LAND\RONIN_OBJECT\MHE_TMD4\set-s01-ykp-shop-kajiya-object-09a-DES\set-s01-ykp-shop-kajiya-object-09a-DES.g1cox
0x0F55226A,Plugins\FieldEditor4\LAND\RONIN_OBJECT03\MHE_TMD4\set-s02-ykhm-objects-00-stall-05-DES\set-s02-ykhm-objects-00-stall-05-DES.g1cox
0x0F639E9F,Plugins\FieldEditor4\LAND\RONIN_OBJECT\MHE_TMD4\set-s01-ykp-shop-kajiya-obj-01\set-s01-ykp-shop-kajiya-obj-01.g1p
0x0F6DF271,Plugins\FieldEditor4\LAND\TWILIGHT_OBJECT\MHE_TMD4\set-s010-bg-gm-04\set-s010-bg-gm-04.g1cox
0x0F7343C9,Plugins\FieldEditor4\LAND\RONIN_OBJECT03\MHE_TMD4\set-s02-edj-paper-02-DES\obj-s02-edj-paper-02-DES.g1mx
0x0F833287,Plugins\FieldEditor4\LAND\RONIN_OBJECT03\MHE_TMD4\set-s02-ykhm-objects-39-table04-DES\set-s02-ykhm-objects-39-table04-DES.g1p
0x0F9E29FF,Plugins\FieldEditor4\LAND\RONIN_OBJECT03\MHE_TMD4\set-cmn-flag-chosyuhan\set-cmn-flag-chosyuhan.g1cox
0x0FA73941,Plugins\FieldEditor4\LAND\RONIN_OBJECT\MHE_TMD4\set-s01-ykp-shop-drug-object-24a-break-DES\set-s01-ykp-shop-drug-object-24a-break-DES.g1cox
0x0FAC39B6,Plugins\FieldEditor4\LAND\RONIN_OBJECT\MHE_TMD4\set-s01-ykw-fishing-objects-02-basket-03-DES\set-s01-ykw-fishing-objects-02-basket-03-DES.g1p
0x0FEE71D7,Plugins\FieldEditor4\LAND\RONIN_OBJECT\MHE_TMD4\set-cmn-obj-kakashi-01a\set-cmn-obj-kakashi-01a.g1cox
0x1059A10A,Plugins\FieldEditor4\LAND\DAYLIGHT_SEN_OBJECT\MHE_TMD4\set-MS-sen-htmt-coral-02c-DES\set-MS-sen-htmt-coral-02c-DES.g1cox
0x105A66AC,Plugins\FieldEditor4\LAND\DAYLIGHT_SEN_OBJECT\MHE_TMD4\set-sen-you-goods-shugen-11-DES\set-sen-you-goods-shugen-11-DES.g1cox
0x105EC426,Plugins\FieldEditor4\LAND\RONIN_OBJECT\MHE_TMD4\set-s010-furnace-goods00\set-s010-furnace-goods00.g1p
0x106E16B7,Plugins\FieldEditor4\LAND\DAYLIGHT_SEN_OBJECT\MHE_TMD4\set-hre-fusuma-02b-DES\set-hre-fusuma-02b-DES.g1p
0x10AE308C,Plugins\FieldEditor4\LAND\RONIN_OBJECT03\MHE_TMD4\set-ykak-goods-chair-01\set-ykak-goods-chair-01.g1mx
0x10C5B6A8,Plugins\FieldEditor4\LAND\RONIN_LIGHT\MHE_TMD4\set-csl-goods-light-02-DES\set-csl-goods-light-02-DES.g1mx
0x10D4838E,Plugins\FieldEditor4\LAND\RONIN_OBJECT03\MHE_TMD4\set-cmn-ky-shop-obj-flag-04\set-cmn-ky-shop-obj-flag-04.g1p
0x10E72E9A,Plugins\FieldEditor4\LAND\RONIN_OBJECT\MHE_TMD4\set-ykak-goods-chair-04-DES\set-ykak-goods-chair-04-DES.g1mx
0x11019BF8,Plugins\FieldEditor4\LAND\DAYLIGHT_CMN_GENERAL\MHE_TMD4\set-bak-gdt-needle-floor\set-bak-gdt-needle-floor.g1p
0x11156334,Plugins\FieldEditor4\LAND\DRAFT_MODEL_CONTAINER\MHE_TMD4\set-s060-hole-goods-10\set-s060-hole-goods-10.g1mx
0x1125BC22,Plugins\FieldEditor4\LAND\DRAFT_MODEL_CONTAINER\MHE_TMD4\set-s120-hole-box-01\set-s120-hole-box-01.g1mx
0x11301B27,Plugins\FieldEditor4\LAND\DAYLIGHT_SEN_OBJECT\MHE_TMD4\set-MS-sen-htmt-coral-01a-DES\set-MS-sen-htmt-coral-01a-DES.g1p
0x11668ABC,Plugins\FieldEditor4\LAND\RONIN_OBJECT03\MHE_TMD4\set-s02-ykhm-objects-44-scaffolding01-DES\set-s02-ykhm-objects-44-scaffolding01-DES.g1p
0x1172F1FD,Plugins\FieldEditor4\LAND\RONIN_OBJECT03\MHE_TMD4\set-EX-kitchen-bench01-DES\set-EX-kitchen-bench01-DES.g1cox
0x1178D2A8,Plugins\FieldEditor4\LAND\RONIN_OBJECT03\MHE_TMD4\set-s01-ykp-shop-drug-object-15a-DES\set-s01-ykp-shop-drug-object-15a-DES.g1mx
0x119628DF,Plugins\FieldEditor4\LAND\RONIN_OBJECT03\MHE_TMD4\set-csl-goods-vase-05-DES\set-csl-goods-vase-05-DES.g1p
0x11B14F4B,Plugins\FieldEditor4\LAND\RONIN_OBJECT03\MHE_TMD4\set-s170-goods-cloth-09-DES\set-s170-goods-cloth-09-DES.g1cox
0x11B65376,Plugins\FieldEditor4\LAND\RONIN_OBJECT03\MHE_TMD4\set-s050-box-02\set-s050-box-02.g1cox
0x11C1F1A7,Plugins\FieldEditor4\LAND\RONIN_OBJECT03\MHE_TMD4\set-s170-goods-cloth-09-DES\set-s170-goods-cloth-09-DES.g1p
0x11C7EDFB,Plugins\FieldEditor4\LAND\RONIN_OBJECT03\MHE_TMD4\set-s03-kin-flag-02a\set-s03-kin-flag-02a.g1mx
0x123A92B4,Plugins\FieldEditor4\LAND\RONIN_OBJECT\MHE_TMD4\set-s02-ykhm-close-objects-23a-DES\set-s02-ykhm-close-objects-23a-DES.g1cox
0x1250B5BC,Plugins\FieldEditor4\LAND\RONIN_OBJECT\MHE_TMD4\set-s01-ykp-shop-kajiya-object-12a-DES\set-s01-ykp-shop-kajiya-object-12a-DES.g1cox
0x125DC6C6,Plugins\FieldEditor4\LAND\RONIN_OBJECT\MHE_TMD4\set-s01-ykp-watervat-01-DES\set-s01-ykp-watervat-01-DES.g1mx
0x127D8E4D,Plugins\FieldEditor4\LAND\DAYLIGHT_KOD_OBJECT\MHE_TMD4\set-MS-kod-sakimori-01b-DES\set-MS-kod-sakimori-01b-DES.g1p
0x1284B80D,Plugins\FieldEditor4\LAND\RONIN_OBJECT\MHE_TMD4\set-csl-goods-fusuma-a01-DES\set-csl-goods-fusuma-a01-DES.g1cox
0x1290F280,Plugins\FieldEditor4\LAND\TWILIGHT_OBJECT\MHE_TMD4\set-s010-bg-gm-08\set-s010-bg-gm-08.g1mx
0x12D5FF1F,Plugins\FieldEditor4\LAND\RONIN_OBJECT\MHE_TMD4\set-s01-ysk-objects-00-strawmats05\set-s01-ysk-objects-00-strawmats05.g1mx
0x12ED137C,Plugins\FieldEditor4\LAND\DAYLIGHT_KOD_OBJECT\MHE_TMD4\set-MS-kod-sakimori-01b-DES\set-MS-kod-sakimori-01b-DES.g1mx
0x12F61D2C,Plugins\FieldEditor4\LAND\RONIN_OBJECT\MHE_TMD4\set-csl-goods-table-01-DES\set-csl-goods-table-01-DES.g1mx
0x130CC36E,Plugins\FieldEditor4\LAND\TWILIGHT_OBJECT\MHE_TMD4\set-general-placement-03\set-general-placement-03.g1cox
0x131AAAD9,Plugins\FieldEditor4\LAND\RONIN_OBJECT\MHE_TMD4\set-csl-goods-shelf-05-DES\set-csl-goods-shelf-05-DES.g1cox
0x131AD64A,Plugins\FieldEditor4\LAND\RONIN_OBJECT03\MHE_TMD4\set-ykak-goods-chair-03\set-ykak-goods-chair-03.g1mx
0x138E82BE,Plugins\FieldEditor4\LAND\RONIN_OBJECT03\MHE_TMD4\set-MS-feudaljapan-tourou-01-DES\set-MS-feudaljapan-tourou-01-DES.g1mx
0x13A4615A,Plugins\FieldEditor4\LAND\TWILIGHT_OBJECT\MHE_TMD4\set-s060-hole-goods-16\set-s060-hole-goods-16.g1p
0x13BA1059,Plugins\FieldEditor4\LAND\DRAFT_MODEL_CONTAINER\MHE_TMD4\set-s050-box-03\set-s050-box-03.g1cox
0x13BB0AEC,Plugins\FieldEditor4\LAND\RONIN_OBJECT\MHE_TMD4\set-csl-goods-fusuma-a02-DES\set-csl-goods-fusuma-a02-DES.g1cox
0x13FAA683,Plugins\FieldEditor4\LAND\TWILIGHT_PLANTHICHI\MHE_TMD4\set-s050-tree-boss-small-03\set-s050-tree-boss-small-03.g1mx
0x13FE23D1,Plugins\FieldEditor4\LAND\RONIN_OBJECT03\MHE_TMD4\set-s02-ykhm-objects-59-cabinet06-DES\set-s02-ykhm-objects-59-cabinet06-DES.g1p
0x140983EB,Plugins\FieldEditor4\LAND\RONIN_OBJECT\MHE_TMD4\set-s01-ykp-shop-drug-object-26a-DES\set-s01-ykp-shop-drug-object-26a-DES.g1mx
0x140F0797,Plugins\FieldEditor4\LAND\DAYLIGHT_EDO_OBJECT\MHE_TMD4\set-edo-edojo-box-02-DES\set-edo-edojo-box-02-DES.g1cox
0x142280FE,Plugins\FieldEditor4\LAND\RONIN_OBJECT03\MHE_TMD4\set-s01-sakr-goods-dish03-DES\set-s01-sakr-goods-dish03-DES.g1mx
0x143785D8,Plugins\FieldEditor4\LAND\RONIN_OBJECT03\MHE_TMD4\set-s01-ry-goods-vase-01-DES\set-s01-ry-goods-vase-01-DES.g1cox
0x1443164D,Plugins\FieldEditor4\LAND\TWILIGHT_OBJECT\MHE_TMD4\set-general-placement-13\set-general-placement-13.g1cox
0x147D5E76,Plugins\FieldEditor4\LAND\RONIN_OBJECT\MHE_TMD4\set-s01-ysk-objects-00-cabinets11-DES\set-s01-ysk-objects-00-cabinets11-DES.g1p
0x14DFC3E0,Plugins\FieldEditor4\LAND\RONIN_OBJECT\MHE_TMD4\set-cmn-kyt-obj-Village-goods-01-DES\set-cmn-kyt-obj-Village-goods-01-DES.g1p
0x153E5871,Plugins\FieldEditor4\LAND\RONIN_OBJECT03\MHE_TMD4\set-s01-ykp-tableware-06-DES\set-s01-ykp-tableware-06-DES.g1mx
0x155F3336,Plugins\FieldEditor4\LAND\TWILIGHT_OBJECT\MHE_TMD4\set-gl-brkobj-box-01a\set-gl-brkobj-box-01a.g1cox
0x1565380C,Plugins\FieldEditor4\LAND\RONIN_OBJECT03\MHE_TMD4\set-krf-cannon-box-01-DES\set-krf-cannon-box-01-DES.g1mx
0x157BD74E,Plugins\FieldEditor4\LAND\DAYLIGHT_SEN_HOUSE\MHE_TMD4\set-sen-cmn-hotel-door-03-DES\set-sen-cmn-hotel-door-03-DES.g1mx
0x15E7BFA4,Plugins\FieldEditor4\LAND\RONIN_OBJECT\MHE_TMD4\set-cmn-mib-objects-pillow-01-DES\set-cmn-mib-objects-pillow-01-DES.g1cox
0x15E8705B,Plugins\FieldEditor4\LAND\DAYLIGHT_SEN_OBJECT\MHE_TMD4\set-hre-fusuma-02b-DES\set-hre-fusuma-02b-DES.g1cox
0x15EB91AA,Plugins\FieldEditor4\LAND\DAYLIGHT_CMN_GENERAL\MHE_TMD4\set-cmn-gdt-syugorei-rock-M01\set-cmn-gdt-syugorei-rock-M01.g1mx
0x15FD304C,Plugins\FieldEditor4\LAND\RONIN_OBJECT03\MHE_TMD4\set-s02-ykhm-objects-60-cabinet07-DES\set-s02-ykhm-objects-60-cabinet07-DES.g1cox
0x160BEC89,Plugins\FieldEditor4\LAND\RONIN_OBJECT\MHE_TMD4\set-csl-goods-screen-01-DES\set-csl-goods-screen-01-DES.g1p
0x1615790D,Plugins\FieldEditor4\LAND\RONIN_OBJECT\MHE_TMD4\set-s01-ysk-objects-00-cabinets06-DES\set-s01-ysk-objects-00-cabinets06-DES.g1mx
0x16287DD8,Plugins\FieldEditor4\LAND\DAYLIGHT_CMN_PLANTHICHI\MHE_TMD4\set-dyl-tree-boss-small-02-DES\set-dyl-tree-boss-small-02-DES.g1mx
0x1635038F,Plugins\FieldEditor4\LAND\RONIN_OBJECT\MHE_TMD4\set-cmn-g-throwdonou-01-DES\set-cmn-g-throwdonou-01-DES.g1cox
0x165D16EF,Plugins\FieldEditor4\LAND\RONIN_OBJECT\MHE_TMD4\set-s170-goods-table-05\set-s170-goods-table-05.g1mx
0x16717D62,Plugins\FieldEditor4\LAND\RONIN_OBJECT03\MHE_TMD4\set-s170-goods-weapon-09-DES\set-s170-goods-weapon-09-DES.g1mx
0x16958615,Plugins\FieldEditor4\LAND\TWILIGHT_OBJECT\MHE_TMD4\set-gl-brkobj-box-01b\set-gl-brkobj-box-01b.g1cox
0x169BFCE5,Plugins\FieldEditor4\LAND\RONIN_OBJECT03\MHE_TMD4\set-s02-ykhm-objects-00-stall-06-DES\set-s02-ykhm-objects-00-stall-06-DES.g1p
0x16D5481D,Plugins\FieldEditor4\LAND\RONIN_OBJECT03\MHE_TMD4\set-csl-goods-weapon-02-DES\set-csl-goods-weapon-02-DES.g1p
0x16DE1A87,Plugins\FieldEditor4\LAND\DRAFT_MODEL_CONTAINER\MHE_TMD4\set-general-bonfire-t00a\set-general-bonfire-t00a.g1cox
0x171A89B8,Plugins\FieldEditor4\LAND\RONIN_OBJECT\MHE_TMD4\set-s02-ykhm-objects-46-pannier01-DES\set-s02-ykhm-objects-46-pannier01-DES.g1cox
0x173A07A4,Plugins\FieldEditor4\LAND\TWILIGHT_OBJECT\MHE_TMD4\set-S060-obj-f-01b-bk\set-S060-obj-f-01b-bk.g1cox
0x176BB8A5,Plugins\FieldEditor4\LAND\TWILIGHT_OBJECT\MHE_TMD4\set-s080-goods-straw-break-01\set-s080-goods-straw-break-01.g1mx
0x176D5DA8,Plugins\FieldEditor4\LAND\RONIN_OBJECT03\MHE_TMD4\set-s02-ykhm-objects-30-braziers01-DES\set-s02-ykhm-objects-30-braziers01-DES.g1mx
0x17A15ECF,Plugins\FieldEditor4\LAND\RONIN_OBJECT03\MHE_TMD4\set-DE-hatago-andon-t02a\set-DE-hatago-andon-t02a.g1cox
0x17C3F9AF,Plugins\FieldEditor4\LAND\RONIN_OBJECT\MHE_TMD4\set-s02-ykhm-objects-16-blinds00-DES\set-s02-ykhm-objects-16-blinds00-DES.g1p
0x17F0594C,Plugins\FieldEditor4\LAND\RONIN_OBJECT03\MHE_TMD4\set-s01-ykp-shop-drug-object-22a-DES\set-s01-ykp-shop-drug-object-22a-DES.g1mx
0x17FB7D56,Plugins\FieldEditor4\LAND\RONIN_OBJECT03\MHE_TMD4\set-s02-ykhm-close-objects-04a-DES\set-s02-ykhm-close-objects-04a-DES.g1p
0x1805521D,Plugins\FieldEditor4\LAND\TWILIGHT_OBJECT\MHE_TMD4\set-s060-hole-goods-sacks-05\set-s060-hole-goods-sacks-05.g1p
0x1833D538,Plugins\FieldEditor4\LAND\RONIN_OBJECT\MHE_TMD4\set-s02-ykhm-objects-33-cups02-DES\set-s02-ykhm-objects-33-cups02-DES.g1mx
0x1848D519,Plugins\FieldEditor4\LAND\RONIN_OBJECT03\MHE_TMD4\set-s02-ykhm-objects-watertank-42a\set-s02-ykhm-objects-watertank-42a.g1p
0x1865EE09,Plugins\FieldEditor4\LAND\DAYLIGHT_SEN_OBJECT\MHE_TMD4\set-sen-you-goods-shugen-08-DES\set-sen-you-goods-shugen-08-DES.g1mx
0x1876C541,Plugins\FieldEditor4\LAND\DAYLIGHT_BAK_OBJECT\MHE_TMD4\set-bak-abu-goods-01-DES\set-bak-abu-goods-01-DES.g1mx
0x1889D08E,Plugins\FieldEditor4\LAND\RONIN_OBJECT03\MHE_TMD4\set-s01-ysk-shoji-02-ref-DES\set-s01-ysk-shoji-02-ref-DES.g1cox
0x18914E3A,Plugins\FieldEditor4\LAND\RONIN_OBJECT\MHE_TMD4\set-csl-goods-cushion-02-DES\set-csl-goods-cushion-02-DES.g1mx
0x189C1BCB,Plugins\FieldEditor4\LAND\DRAFT_MODEL_CONTAINER\MHE_TMD4\set-s050-goods-rice-01\set-s050-goods-rice-01.g1p
0x18A87C21,Plugins\FieldEditor4\LAND\RONIN_OBJECT\MHE_TMD4\set-s01-ykp-shop-drug-object-25a-DES\set-s01-ykp-shop-drug-object-25a-DES.g1cox
0x18B9CF90,Plugins\FieldEditor4\LAND\DAYLIGHT_SEN_HOUSE\MHE_TMD4\set-sen-cmn-hotel-door-01-DES\set-sen-cmn-hotel-door-01-DES.g1mx
0x18DC36B1,Plugins\FieldEditor4\LAND\RONIN_OBJECT03\MHE_TMD4\set-s01-sakr-goods-dish05-DES\set-s01-sakr-goods-dish05-DES.g1cox
0x1921F44C,Plugins\FieldEditor4\LAND\RONIN_OBJECT\MHE_TMD4\set-cmn-kyt-flag-02a-DES\set-cmn-kyt-flag-02a-DES.g1mx
0x1955EED6,Plugins\FieldEditor4\LAND\DAYLIGHT_CMN_PLANTHICHI\MHE_TMD4\set-dyl-tree-boss-small-03-DES\set-dyl-tree-boss-small-03-DES.g1cox
0x195C27D2,Plugins\FieldEditor4\LAND\TWILIGHT_OBJECT\MHE_TMD4\set-s010-bg-gm-10\set-s010-bg-gm-10.g1p
0x19A48F42,Plugins\FieldEditor4\LAND\RONIN_OBJECT03\MHE_TMD4\set-cmn-kyt-object-tsukemono-01-DES\set-cmn-kyt-object-tsukemono-01-DES.g1cox
0x19BF110E,Plugins\FieldEditor4\LAND\DAYLIGHT_SEN_OBJECT\MHE_TMD4\set-cmn-fusuma-01a-DES\set-cmn-fusuma-01a-DES.g1p
0x19CFB41C,Plugins\FieldEditor4\LAND\RONIN_OBJECT03\MHE_TMD4\set-s01-ykp-tableware-06-DES\set-s01-ykp-tableware-06-DES.g1cox
0x19FC2A6B,Plugins\FieldEditor4\LAND\TWILIGHT_OBJECT\MHE_TMD4\set-S350-altar-03-brk\set-S350-altar-03-brk.g1p
0x1A2BFE1F,Plugins\FieldEditor4\LAND\RONIN_OBJECT\MHE_TMD4\set-csl-goods-tea-01-DES\set-csl-goods-tea-01-DES.g1p
0x1A35E352,Plugins\FieldEditor4\LAND\RONIN_OBJECT03\MHE_TMD4\set-s010-furnace-goods00-DES\set-s010-furnace-goods00-DES.g1mx
0x1A5B2C6B,Plugins\FieldEditor4\LAND\DAYLIGHT_SEN_OBJECT\MHE_TMD4\set-sen-msk-ruins-DES-01\set-sen-msk-ruins-DES-01.g1mx
0x1A7152F4,Plugins\FieldEditor4\LAND\RONIN_OBJECT03\MHE_TMD4\set-EX-kitchen-goblet01-DES\set-EX-kitchen-goblet01-DES.g1cox
0x1A72DFC7,Plugins\FieldEditor4\LAND\RONIN_OBJECT\MHE_TMD4\set-csl-goods-pail-03-DES\set-csl-goods-pail-03-DES.g1cox
0x1A8D9CE3,Plugins\FieldEditor4\LAND\RONIN_OBJECT03\MHE_TMD4\set-s01-ykp-shop-kajiya-object-27a-DES\set-s01-ykp-shop-kajiya-object-27a-DES.g1cox
0x1AA086CC,Plugins\FieldEditor4\LAND\RONIN_OBJECT03\MHE_TMD4\set-s170-goods-cloth-10-DES\set-s170-goods-cloth-10-DES.g1mx
0x1AADD5A1,Plugins\FieldEditor4\LAND\RONIN_LIGHT\MHE_TMD4\set-csl-goods-light-02-DES\set-csl-goods-light-02-DES.g1p
0x1AB06795,Plugins\FieldEditor4\LAND\DRAFT_MODEL_CONTAINER\MHE_TMD4\set-s060-hole-goods-10\set-s060-hole-goods-10.g1p
0x1ACC86EA,Plugins\FieldEditor4\LAND\RONIN_OBJECT\MHE_TMD4\set-s01-ykp-stall-06-DES\obj-s01-ykp-stall-06-DES.g1mx
0x1AD9B29C,Plugins\FieldEditor4\LAND\RONIN_OBJECT\MHE_TMD4\set-s01-ysk-objects-00-cabinets06-DES\set-s01-ysk-objects-00-cabinets06-DES.g1p
0x1B1FA17D,Plugins\FieldEditor4\LAND\RONIN_OBJECT\MHE_TMD4\set-s01-ysk-objects-00-stove01-DES\set-s01-ysk-objects-00-stove01-DES.g1cox
0x1B48DF78,Plugins\FieldEditor4\LAND\RONIN_OBJECT\MHE_TMD4\set-s02-ykhm-objects-10-clothesline-04\set-s02-ykhm-objects-10-clothesline-04.g1mx
0x1B55D5C2,Plugins\FieldEditor4\LAND\RONIN_OBJECT03\MHE_TMD4\set-s01-ykp-shop-kajiya-object-15a-DES\set-s01-ykp-shop-kajiya-object-15a-DES.g1cox
0x1B7910C2,Plugins\FieldEditor4\LAND\RONIN_OBJECT03\MHE_TMD4\set-s02-ykhm-objects-52-fabric01-DES\set-s02-ykhm-objects-52-fabric01-DES.g1p
0x1BA74AFA,Plugins\FieldEditor4\LAND\RONIN_OBJECT\MHE_TMD4\set-s02-ykhm-objects-10-stair-01-DES\set-s02-ykhm-objects-10-stair-01-DES.g1mx
0x1BB5A9DA,Plugins\FieldEditor4\LAND\TWILIGHT_OBJECT\MHE_TMD4\set-s060-hole-goods-weapon-02\set-s060-hole-goods-weapon-02.g1mx
0x1BB84BB2,Plugins\FieldEditor4\LAND\TWILIGHT_OBJECT\MHE_TMD4\set-general-goods-byobu-03\set-general-goods-byobu-03.g1cox
0x1BC456BF,Plugins\FieldEditor4\LAND\RONIN_OBJECT03\MHE_TMD4\set-s02-edo-knd-obj-19a-DES\set-s02-edo-knd-obj-19a-DES.g1cox
0x1BEA82B9,Plugins\FieldEditor4\LAND\RONIN_OBJECT03\MHE_TMD4\set-s02-edo-ysw-objects-tourou-01a-DES\set-s02-edo-ysw-objects-tourou-01a-DES.g1p
0x1C0653AB,Plugins\FieldEditor4\LAND\RONIN_OBJECT\MHE_TMD4\set-cmn-kyt-obj-sign-01-DES\set-cmn-kyt-obj-sign-01-DES.g1cox
0x1C195E94,Plugins\FieldEditor4\LAND\RONIN_LIGHT\MHE_TMD4\set-s170-goods-lantern-03a-inroom-DES\set-s170-goods-lantern-03a-inroom-DES.g1p
0x1C1EEA53,Plugins\FieldEditor4\LAND\RONIN_OBJECT\MHE_TMD4\set-s010-Village-goods-04\set-s010-Village-goods-04.g1mx
0x1C497764,Plugins\FieldEditor4\LAND\RONIN_OBJECT03\MHE_TMD4\set-s02-kdc-objects-torture-16b-DES\set-s02-kdc-objects-torture-16b-DES.g1cox
0x1C59A226,Plugins\FieldEditor4\LAND\RONIN_OBJECT03\MHE_TMD4\set-s01-ykp-goods-03-DES\set-s01-ykp-goods-03-DES.g1p
0x1C6ECE46,Plugins\FieldEditor4\LAND\RONIN_LIGHT\MHE_TMD4\set-csl-goods-light-03-DES\set-csl-goods-light-03-DES.g1cox
0x1CB9BCDE,Plugins\FieldEditor4\LAND\DAYLIGHT_CMN_GENERAL\MHE_TMD4\set-bak-gdt-hell-blade-tpo\set-bak-gdt-hell-blade-tpo.g1mx
0x1CC3B18C,Plugins\FieldEditor4\LAND\DAYLIGHT_EDO_OBJECT\MHE_TMD4\set-edo-edojo-pot-01-DES\set-edo-edojo-pot-01-DES.g1cox
0x1CE55191,Plugins\FieldEditor4\LAND\RONIN_OBJECT03\MHE_TMD4\set-cmn-edo-obj-watertank-01a-DES\set-cmn-edo-obj-watertank-01a-DES.g1p
0x1CEC3123,Plugins\FieldEditor4\LAND\RONIN_OBJECT\MHE_TMD4\set-csl-goods-A-pot-00-DES\set-csl-goods-A-pot-00-DES.g1mx
0x1D1EEE28,Plugins\FieldEditor4\LAND\TWILIGHT_PLANTHICHI\MHE_TMD4\set-s050-tree-boss-small-01\set-s050-tree-boss-small-01.g1p
0x1D3B5A70,Plugins\FieldEditor4\LAND\RONIN_OBJECT03\MHE_TMD4\set-EX-kitchen-bench01-DES\set-EX-kitchen-bench01-DES.g1mx
0x1D44FF4D,Plugins\FieldEditor4\LAND\RONIN_OBJECT03\MHE_TMD4\set-cmn-ky-shop-obj-flag-03\set-cmn-ky-shop-obj-flag-03.g1p
0x1D4646B6,Plugins\FieldEditor4\LAND\RONIN_OBJECT03\MHE_TMD4\set-s02-ykhm-objects-08-jars05-DES\set-s02-ykhm-objects-08-jars05-DES.g1p
0x1D4ABD0C,Plugins\FieldEditor4\LAND\TWILIGHT_OBJECT\MHE_TMD4\set-general-placement-05\set-general-placement-05.g1p
0x1D637C74,Plugins\FieldEditor4\LAND\DAYLIGHT_SEN_OBJECT\MHE_TMD4\set-sen-cha-basket-03-DES\set-sen-cha-basket-03-DES.g1p
0x1D75E5BF,Plugins\FieldEditor4\LAND\RONIN_OBJECT03\MHE_TMD4\set-s01-ysk-shoji-02-ref-DES\set-s01-ysk-shoji-02-ref-DES.g1mx
0x1D889A39,Plugins\FieldEditor4\LAND\DAYLIGHT_BAK_HELL\MHE_TMD4\set-bak-cmn-hell-needle-01a-DES\set-bak-cmn-hell-needle-01a-DES.g1p
0x1D97A5A3,Plugins\FieldEditor4\LAND\RONIN_OBJECT\MHE_TMD4\set-csl-goods-screen-01b-DES\set-csl-goods-screen-01b-DES.g1p
0x1DBE4733,Plugins\FieldEditor4\LAND\RONIN_OBJECT\MHE_TMD4\set-cmn-obj-kakashi-01a\set-cmn-obj-kakashi-01a.g1p
0x1DCC1663,Plugins\FieldEditor4\LAND\RONIN_OBJECT\MHE_TMD4\set-s01-ykp-shop-kajiya-object-08a-DES\set-s01-ykp-shop-kajiya-object-08a-DES.g1cox
0x1E16BE24,Plugins\FieldEditor4\LAND\DAYLIGHT_SEN_OBJECT\MHE_TMD4\set-sen-cmn-light-03-DES\obj-sen-cmn-light-03-DES.g1mx
0x1E4F0AFA,Plugins\FieldEditor4\LAND\RONIN_OBJECT\MHE_TMD4\set-s02-ykhm-objects-17-blinds01-DES\set-s02-ykhm-objects-17-blinds01-DES.g1mx
0x1E84C7E1,Plugins\FieldEditor4\LAND\RONIN_OBJECT03\MHE_TMD4\set-krf-cannon-box-01-DES\set-krf-cannon-box-01-DES.g1cox
0x1EAB37DB,Plugins\FieldEditor4\LAND\RONIN_OBJECT\MHE_TMD4\set-csl-goods-box-04-DES\set-csl-goods-box-04-DES.g1cox
0x1EBACE35,Plugins\FieldEditor4\LAND\DAYLIGHT_CMN_HELL\MHE_TMD4\set-hell-homura-SS-01-DES\set-hell-homura-SS-01-DES.g1cox
0x1EC1C8B3,Plugins\FieldEditor4\LAND\DAYLIGHT_BAK_OBJECT\MHE_TMD4\set-bak-hnj-obj-pot-buddhist-01a-DES\set-bak-hnj-obj-pot-buddhist-01a-DES.g1mx
0x1ECA708D,Plugins\FieldEditor4\LAND\DRAFT_MODEL_CONTAINER\MHE_TMD4\set-s060-hole-goods-17\set-s060-hole-goods-17.g1mx
0x1EE19784,Plugins\FieldEditor4\LAND\RONIN_OBJECT03\MHE_TMD4\set-s01-ykp-shop-kajiya-obj-03\set-s01-ykp-shop-kajiya-obj-03.g1cox
0x1F03A2C2,Plugins\FieldEditor4\LAND\RONIN_OBJECT\MHE_TMD4\set-cmn-gissha-05\set-cmn-gissha-05.g1cox
0x1F48E041,Plugins\FieldEditor4\LAND\RONIN_OBJECT03\MHE_TMD4\set-csl-goods-weapon-02-DES\set-csl-goods-weapon-02-DES.g1cox
0x1F544CC7,Plugins\FieldEditor4\LAND\TWILIGHT_OBJECT\MHE_TMD4\set-general-placement-07-dirt\set-general-placement-07-dirt.g1p
0x1F58677B,Plugins\FieldEditor4\LAND\RONIN_OBJECT03\MHE_TMD4\set-EX-office-notebook01-DES\set-EX-office-notebook01-DES.g1mx
0x1FDF7239,Plugins\FieldEditor4\LAND\DAYLIGHT_CMN_GENERAL\MHE_TMD4\set-GGT-hei-s0310-bamboo-M-03-DES\set-GGT-hei-s0310-bamboo-M-03-DES.g1p
0x2004B2FD,Plugins\FieldEditor4\LAND\DAYLIGHT_BAK_OBJECT\MHE_TMD4\set-bak-yukaku-fence-01-DES\set-bak-yukaku-fence-01-DES.g1cox
0x20440E51,Plugins\FieldEditor4\LAND\RONIN_OBJECT03\MHE_TMD4\set-s170-goods-table-03-DES\set-s170-goods-table-03-DES.g1cox
0x209A7088,Plugins\FieldEditor4\LAND\RONIN_LIGHT\MHE_TMD4\set-s03-kyt-cmn-objects-light-andon-02a-DES\set-s03-kyt-cmn-objects-light-andon-02a-DES.g1cox
0x20CB1858,Plugins\FieldEditor4\LAND\DAYLIGHT_SEN_OBJECT\MHE_TMD4\set-hre-fusuma-04a-DES\set-hre-fusuma-04a-DES.g1cox
0x20F3A9DE,Plugins\FieldEditor4\LAND\RONIN_OBJECT03\MHE_TMD4\set-s01-ykp-shop-kajiya-object-15a-DES\set-s01-ykp-shop-kajiya-object-15a-DES.g1p
0x20FF263B,Plugins\FieldEditor4\LAND\RONIN_OBJECT\MHE_TMD4\set-s01-ykp-shop-kajiya-object-11a-DES\set-s01-ykp-shop-kajiya-object-11a-DES.g1cox
0x211F5CFF,Plugins\FieldEditor4\LAND\RONIN_OBJECT03\MHE_TMD4\set-s02-ykhm-objects-03-bowlshelf01-DES\set-s02-ykhm-objects-03-bowlshelf01-DES.g1cox
0x214210DF,Plugins\FieldEditor4\LAND\DAYLIGHT_SEN_HOUSE\MHE_TMD4\set-sen-cmn-hotel-door-03-DES\set-sen-cmn-hotel-door-03-DES.g1cox
0x21437D6A,Plugins\FieldEditor4\LAND\RONIN_OBJECT03\MHE_TMD4\set-csl-goods-shoji-02-DES\set-csl-goods-shoji-02-DES.g1p
0x215B9803,Plugins\FieldEditor4\LAND\RONIN_OBJECT03\MHE_TMD4\set-s02-ykhm-objects-37-table02-DES\set-s02-ykhm-objects-37-table02-DES.g1p
0x2160B965,Plugins\FieldEditor4\LAND\TWILIGHT_OBJECT\MHE_TMD4\set-S360-hot-springs-tub-01\set-S360-hot-springs-tub-01.g1cox
0x218DBFE3,Plugins\FieldEditor4\LAND\RONIN_OBJECT03\MHE_TMD4\set-s170-goods-lantern-03-inroom\set-s170-goods-lantern-03-inroom.g1p
0x21B614DD,Plugins\FieldEditor4\LAND\DAYLIGHT_SEN_OBJECT\MHE_TMD4\set-sen-cmn-goods-tea-05-DES\set-sen-cmn-goods-tea-05-DES.g1mx
0x221825EE,Plugins\FieldEditor4\LAND\RONIN_OBJECT\MHE_TMD4\set-cmn-g-s02-edo-knd-obj-01a-DES\set-cmn-g-s02-edo-knd-obj-01a-DES.g1cox
0x224C7E22,Plugins\FieldEditor4\LAND\DAYLIGHT_BAK_OBJECT\MHE_TMD4\set-bak-abu-BOSS-house-pillar-02-DES\set-bak-abu-BOSS-house-pillar-02-DES.g1p
0x226D008C,Plugins\FieldEditor4\LAND\RONIN_OBJECT03\MHE_TMD4\set-s02-edo-ysw-objects-bonsai-01a-DES\set-s02-edo-ysw-objects-bonsai-01a-DES.g1mx
0x229F4D0B,Plugins\FieldEditor4\LAND\RONIN_OBJECT\MHE_TMD4\set-cmn-edo-obj-pail-01a\set-cmn-edo-obj-pail-01a.g1cox
0x22AC4124,Plugins\FieldEditor4\LAND\RONIN_OBJECT\MHE_TMD4\set-cmn-g-fire-01b\set-cmn-g-fire-01b.g1p
0x22B6231B,Plugins\FieldEditor4\LAND\TWILIGHT_OBJECT\MHE_TMD4\set-S070-bf-wreck-03\set-S070-bf-wreck-03.g1cox
0x22CDE95B,Plugins\FieldEditor4\LAND\RONIN_OBJECT03\MHE_TMD4\set-cmn-flag-chosyuhan\set-cmn-flag-chosyuhan.g1p
0x22D0CB90,Plugins\FieldEditor4\LAND\RONIN_OBJECT03\MHE_TMD4\set-EX-kitchen-goblet01-DES\set-EX-kitchen-goblet01-DES.g1p
0x23161A86,Plugins\FieldEditor4\LAND\RONIN_OBJECT\MHE_TMD4\set-s02-edo-skr-obj-04a\set-s02-edo-skr-obj-04a.g1mx
0x23311FDF,Plugins\FieldEditor4\LAND\RONIN_OBJECT\MHE_TMD4\set-s01-ykp-tableware-00-DES\set-s01-ykp-tableware-00-DES.g1cox
0x235FAF0F,Plugins\FieldEditor4\LAND\RONIN_OBJECT\MHE_TMD4\set-s02-ykhm-objects-17-blinds01-DES\set-s02-ykhm-objects-17-blinds01-DES.g1p
0x23683E6E,Plugins\FieldEditor4\LAND\RONIN_OBJECT03\MHE_TMD4\set-EX-office-notebook01-DES\set-EX-office-notebook01-DES.g1p
0x236CF02E,Plugins\FieldEditor4\LAND\DAYLIGHT_KOD_LIGHT\MHE_TMD4\set-kod-ocha-andon-01-DES\set-kod-ocha-andon-01-DES.g1cox
0x2390949F,Plugins\FieldEditor4\LAND\RONIN_OBJECT\MHE_TMD4\set-s02-edo-knd-obj-01a-DES\set-s02-edo-knd-obj-01a-DES.g1p
0x239AA1D4,Plugins\FieldEditor4\LAND\RONIN_OBJECT03\MHE_TMD4\set-s02-ykhm-objects-29-pillow01-DES\set-s02-ykhm-objects-29-pillow01-DES.g1cox
0x23E7A473,Plugins\FieldEditor4\LAND\RONIN_OBJECT03\MHE_TMD4\set-s02-edo-knd-obj-31a\set-s02-edo-knd-obj-31a.g1p
0x24031B3A,Plugins\FieldEditor4\LAND\DAYLIGHT_CMN_GENERAL\MHE_TMD4\set-gdt-hei-hell-ice-02a-DES\set-gdt-hei-hell-ice-02a-DES.g1p
0x24246C4C,Plugins\FieldEditor4\LAND\DAYLIGHT_SEN_OBJECT\MHE_TMD4\set-sen-cmn-paper-DES\obj-sen-cmn-paper-DES.g1cox
0x243AD76A,Plugins\FieldEditor4\LAND\RONIN_OBJECT\MHE_TMD4\set-s02-edo-knd-obj-01a-DES\set-s02-edo-knd-obj-01a-DES.g1mx
0x243DBD37,Plugins\FieldEditor4\LAND\DAYLIGHT_BAK_OBJECT\MHE_TMD4\set-bak-hnj-obj-pot-buddhist-01b-DES\set-bak-hnj-obj-pot-buddhist-01b-DES.g1p
0x2445A836,Plugins\FieldEditor4\LAND\RONIN_OBJECT03\MHE_TMD4\set-s01-ykp-shop-photo-obj-03a-DES\set-s01-ykp-shop-photo-obj-03a-DES.g1p
0x246772BE,Plugins\FieldEditor4\LAND\RONIN_OBJECT\MHE_TMD4\set-s01-ykp-tableware-01-DES\set-s01-ykp-tableware-01-DES.g1cox
0x2475CDDC,Plugins\FieldEditor4\LAND\TWILIGHT_OBJECT\MHE_TMD4\set-s060-hole-goods-sacks-04\set-s060-hole-goods-sacks-04.g1p
0x24A6DC1B,Plugins\FieldEditor4\LAND\RONIN_OBJECT\MHE_TMD4\set-cmn-mib-objects-01-DES\set-cmn-mib-objects-01-DES.g1p
0x24B69E3E,Plugins\FieldEditor4\LAND\TWILIGHT_OBJECT\MHE_TMD4\set-s060-hole-goods-16\set-s060-hole-goods-16.g1cox
0x24C4D458,Plugins\FieldEditor4\LAND\DAYLIGHT_EDO_OBJECT\MHE_TMD4\set-edo-edojo-box-03-DES\set-edo-edojo-box-03-DES.g1cox
0x24E3E051,Plugins\FieldEditor4\LAND\DAYLIGHT_CMN_HELL\MHE_TMD4\set-gdt-hell-kusabi-a01-DES\set-gdt-hell-kusabi-a01-DES.g1mx
0x24F40D1F,Plugins\FieldEditor4\LAND\DAYLIGHT_SEN_OBJECT\MHE_TMD4\set-sen-cmn-goods-tea-03-DES\set-sen-cmn-goods-tea-03-DES.g1mx
0x250AB839,Plugins\FieldEditor4\LAND\RONIN_OBJECT\MHE_TMD4\set-s01-ykp-shop-kajiya-object-02a-DES\set-s01-ykp-shop-kajiya-object-02a-DES.g1p
0x251006B4,Plugins\FieldEditor4\LAND\TWILIGHT_OBJECT\MHE_TMD4\set-s010-goods-pail-02\set-s010-goods-pail-02.g1p
0x2517D236,Plugins\FieldEditor4\LAND\RONIN_OBJECT03\MHE_TMD4\set-s170-goods-box-05-DES\set-s170-goods-box-05-DES.g1cox
0x25241C0D,Plugins\FieldEditor4\LAND\RONIN_OBJECT03\MHE_TMD4\set-cmn-mib-objects-03-DES\set-cmn-mib-objects-03-DES.g1mx
0x2524ECCD,Plugins\FieldEditor4\LAND\RONIN_OBJECT03\MHE_TMD4\set-csl-goods-table-05-DES\set-csl-goods-table-05-DES.g1mx
0x25287DFB,Plugins\FieldEditor4\LAND\RONIN_OBJECT\MHE_TMD4\set-s01-ykw-fishing-objects-02-basket-02-DES\set-s01-ykw-fishing-objects-02-basket-02-DES.g1cox
0x25643CB3,Plugins\FieldEditor4\LAND\RONIN_OBJECT03\MHE_TMD4\set-s02-ykhm-objects-04-jars01-DES\set-s02-ykhm-objects-04-jars01-DES.g1mx
0x256FC091,Plugins\FieldEditor4\LAND\DAYLIGHT_CMN_GENERAL\MHE_TMD4\set-cmn-gdt-touseki-rock-01\set-cmn-gdt-touseki-rock-01.g1p
0x258B1614,Plugins\FieldEditor4\LAND\RONIN_OBJECT\MHE_TMD4\set-csl-goods-shelf-05-DES\set-csl-goods-shelf-05-DES.g1mx
0x259DC59D,Plugins\FieldEditor4\LAND\RONIN_OBJECT\MHE_TMD4\set-s01-ykp-tableware-02-DES\set-s01-ykp-tableware-02-DES.g1cox
0x25AAF6BD,Plugins\FieldEditor4\LAND\DAYLIGHT_SEN_OBJECT\MHE_TMD4\set-sen-cmn-obj-screen-05-DES\set-sen-cmn-obj-screen-05-DES.g1cox
0x25AC6868,Plugins\FieldEditor4\LAND\RONIN_OBJECT03\MHE_TMD4\set-s01-umbrella-a-06\set-s01-umbrella-a-06.g1p
0x25B4E0BF,Plugins\FieldEditor4\LAND\RONIN_OBJECT03\MHE_TMD4\set-EX-kitchen-crock03-DES\set-EX-kitchen-crock03-DES.g1p
0x25EAD44B,Plugins\FieldEditor4\LAND\RONIN_OBJECT\MHE_TMD4\set-s01-ykw-fishing-objects-01-driedfish-01-DES\set-s01-ykw-fishing-objects-01-driedfish-01-DES.g1cox
0x25EB1738,Plugins\FieldEditor4\LAND\DAYLIGHT_CMN_HELL\MHE_TMD4\set-hell-homura-SS-01-DES\set-hell-homura-SS-01-DES.g1mx
0x263F40AC,Plugins\FieldEditor4\LAND\RONIN_OBJECT\MHE_TMD4\set-cmn-g-throw-pot-01a-DES\set-cmn-g-throw-pot-01a-DES.g1cox
0x26551F48,Plugins\FieldEditor4\LAND\RONIN_OBJECT03\MHE_TMD4\set-csl-goods-weapon-09-DES\set-csl-goods-weapon-09-DES.g1cox
0x266D5DCF,Plugins\FieldEditor4\LAND\DAYLIGHT_CMN_GENERAL\MHE_TMD4\set-GGT-s0310-bamboo-M-01-DES\set-GGT-s0310-bamboo-M-01-DES.g1cox
0x2688E8F1,Plugins\FieldEditor4\LAND\RONIN_LIGHT\MHE_TMD4\set-cmn-kyt-light-03\set-cmn-kyt-light-03.g1mx
0x26F20D2D,Plugins\FieldEditor4\LAND\RONIN_OBJECT\MHE_TMD4\set-csl-goods-mat-03-DES\set-csl-goods-mat-03-DES.g1p
0x270ECB76,Plugins\FieldEditor4\LAND\RONIN_OBJECT\MHE_TMD4\set-s02-ykhm-objects-15-chair01-DES\set-s02-ykhm-objects-15-chair01-DES.g1p
0x273660BF,Plugins\FieldEditor4\LAND\RONIN_OBJECT03\MHE_TMD4\set-EX-office-book02-DES\set-EX-office-book02-DES.g1p
0x273CBBF2,Plugins\FieldEditor4\LAND\RONIN_OBJECT\MHE_TMD4\set-s01-sksh-objects-00-rice01-DES\set-s01-sksh-objects-00-rice01-DES.g1mx
0x27551A80,Plugins\FieldEditor4\LAND\RONIN_OBJECT\MHE_TMD4\set-s01-ykp-shop-kajiya-object-09a-DES\set-s01-ykp-shop-kajiya-object-09a-DES.g1p
0x2764041A,Plugins\FieldEditor4\LAND\RONIN_OBJECT03\MHE_TMD4\set-s01-ykp-shop-photo-obj-18a-DES\set-s01-ykp-shop-photo-obj-18a-DES.g1p
0x27784E2D,Plugins\FieldEditor4\LAND\RONIN_OBJECT\MHE_TMD4\set-cmn-kyt-flag-01a-DES\set-cmn-kyt-flag-01a-DES.g1mx
0x27786CD5,Plugins\FieldEditor4\LAND\RONIN_OBJECT03\MHE_TMD4\set-s02-chdojo-objects-radish-01-DES\set-s02-chdojo-objects-radish-01-DES.g1p
0x2786824D,Plugins\FieldEditor4\LAND\RONIN_OBJECT03\MHE_TMD4\set-s03-kin-flag-02b\set-s03-kin-flag-02b.g1p
0x2797718C,Plugins\FieldEditor4\LAND\RONIN_OBJECT03\MHE_TMD4\set-s01-sakr-goods-dish04-DES\set-s01-sakr-goods-dish04-DES.g1p
0x27A3B54A,Plugins\FieldEditor4\LAND\RONIN_OBJECT\MHE_TMD4\set-s01-ry-goods-kithn-chair-00\set-s01-ry-goods-kithn-chair-00.g1cox
0x27A557A4,Plugins\FieldEditor4\LAND\RONIN_LIGHT\MHE_TMD4\set-s03-kyt-cmn-objects-light-andon-03a-DES\set-s03-kyt-cmn-objects-light-andon-03a-DES.g1mx
0x27BB9218,Plugins\FieldEditor4\LAND\RONIN_OBJECT\MHE_TMD4\set-s02-chdojo-objects-radish-02-DES\set-s02-chdojo-objects-radish-02-DES.g1mx
0x27C2425A,Plugins\FieldEditor4\LAND\DAYLIGHT_BAK_LIGHT\MHE_TMD4\set-bak-cmn-andon-light-01-DES\set-bak-cmn-andon-light-01-DES.g1mx
0x27C51D63,Plugins\FieldEditor4\LAND\RONIN_OBJECT\MHE_TMD4\set-s01-ykp-goods-00-DES\set-s01-ykp-goods-00-DES.g1mx
0x27CF1331,Plugins\FieldEditor4\LAND\TWILIGHT_OBJECT\MHE_TMD4\set-s010-bg-gm-13-dest\set-s010-bg-gm-13-dest.g1p
0x27DA4AFF,Plugins\FieldEditor4\LAND\RONIN_OBJECT03\MHE_TMD4\set-csl-goods-table-02-DES\set-csl-goods-table-02-DES.g1p
0x280A6B5B,Plugins\FieldEditor4\LAND\RONIN_OBJECT\MHE_TMD4\set-s01-ykp-tableware-04-DES\set-s01-ykp-tableware-04-DES.g1cox
0x28320561,Plugins\FieldEditor4\LAND\DAYLIGHT_SEN_OBJECT\MHE_TMD4\set-sen-cmn-goods-tea-01-DES\set-sen-cmn-goods-tea-01-DES.g1mx
0x2841828B,Plugins\FieldEditor4\LAND\DAYLIGHT_CMN_GENERAL\MHE_TMD4\set-gatling-01-GADGET\set-gatling-01-GADGET.g1p
0x286DF929,Plugins\FieldEditor4\LAND\DAYLIGHT_EDO_OBJECT\MHE_TMD4\set-edo-edojo-pot-02-DES\set-edo-edojo-pot-02-DES.g1p
0x28D33D59,Plugins\FieldEditor4\LAND\TWILIGHT_OBJECT\MHE_TMD4\set-s010-goods-box-01\set-s010-goods-box-01.g1mx
0x28DA4CA5,Plugins\FieldEditor4\LAND\RONIN_LIGHT\MHE_TMD4\set-csl-goods-light-06-DES\set-csl-goods-light-06-DES.g1p
0x2932F1EF,Plugins\FieldEditor4\LAND\DAYLIGHT_BAK_OBJECT\MHE_TMD4\set-bak-yukaku-goods-screen-03-DES\set-bak-yukaku-goods-screen-03-DES.g1mx
0x2940BE3A,Plugins\FieldEditor4\LAND\RONIN_OBJECT\MHE_TMD4\set-s01-ykp-tableware-05-DES\set-s01-ykp-tableware-05-DES.g1cox
0x29471D47,Plugins\FieldEditor4\LAND\RONIN_OBJECT03\MHE_TMD4\set-csl-goods-pot-01b-DES\obj-csl-goods-pot-01b-DES.g1mx
0x2961DFA7,Plugins\FieldEditor4\LAND\RONIN_OBJECT03\MHE_TMD4\set-s02-ykhm-objects-52-fabric01-DES\set-s02-ykhm-objects-52-fabric01-DES.g1mx
0x2982BD07,Plugins\FieldEditor4\LAND\DAYLIGHT_CMN_GENERAL\MHE_TMD4\set-cmn-gdt-summon-tourou-01\set-cmn-gdt-summon-tourou-01.g1p
0x2989E17E,Plugins\FieldEditor4\LAND\DAYLIGHT_SEN_OBJECT\MHE_TMD4\set-sen-cmn-light-03-DES\set-sen-cmn-light-03-DES.g1cox
0x2990BDE3,Plugins\FieldEditor4\LAND\RONIN_OBJECT03\MHE_TMD4\set-YABUSAME-target-01a\set-YABUSAME-target-01a.g1p
0x29920372,Plugins\FieldEditor4\LAND\RONIN_OBJECT03\MHE_TMD4\set-s01-sakr-goods-dish06-DES\set-s01-sakr-goods-dish06-DES.g1cox
0x29B2FFF4,Plugins\FieldEditor4\LAND\RONIN_OBJECT03\MHE_TMD4\set-s01-ykp-bonsai-03-DES\obj-s01-ykp-bonsai-03-DES.g1mx
0x29B57B0C,Plugins\FieldEditor4\LAND\RONIN_OBJECT03\MHE_TMD4\set-cmn-ky-shop-obj-flag-02\set-cmn-ky-shop-obj-flag-02.g1p
0x29C05270,Plugins\FieldEditor4\LAND\RONIN_OBJECT03\MHE_TMD4\set-s02-ykhm-objects-29-pillow01-DES\set-s02-ykhm-objects-29-pillow01-DES.g1p
0x29C3A763,Plugins\FieldEditor4\LAND\RONIN_OBJECT03\MHE_TMD4\set-s01-china-goods-vial-01f-DES\set-s01-china-goods-vial-01f-DES.g1cox
0x29CAA906,Plugins\FieldEditor4\LAND\DAYLIGHT_BAK_OBJECT\MHE_TMD4\set-bak-abu-BOSS-house-pillar-02-DES\set-bak-abu-BOSS-house-pillar-02-DES.g1cox
0x29D2B5E8,Plugins\FieldEditor4\LAND\RONIN_OBJECT\MHE_TMD4\set-s02-edo-ysw-object-kimono-01-DES\set-s02-edo-ysw-object-kimono-01-DES.g1mx
0x2A1E65B5,Plugins\FieldEditor4\LAND\RONIN_OBJECT03\MHE_TMD4\set-cmn-mib-flag-02b\set-cmn-mib-flag-02b.g1cox
0x2A2D56EE,Plugins\FieldEditor4\LAND\RONIN_OBJECT03\MHE_TMD4\set-s02-edo-ysw-objects-flower-01a\set-s02-edo-ysw-objects-flower-01a.g1p
0x2AB7DD5B,Plugins\FieldEditor4\LAND\DRAFT_MODEL_CONTAINER\MHE_TMD4\set-S050-fbbox-01\set-S050-fbbox-01.g1p
0x2B00D09B,Plugins\FieldEditor4\LAND\RONIN_OBJECT03\MHE_TMD4\set-s02-edj-wooden-box-02-DES\obj-s02-edj-wooden-box-02-DES.g1p
0x2B1E5C24,Plugins\FieldEditor4\LAND\RONIN_OBJECT\MHE_TMD4\set-general-bonfire-t02a\set-general-bonfire-t02a.g1p
0x2B4539BF,Plugins\FieldEditor4\LAND\RONIN_OBJECT03\MHE_TMD4\set-ykak-goods-chair-03\set-ykak-goods-chair-03.g1p
0x2B6819AD,Plugins\FieldEditor4\LAND\RONIN_OBJECT\MHE_TMD4\set-csl-goods-screen-01-DES\set-csl-goods-screen-01-DES.g1cox
0x2B6CC858,Plugins\FieldEditor4\LAND\TWILIGHT_OBJECT\MHE_TMD4\set-s010-bg-gm-11\set-s010-bg-gm-11.g1mx
0x2B811B7E,Plugins\FieldEditor4\LAND\DAYLIGHT_SEN_OBJECT\MHE_TMD4\set-sen-msk-ruins-DES-01\set-sen-msk-ruins-DES-01.g1p
0x2B8E709C,Plugins\FieldEditor4\LAND\RONIN_OBJECT03\MHE_TMD4\set-EX-kitchen-bench02-DES\set-EX-kitchen-bench02-DES.g1cox
0x2B9FEEA5,Plugins\FieldEditor4\LAND\DAYLIGHT_SEN_OBJECT\MHE_TMD4\set-sen-cmn-light-03-DES\obj-sen-cmn-light-03-DES.g1p
0x2BB76832,Plugins\FieldEditor4\LAND\DAYLIGHT_SEN_OBJECT\MHE_TMD4\set-hre-fusuma-01a-DES\set-hre-fusuma-01a-DES.g1mx
0x2BC3BF3D,Plugins\FieldEditor4\LAND\RONIN_OBJECT03\MHE_TMD4\set-s02-edo-ysw-objects-bonsai-01a-DES\set-s02-edo-ysw-objects-bonsai-01a-DES.g1p
0x2BD39FEE,Plugins\FieldEditor4\LAND\RONIN_OBJECT03\MHE_TMD4\set-s02-ykhm-objects-00-stall-01-DES\set-s02-ykhm-objects-00-stall-01-DES.g1cox
0x2BF39D70,Plugins\FieldEditor4\LAND\DAYLIGHT_SEN_OBJECT\MHE_TMD4\set-sen-cmn-objects-cushion-01-DES\set-sen-cmn-objects-cushion-01-DES.g1mx
0x2C01F15B,Plugins\FieldEditor4\LAND\RONIN_OBJECT\MHE_TMD4\set-s01-goods-cask-01-DES\set-s01-goods-cask-01-DES.g1cox
0x2C0404C9,Plugins\FieldEditor4\LAND\DAYLIGHT_SEN_OBJECT\MHE_TMD4\set-sen-cmn-light-03-DES\obj-sen-cmn-light-03-DES.g1cox
0x2C5D31EB,Plugins\FieldEditor4\LAND\RONIN_OBJECT03\MHE_TMD4\set-csl-goods-screen-01b-break-DES\set-csl-goods-screen-01b-break-DES.g1cox
0x2C91ECA4,Plugins\FieldEditor4\LAND\RONIN_OBJECT\MHE_TMD4\set-s01-ykp-shop-goods-01a-DES\set-s01-ykp-shop-goods-01a-DES.g1p
0x2C98E0B6,Plugins\FieldEditor4\LAND\RONIN_OBJECT\MHE_TMD4\set-s02-ykhm-objects-45-pannier01-DES\set-s02-ykhm-objects-45-pannier01-DES.g1mx
0x2CC0670C,Plugins\FieldEditor4\LAND\RONIN_OBJECT03\MHE_TMD4\set-general-bonfire-t03a\set-general-bonfire-t03a.g1cox
0x2CD6D3E0,Plugins\FieldEditor4\LAND\RONIN_OBJECT03\MHE_TMD4\set-csl-goods-pot-03b-DES\obj-csl-goods-pot-03b-DES.g1p
0x2CE2C8CE,Plugins\FieldEditor4\LAND\RONIN_OBJECT03\MHE_TMD4\set-s02-ykhm-objects-61-cabinet08-DES\set-s02-ykhm-objects-61-cabinet08-DES.g1cox
0x2D254286,Plugins\FieldEditor4\LAND\RONIN_OBJECT03\MHE_TMD4\set-s170-goods-lantern-03\set-s170-goods-lantern-03.g1mx
0x2D797E4D,Plugins\FieldEditor4\LAND\DAYLIGHT_EDO_OBJECT\MHE_TMD4\set-edo-edojo-pot-02-DES\set-edo-edojo-pot-02-DES.g1cox
0x2D802EF7,Plugins\FieldEditor4\LAND\RONIN_OBJECT\MHE_TMD4\set-cmn-kyt-objects-sake02a-DES\set-cmn-kyt-objects-sake02a-DES.g1p
0x2D8DA7EE,Plugins\FieldEditor4\LAND\DAYLIGHT_SEN_NATURE\MHE_TMD4\set-dyl-grass-toutyukasou-03-DES\set-dyl-grass-toutyukasou-03-DES.g1p
0x2D9B9E43,Plugins\FieldEditor4\LAND\RONIN_OBJECT\MHE_TMD4\set-s01-ykp-shop-kajiya-obj-01\set-s01-ykp-shop-kajiya-obj-01.g1cox
0x2DC6A2D1,Plugins\FieldEditor4\LAND\RONIN_OBJECT\MHE_TMD4\set-s01-ykp-shop-kajiya-object-12a-DES\set-s01-ykp-shop-kajiya-object-12a-DES.g1mx
0x2DE9E358,Plugins\FieldEditor4\LAND\TWILIGHT_OBJECT\MHE_TMD4\set-gl-brkobj-box-01b\set-gl-brkobj-box-01b.g1mx
0x2DED7A5A,Plugins\FieldEditor4\LAND\RONIN_OBJECT03\MHE_TMD4\set-s02-ykhm-objects-06-jars03-DES\set-s02-ykhm-objects-06-jars03-DES.g1cox
0x2DFCAF3C,Plugins\FieldEditor4\LAND\RONIN_OBJECT03\MHE_TMD4\set-s01-sakr-goods-dish05-DES\set-s01-sakr-goods-dish05-DES.g1mx
0x2E1CED01,Plugins\FieldEditor4\LAND\DAYLIGHT_EDO_OBJECT\MHE_TMD4\set-edo-edojo-pot-01-DES\set-edo-edojo-pot-01-DES.g1mx
0x2E2E6809,Plugins\FieldEditor4\LAND\RONIN_OBJECT03\MHE_TMD4\set-s01-ykp-shop-kajiya-obj-03\set-s01-ykp-shop-kajiya-obj-03.g1mx
0x2E430608,Plugins\FieldEditor4\LAND\TWILIGHT_OBJECT\MHE_TMD4\set-S360-hot-springs-tub-01\set-S360-hot-springs-tub-01.g1mx
0x2E59DA41,Plugins\FieldEditor4\LAND\DAYLIGHT_SEN_OBJECT\MHE_TMD4\set-sen-cmn-paper-DES\obj-sen-cmn-paper-DES.g1mx
0x2E71820E,Plugins\FieldEditor4\LAND\TWILIGHT_OBJECT\MHE_TMD4\set-s030-tana-00\set-s030-tana-00.g1p
0x2EC5C216,Plugins\FieldEditor4\LAND\RONIN_OBJECT03\MHE_TMD4\set-s02-edo-knd-obj-31a\set-s02-edo-knd-obj-31a.g1mx
0x2EC9A203,Plugins\FieldEditor4\LAND\DAYLIGHT_CMN_GENERAL\MHE_TMD4\set-cmn-gdt-syugorei-rock-M01\set-cmn-gdt-syugorei-rock-M01.g1cox
0x2EDA40A3,Plugins\FieldEditor4\LAND\RONIN_OBJECT\MHE_TMD4\set-s02-ykhm-objects-56-fabric05-DES\set-s02-ykhm-objects-56-fabric05-DES.g1cox
0x2EFB646F,Plugins\FieldEditor4\LAND\RONIN_OBJECT\MHE_TMD4\set-s02-ykhm-objects-18-blinds02-DES\set-s02-ykhm-objects-18-blinds02-DES.g1p
0x2F159D94,Plugins\FieldEditor4\LAND\RONIN_OBJECT03\MHE_TMD4\set-ykak-goods-chair-02-DES\set-ykak-goods-chair-02-DES.g1cox
0x2F1FA2A7,Plugins\FieldEditor4\LAND\RONIN_LIGHT\MHE_TMD4\set-s02-edo-ysw-objects-light-10a\set-s02-edo-ysw-objects-light-10a.g1p
0x2F36E3FF,Plugins\FieldEditor4\LAND\DAYLIGHT_BAK_OBJECT\MHE_TMD4\set-bak-cho-inn-door-03a-DES\set-bak-cho-inn-door-03a-DES.g1mx
0x2F37CEBD,Plugins\FieldEditor4\LAND\RONIN_OBJECT\MHE_TMD4\set-csl-goods-vase-02-DES\set-csl-goods-vase-02-DES.g1cox
0x2F48FB59,Plugins\FieldEditor4\LAND\TWILIGHT_OBJECT\MHE_TMD4\set-S800-bowl-02\set-S800-bowl-02.g1p
0x2F5F13CF,Plugins\FieldEditor4\LAND\DAYLIGHT_SEN_OBJECT\MHE_TMD4\set-sen-cmn-chair-DES\obj-sen-cmn-chair-DES.g1p
0x2F7CF831,Plugins\FieldEditor4\LAND\DAYLIGHT_CMN_GENERAL\MHE_TMD4\set-GGT-hei-s0310-bamboo-M-02-DES\set-GGT-hei-s0310-bamboo-M-02-DES.g1mx
0x2F87C4C8,Plugins\FieldEditor4\LAND\RONIN_OBJECT03\MHE_TMD4\set-s01-umbrella-a-02\set-s01-umbrella-a-02.g1cox
0x2FAB5744,Plugins\FieldEditor4\LAND\RONIN_OBJECT03\MHE_TMD4\set-s02-edo-knd-obj-20a-DES\set-s02-edo-knd-obj-20a-DES.g1mx
0x2FAD96BA,Plugins\FieldEditor4\LAND\RONIN_OBJECT\MHE_TMD4\set-s01-ykp-shop-kajiya-object-10a-DES\set-s01-ykp-shop-kajiya-object-10a-DES.g1cox
0x2FB0F88B,Plugins\FieldEditor4\LAND\RONIN_OBJECT03\MHE_TMD4\set-s01-krf-cart-01a-break\set-s01-krf-cart-01a-break.g1cox
0x302BC9CF,Plugins\FieldEditor4\LAND\RONIN_OBJECT\MHE_TMD4\set-s100-tbf-yagura-02-DES\set-s100-tbf-yagura-02-DES.g1cox
0x30320047,Plugins\FieldEditor4\LAND\RONIN_OBJECT\MHE_TMD4\set-csl-goods-table-03\obj-csl-goods-table-03.g1mx
0x303D3199,Plugins\FieldEditor4\LAND\RONIN_OBJECT03\MHE_TMD4\set-s01-ysk-objects-00-woodbox03-DES\set-s01-ysk-objects-00-woodbox03-DES.g1p
0x304595E4,Plugins\FieldEditor4\LAND\RONIN_OBJECT\MHE_TMD4\set-s01-hod-inn-objects-00-basket01\set-s01-hod-inn-objects-00-basket01.g1mx
0x306A4F2C,Plugins\FieldEditor4\LAND\RONIN_OBJECT\MHE_TMD4\set-csl-goods-vase-06-DES\set-csl-goods-vase-06-DES.g1mx
0x307396F9,Plugins\FieldEditor4\LAND\DAYLIGHT_CMN_GENERAL\MHE_TMD4\set-gdt-hei-hell-ice-01a-DES\set-gdt-hei-hell-ice-01a-DES.g1p
0x30F3D7B7,Plugins\FieldEditor4\LAND\RONIN_OBJECT\MHE_TMD4\set-s01-goods-cask-01-DES\set-s01-goods-cask-01-DES.g1p
0x31357F17,Plugins\FieldEditor4\LAND\RONIN_OBJECT03\MHE_TMD4\set-s02-edo-knd-obj-31a\set-s02-edo-knd-obj-31a.g1cox
0x315ABA85,Plugins\FieldEditor4\LAND\RONIN_OBJECT\MHE_TMD4\set-s170-goods-pail-01-DES\set-s170-goods-pail-01-DES.g1mx
0x31627F83,Plugins\FieldEditor4\LAND\RONIN_OBJECT03\MHE_TMD4\set-s01-umbrella-a-04\set-s01-umbrella-a-04.g1mx
0x31A39F13,Plugins\FieldEditor4\LAND\DAYLIGHT_CMN_HELL\MHE_TMD4\set-hell-kusabi-a01-DES\set-hell-kusabi-a01-DES.g1cox
0x31A4421F,Plugins\FieldEditor4\LAND\RONIN_OBJECT03\MHE_TMD4\set-s01-ykp-shop-drug-object-13a-DES\set-s01-ykp-shop-drug-object-13a-DES.g1p
0x31D7339C,Plugins\FieldEditor4\LAND\RONIN_LIGHT\MHE_TMD4\set-cmn-kyt-light-03\set-cmn-kyt-light-03.g1cox
0x31DA5362,Plugins\FieldEditor4\LAND\RONIN_OBJECT\MHE_TMD4\set-csl-goods-pail-02-DES\set-csl-goods-pail-02-DES.g1p
0x32052729,Plugins\FieldEditor4\LAND\RONIN_LIGHT\MHE_TMD4\set-s02-ykhm-objects-57-light01-DES\set-s02-ykhm-objects-57-light01-DES.g1mx
0x320D82A5,Plugins\FieldEditor4\LAND\TWILIGHT_OBJECT\MHE_TMD4\set-general-placement-03-bk\set-general-placement-03-bk.g1cox
0x3219242F,Plugins\FieldEditor4\LAND\DAYLIGHT_CMN_GENERAL\MHE_TMD4\set-gdt-hei-hell-ice-02a-DES\set-gdt-hei-hell-ice-02a-DES.g1mx
0x322CCDCB,Plugins\FieldEditor4\LAND\RONIN_OBJECT\MHE_TMD4\set-s02-ykhm-objects-00-dish03-DES\set-s02-ykhm-objects-00-dish03-DES.g1p
0x3250F37F,Plugins\FieldEditor4\LAND\DAYLIGHT_BAK_OBJECT\MHE_TMD4\set-bak-abu-goods-03-DES\set-bak-abu-goods-03-DES.g1mx
0x3276F118,Plugins\FieldEditor4\LAND\RONIN_OBJECT03\MHE_TMD4\set-s01-sakr-objects-shoji-01-DES\set-s01-sakr-objects-shoji-01-DES.g1p
0x32A76F6C,Plugins\FieldEditor4\LAND\RONIN_OBJECT\MHE_TMD4\set-cmn-gissha-04\set-cmn-gissha-04.g1mx
0x32CDAD47,Plugins\FieldEditor4\LAND\DAYLIGHT_SEN_HOUSE\MHE_TMD4\set-sen-ryt-temple-01-door-02-DES\set-sen-ryt-temple-01-door-02-DES.g1cox
0x32D552B3,Plugins\FieldEditor4\LAND\RONIN_OBJECT\MHE_TMD4\set-s02-ykhm-objects-17-blinds01-DES\set-s02-ykhm-objects-17-blinds01-DES.g1cox
0x32DB4686,Plugins\FieldEditor4\LAND\RONIN_OBJECT03\MHE_TMD4\set-cmn-kyt-objects-trashcan-01b-DES\set-cmn-kyt-objects-trashcan-01b-DES.g1p
0x334083F1,Plugins\FieldEditor4\LAND\RONIN_OBJECT\MHE_TMD4\set-s02-ykhm-objects-32-cups01-DES\set-s02-ykhm-objects-32-cups01-DES.g1p
0x3343D584,Plugins\FieldEditor4\LAND\TWILIGHT_OBJECT\MHE_TMD4\set-general-placement-13-bk\set-general-placement-13-bk.g1cox
0x33AD37B1,Plugins\FieldEditor4\LAND\RONIN_OBJECT\MHE_TMD4\set-s01-sksh-objects-00-rice00-DES\set-s01-sksh-objects-00-rice00-DES.g1mx
0x33B4C20A,Plugins\FieldEditor4\LAND\DAYLIGHT_CMN_GENERAL\MHE_TMD4\set-gjt-hell-bosatu-01\set-gjt-hell-bosatu-01.g1mx
0x33DCA700,Plugins\FieldEditor4\LAND\RONIN_OBJECT\MHE_TMD4\set-s01-ysk-objects-00-cabinets06-DES\set-s01-ysk-objects-00-cabinets06-DES.g1cox
0x33E26340,Plugins\FieldEditor4\LAND\RONIN_OBJECT\MHE_TMD4\set-s01-hod-inn-objects-00-bucket01\set-s01-hod-inn-objects-00-bucket01.g1mx
0x33E7CB1C,Plugins\FieldEditor4\LAND\DRAFT_MODEL_CONTAINER\MHE_TMD4\set-s060-hole-goods-17\set-s060-hole-goods-17.g1p
0x33EEA135,Plugins\FieldEditor4\LAND\TWILIGHT_OBJECT\MHE_TMD4\set-General-water-tub00\set-General-water-tub00.g1mx
0x33F9E3DD,Plugins\FieldEditor4\LAND\RONIN_OBJECT03\MHE_TMD4\set-s02-edo-ysw-objects-tourou-01a-DES\set-s02-edo-ysw-objects-tourou-01a-DES.g1cox
0x342BD961,Plugins\FieldEditor4\LAND\RONIN_OBJECT\MHE_TMD4\set-s01-sksh-wood-objects-03a-DES\set-s01-sksh-wood-objects-03a-DES.g1mx
0x3433FC51,Plugins\FieldEditor4\LAND\TWILIGHT_OBJECT\MHE_TMD4\set-s060-hole-goods-14\set-s060-hole-goods-14.g1mx
0x3450985B,Plugins\FieldEditor4\LAND\RONIN_OBJECT03\MHE_TMD4\set-s02-ykhm-objects-11-bin01-DES\set-s02-ykhm-objects-11-bin01-DES.g1cox
0x345E5603,Plugins\FieldEditor4\LAND\RONIN_OBJECT03\MHE_TMD4\set-s170-goods-lantern-03\set-s170-goods-lantern-03.g1p
0x34A87CF4,Plugins\FieldEditor4\LAND\RONIN_LIGHT\MHE_TMD4\set-cmn-goods-lantern-01a\set-cmn-goods-lantern-01a.g1mx
0x34C2F735,Plugins\FieldEditor4\LAND\RONIN_OBJECT\MHE_TMD4\set-s01-ysk-objects-00-jars02-DES\set-s01-ysk-objects-00-jars02-DES.g1p
0x34D89041,Plugins\FieldEditor4\LAND\RONIN_OBJECT\MHE_TMD4\set-s170-goods-tea-03-DES\set-s170-goods-tea-03-DES.g1mx
0x34DB081B,Plugins\FieldEditor4\LAND\RONIN_OBJECT03\MHE_TMD4\set-csl-goods-screen-03-DES\set-csl-goods-screen-03-DES.g1mx
0x34E842C9,Plugins\FieldEditor4\LAND\RONIN_OBJECT\MHE_TMD4\set-csl-goods-pail-05-DES\set-csl-goods-pail-05-DES.g1cox
0x34F30E01,Plugins\FieldEditor4\LAND\RONIN_OBJECT03\MHE_TMD4\set-cmn-kyt-objects-lifegoods-01a-DES\set-cmn-kyt-objects-lifegoods-01a-DES.g1cox
0x350B6D1F,Plugins\FieldEditor4\LAND\RONIN_OBJECT\MHE_TMD4\set-csl-goods-bonsai-01-DES\set-csl-goods-bonsai-01-DES.g1cox
0x350DA1A1,Plugins\FieldEditor4\LAND\DAYLIGHT_SEN_OBJECT\MHE_TMD4\set-MS-sen-htmt-coral-03b-DES\set-MS-sen-htmt-coral-03b-DES.g1mx
0x355B96E2,Plugins\FieldEditor4\LAND\RONIN_OBJECT\MHE_TMD4\set-s170-goods-pail-03-DES\set-s170-goods-pail-03-DES.g1p
0x358357DB,Plugins\FieldEditor4\LAND\RONIN_OBJECT03\MHE_TMD4\set-csl-goods-cloth-06\obj-csl-goods-cloth-06.g1mx
0x358CBAA0,Plugins\FieldEditor4\LAND\RONIN_OBJECT03\MHE_TMD4\set-EX-office-book01-DES\set-EX-office-book01-DES.g1p
0x35900A75,Plugins\FieldEditor4\LAND\RONIN_OBJECT\MHE_TMD4\set-csl-goods-box-06-DES\set-csl-goods-box-06-DES.g1p
0x3599AD12,Plugins\FieldEditor4\LAND\DAYLIGHT_CMN_HELL\MHE_TMD4\set-gdt-hell-kusabi-a02-DES\set-gdt-hell-kusabi-a02-DES.g1mx
0x3611C8AD,Plugins\FieldEditor4\LAND\RONIN_OBJECT\MHE_TMD4\set-bky-temple-shoji-03b-DES\set-bky-temple-shoji-03b-DES.g1cox
0x36256D12,Plugins\FieldEditor4\LAND\TWILIGHT_OBJECT\MHE_TMD4\set-s010-bg-gm-12-dest\set-s010-bg-gm-12-dest.g1p
0x362A3B95,Plugins\FieldEditor4\LAND\DAYLIGHT_CMN_PLANTHICHI\MHE_TMD4\set-dyl-tree-boss-small-02-DES\set-dyl-tree-boss-small-02-DES.g1cox
0x364CBACA,Plugins\FieldEditor4\LAND\RONIN_OBJECT03\MHE_TMD4\set-s01-ykp-shop-kajiya-object-27a-DES\set-s01-ykp-shop-kajiya-object-27a-DES.g1mx
0x365B0C29,Plugins\FieldEditor4\LAND\RONIN_OBJECT03\MHE_TMD4\set-s02-kdc-objects-torture-16b-DES\set-s02-kdc-objects-torture-16b-DES.g1mx
0x36897977,Plugins\FieldEditor4\LAND\TWILIGHT_OBJECT\MHE_TMD4\set-S070-bf-wreck-03\set-S070-bf-wreck-03.g1p
0x3690CCE0,Plugins\FieldEditor4\LAND\RONIN_OBJECT03\MHE_TMD4\set-s03-ikedaya-obj-cabinets-01-DES\set-s03-ikedaya-obj-cabinets-01-DES.g1p
0x3698B0D1,Plugins\FieldEditor4\LAND\TWILIGHT_OBJECT\MHE_TMD4\set-general-placement-01bk\set-general-placement-01bk.g1p
0x36A0A20F,Plugins\FieldEditor4\LAND\TWILIGHT_OBJECT\MHE_TMD4\set-s060-hole-goods-16\set-s060-hole-goods-16.g1mx
0x36B8A408,Plugins\FieldEditor4\LAND\RONIN_OBJECT\MHE_TMD4\set-s01-ysk-objects-00-table01-DES\set-s01-ysk-objects-00-table01-DES.g1p
0x36BE66F4,Plugins\FieldEditor4\LAND\RONIN_OBJECT03\MHE_TMD4\set-csl-goods-03-DES\set-csl-goods-03-DES.g1cox
0x36CEDC10,Plugins\FieldEditor4\LAND\RONIN_OBJECT\MHE_TMD4\set-csl-goods-book-01-DES\set-csl-goods-book-01-DES.g1cox
0x36D5789B,Plugins\FieldEditor4\LAND\RONIN_OBJECT\MHE_TMD4\set-cmn-kyt-objects-sake02a-DES\set-cmn-kyt-objects-sake02a-DES.g1cox
0x36FB4A22,Plugins\FieldEditor4\LAND\RONIN_OBJECT03\MHE_TMD4\set-s01-krf-cart-01a-break\set-s01-krf-cart-01a-break.g1mx
0x36FF405E,Plugins\FieldEditor4\LAND\RONIN_OBJECT\MHE_TMD4\set-s100-tbf-yagura-02-DES\set-s100-tbf-yagura-02-DES.g1mx
0x370158E2,Plugins\FieldEditor4\LAND\RONIN_OBJECT03\MHE_TMD4\set-s02-edj-cushion-00-DES\set-s02-edj-cushion-00-DES.g1p
0x371EAC90,Plugins\FieldEditor4\LAND\RONIN_OBJECT03\MHE_TMD4\set-s02-edo-ysw-objects-tourou-01a-DES\set-s02-edo-ysw-objects-tourou-01a-DES.g1mx
0x3742F19A,Plugins\FieldEditor4\LAND\RONIN_OBJECT03\MHE_TMD4\set-cmn-tokugawa-flag-02b\set-cmn-tokugawa-flag-02b.g1p
0x37663BAB,Plugins\FieldEditor4\LAND\TWILIGHT_OBJECT\MHE_TMD4\set-general-placement-15\set-general-placement-15.g1p
0x379B0CB1,Plugins\FieldEditor4\LAND\TWILIGHT_OBJECT\MHE_TMD4\set-S070-danjyo-csl-fnt-tub-01-dist\set-S070-danjyo-csl-fnt-tub-01-dist.g1cox
0x37A134BD,Plugins\FieldEditor4\LAND\RONIN_OBJECT03\MHE_TMD4\set-s02-ykhm-objects-62-cabinet09-DES\set-s02-ykhm-objects-62-cabinet09-DES.g1mx
0x37A3D195,Plugins\FieldEditor4\LAND\RONIN_OBJECT\MHE_TMD4\set-s01-tatara-straw-01a\set-s01-tatara-straw-01a.g1mx
0x37C57F4D,Plugins\FieldEditor4\LAND\RONIN_OBJECT03\MHE_TMD4\set-s01-ykp-shop-kajiya-obj-04-DES\set-s01-ykp-shop-kajiya-obj-04-DES.g1p
0x37D212DD,Plugins\FieldEditor4\LAND\DAYLIGHT_SEN_HOUSE\MHE_TMD4\set-sen-cmn-hotel-window-03-DES\set-sen-cmn-hotel-window-03-DES.g1cox
0x37E52A57,Plugins\FieldEditor4\LAND\RONIN_OBJECT03\MHE_TMD4\set-s02-ykhm-objects-09-woodbox01-DES\set-s02-ykhm-objects-09-woodbox01-DES.g1p
0x37EC78C7,Plugins\FieldEditor4\LAND\RONIN_OBJECT03\MHE_TMD4\set-EX-office-bottle01-DES\set-EX-office-bottle01-DES.g1cox
0x38067F0A,Plugins\FieldEditor4\LAND\DRAFT_MODEL_CONTAINER\MHE_TMD4\set-ykak-tourou-01-DES\set-ykak-tourou-01-DES.g1cox
0x38239CE4,Plugins\FieldEditor4\LAND\RONIN_OBJECT03\MHE_TMD4\set-csl-goods-weapon-09-DES\set-csl-goods-weapon-09-DES.g1p
0x38308099,Plugins\FieldEditor4\LAND\TWILIGHT_OBJECT\MHE_TMD4\set-S060-obj-f-01b-dt\set-S060-obj-f-01b-dt.g1p
0x38388633,Plugins\FieldEditor4\LAND\DAYLIGHT_SEN_OBJECT\MHE_TMD4\set-cmn-fusuma-01b-DES\set-cmn-fusuma-01b-DES.g1cox
0x3838EA88,Plugins\FieldEditor4\LAND\RONIN_OBJECT03\MHE_TMD4\set-s01-ykp-port-goods-01-DES\set-s01-ykp-port-goods-01-DES.g1mx
0x38392AC2,Plugins\FieldEditor4\LAND\TWILIGHT_PLANTHICHI\MHE_TMD4\set-s050-tree-boss-small-02\set-s050-tree-boss-small-02.g1mx
0x384B99E3,Plugins\FieldEditor4\LAND\DAYLIGHT_SEN_OBJECT\MHE_TMD4\set-MS-sen-htmt-coral-01b-DES\set-MS-sen-htmt-coral-01b-DES.g1mx
0x38693338,Plugins\FieldEditor4\LAND\RONIN_OBJECT03\MHE_TMD4\set-EX-kitchen-bench02-DES\set-EX-kitchen-bench02-DES.g1p
0x38A3169A,Plugins\FieldEditor4\LAND\RONIN_OBJECT\MHE_TMD4\set-cmn-g-bell-L00-DES\set-cmn-g-bell-L00-DES.g1p
0x38AFE5DD,Plugins\FieldEditor4\LAND\RONIN_OBJECT03\MHE_TMD4\set-cmn-kyt-objects-lifegoods-01a-DES\set-cmn-kyt-objects-lifegoods-01a-DES.g1p
0x38BBD385,Plugins\FieldEditor4\LAND\DAYLIGHT_BAK_LIGHT\MHE_TMD4\set-bak-hnj-BOSS-light-torou-01a-DES\set-bak-hnj-BOSS-light-torou-01a-DES.g1mx
0x38C3C48E,Plugins\FieldEditor4\LAND\RONIN_OBJECT\MHE_TMD4\set-s01-ykp-objects-16-radish02-DES\set-s01-ykp-objects-16-radish02-DES.g1p
0x38F2113D,Plugins\FieldEditor4\LAND\RONIN_OBJECT03\MHE_TMD4\set-s03-omy-fusuma-01b-DES\set-s03-omy-fusuma-01b-DES.g1mx
0x390985B2,Plugins\FieldEditor4\LAND\DAYLIGHT_SEN_HOUSE\MHE_TMD4\set-sen-sai-build-pillar-01-DES\set-sen-sai-build-pillar-01-DES.g1cox
0x390C3FC1,Plugins\FieldEditor4\LAND\DAYLIGHT_SEN_OBJECT\MHE_TMD4\set-sen-cmn-kajiya-object-02a-DES\set-sen-cmn-kajiya-object-02a-DES.g1mx
0x390D9027,Plugins\FieldEditor4\LAND\RONIN_OBJECT\MHE_TMD4\set-s02-ykhm-objects-02-basket02-DES\set-s02-ykhm-objects-02-basket02-DES.g1mx
0x39200EB4,Plugins\FieldEditor4\LAND\RONIN_OBJECT03\MHE_TMD4\set-s050-box-05\set-s050-box-05.g1mx
0x3932C1D2,Plugins\FieldEditor4\LAND\DAYLIGHT_BAK_OBJECT\MHE_TMD4\set-bak-hnj-obj-pot-buddhist-01b-DES\set-bak-hnj-obj-pot-buddhist-01b-DES.g1mx
0x3940F5FC,Plugins\FieldEditor4\LAND\DAYLIGHT_CMN_GENERAL\MHE_TMD4\set-hell-soranaki-kusabi-a01-DES\set-hell-soranaki-kusabi-a01-DES.g1p
0x394F8190,Plugins\FieldEditor4\LAND\RONIN_OBJECT\MHE_TMD4\set-s170-goods-vase-02-DES\set-s170-goods-vase-02-DES.g1cox
0x3954C794,Plugins\FieldEditor4\LAND\RONIN_OBJECT\MHE_TMD4\set-s01-ysk-objects-00-jars02-DES\set-s01-ysk-objects-00-jars02-DES.g1mx
0x39887316,Plugins\FieldEditor4\LAND\RONIN_OBJECT\MHE_TMD4\set-csl-goods-pail-04\set-csl-goods-pail-04.g1cox
0x39993F5C,Plugins\FieldEditor4\LAND\TWILIGHT_OBJECT\MHE_TMD4\set-s010-bg-gm-15\set-s010-bg-gm-15.g1mx
0x39C32239,Plugins\FieldEditor4\LAND\TWILIGHT_OBJECT\MHE_TMD4\set-s010-bg-gm-01\set-s010-bg-gm-01.g1mx
0x39C9898A,Plugins\FieldEditor4\LAND\RONIN_OBJECT\MHE_TMD4\set-csl-goods-fusuma-a01-break-DES\set-csl-goods-fusuma-a01-break-DES.g1p
0x39CA57A2,Plugins\FieldEditor4\LAND\RONIN_OBJECT\MHE_TMD4\set-cmn-kyt-obj-goods-pail-02-DES\set-cmn-kyt-obj-goods-pail-02-DES.g1mx
0x39D71F4E,Plugins\FieldEditor4\LAND\TWILIGHT_OBJECT\MHE_TMD4\set-general-placement-14\set-general-placement-14.g1cox
0x39F6DAF3,Plugins\FieldEditor4\LAND\DAYLIGHT_CMN_GENERAL\MHE_TMD4\set-S130-barrel-gunpowder-01\set-S130-barrel-gunpowder-01.g1p
0x3A212798,Plugins\FieldEditor4\LAND\RONIN_OBJECT\MHE_TMD4\set-s02-ykhm-close-objects-09a-DES\set-s02-ykhm-close-objects-09a-DES.g1p
0x3A2836B3,Plugins\FieldEditor4\LAND\RONIN_OBJECT03\MHE_TMD4\set-s01-ykp-shop-photo-obj-03a-DES\set-s01-ykp-shop-photo-obj-03a-DES.g1mx
0x3A4444B3,Plugins\FieldEditor4\LAND\DAYLIGHT_CMN_GENERAL\MHE_TMD4\set-S070-kumotamago-a-01\set-S070-kumotamago-a-01.g1cox
0x3A47D033,Plugins\FieldEditor4\LAND\RONIN_OBJECT03\MHE_TMD4\set-s01-sakr-goods-dish07-DES\set-s01-sakr-goods-dish07-DES.g1cox
0x3A9719CF,Plugins\FieldEditor4\LAND\RONIN_OBJECT\MHE_TMD4\set-s02-ykhm-objects-19-blinds03-DES\set-s02-ykhm-objects-19-blinds03-DES.g1p
0x3ADA25C5,Plugins\FieldEditor4\LAND\RONIN_OBJECT\MHE_TMD4\set-csl-goods-pail-04-DES\set-csl-goods-pail-04-DES.g1mx
0x3AE2A7F7,Plugins\FieldEditor4\LAND\RONIN_OBJECT\MHE_TMD4\set-s02-ykhm-objects-07-jars04-DES\set-s02-ykhm-objects-07-jars04-DES.g1cox
0x3B28F761,Plugins\FieldEditor4\LAND\RONIN_OBJECT\MHE_TMD4\set-s01-ykp-shop-kajiya-object-06a-DES\set-s01-ykp-shop-kajiya-object-06a-DES.g1cox
0x3B30BAD4,Plugins\FieldEditor4\LAND\RONIN_OBJECT03\MHE_TMD4\set-s810-tresure-dish-06-DES\set-s810-tresure-dish-06-DES.g1mx
0x3B3BABD2,Plugins\FieldEditor4\LAND\RONIN_OBJECT\MHE_TMD4\set-s01-china-goods-table-01b-DES\set-s01-china-goods-table-01b-DES.g1p
0x3B58FFC0,Plugins\FieldEditor4\LAND\TWILIGHT_OBJECT\MHE_TMD4\set-S080-brkobj-debris-boss-01\set-S080-brkobj-debris-boss-01.g1cox
0x3B648005,Plugins\FieldEditor4\LAND\RONIN_OBJECT\MHE_TMD4\set-s01-ykp-shop-goods-01a-DES\set-s01-ykp-shop-goods-01a-DES.g1mx
0x3B8E0972,Plugins\FieldEditor4\LAND\RONIN_OBJECT03\MHE_TMD4\set-s02-ykhm-close-objects-05a-DES\set-s02-ykhm-close-objects-05a-DES.g1mx
0x3B9949D0,Plugins\FieldEditor4\LAND\DAYLIGHT_CMN_GENERAL\MHE_TMD4\set-general-rollingstone-01\set-general-rollingstone-01.g1mx
0x3BA75FBE,Plugins\FieldEditor4\LAND\DAYLIGHT_BAK_OBJECT\MHE_TMD4\set-bak-cho-inn-door-02a-DES\set-bak-cho-inn-door-02a-DES.g1mx
0x3BC7224A,Plugins\FieldEditor4\LAND\RONIN_OBJECT\MHE_TMD4\set-s01-ysk-objects-00-strawmats05\set-s01-ysk-objects-00-strawmats05.g1p
0x3BE91BFB,Plugins\FieldEditor4\LAND\RONIN_OBJECT03\MHE_TMD4\set-s02-ykhm-objects-09-woodbox01-DES\set-s02-ykhm-objects-09-woodbox01-DES.g1cox
0x3BF9FA76,Plugins\FieldEditor4\LAND\RONIN_OBJECT03\MHE_TMD4\set-csl-goods-book-02\obj-csl-goods-book-02.g1mx
0x3BFA90CC,Plugins\FieldEditor4\LAND\DAYLIGHT_SEN_OBJECT\MHE_TMD4\set-MS-sen-htmt-coral-02a-DES\set-MS-sen-htmt-coral-02a-DES.g1cox
0x3C2EDD8B,Plugins\FieldEditor4\LAND\RONIN_OBJECT03\MHE_TMD4\set-s01-ykp-shop-drug-object-12a-DES\set-s01-ykp-shop-drug-object-12a-DES.g1mx
0x3C6CC2AB,Plugins\FieldEditor4\LAND\DAYLIGHT_CMN_GENERAL\MHE_TMD4\set-cmn-gdt-summon-tourou-01\set-cmn-gdt-summon-tourou-01.g1cox
0x3C88C55E,Plugins\FieldEditor4\LAND\RONIN_OBJECT\MHE_TMD4\set-s170-goods-table-05\set-s170-goods-table-05.g1cox
0x3C8E8773,Plugins\FieldEditor4\LAND\DAYLIGHT_SEN_OBJECT\MHE_TMD4\set-sen-cmn-chair-DES\obj-sen-cmn-chair-DES.g1cox
0x3CA47248,Plugins\FieldEditor4\LAND\DAYLIGHT_SEN_OBJECT\MHE_TMD4\set-sen-you-goods-shugen-07-DES\set-sen-you-goods-shugen-07-DES.g1mx
0x3CA8F420,Plugins\FieldEditor4\LAND\RONIN_OBJECT03\MHE_TMD4\set-s01-ykp-shop-kajiya-obj-03\set-s01-ykp-shop-kajiya-obj-03.g1p
0x3CAA5AE8,Plugins\FieldEditor4\LAND\DAYLIGHT_SEN_OBJECT\MHE_TMD4\set-sen-cmn-paper-DES\obj-sen-cmn-paper-DES.g1p
0x3CB3BEF8,Plugins\FieldEditor4\LAND\DAYLIGHT_CMN_GENERAL\MHE_TMD4\set-GGT-hei-s0310-bamboo-M-02-DES\set-GGT-hei-s0310-bamboo-M-02-DES.g1p
0x3CCB4C15,Plugins\FieldEditor4\LAND\RONIN_LIGHT\MHE_TMD4\set-s170-goods-lantern-03a-inroom-DES\set-s170-goods-lantern-03a-inroom-DES.g1mx
0x3CE70060,Plugins\FieldEditor4\LAND\RONIN_OBJECT\MHE_TMD4\set-s01-ykp-shop-drug-object-24a-DES\set-s01-ykp-shop-drug-object-24a-DES.g1cox
0x3CE7510F,Plugins\FieldEditor4\LAND\RONIN_OBJECT\MHE_TMD4\set-s060-csl-goods-barrel-01-DES\set-s060-csl-goods-barrel-01-DES.g1mx
0x3D09F776,Plugins\FieldEditor4\LAND\RONIN_OBJECT\MHE_TMD4\set-s02-ykhm-objects-05-jars02-DES\set-s02-ykhm-objects-05-jars02-DES.g1mx
0x3D1AE013,Plugins\FieldEditor4\LAND\RONIN_OBJECT03\MHE_TMD4\set-csl-goods-book-02\obj-csl-goods-book-02.g1p
0x3D468CD0,Plugins\FieldEditor4\LAND\TWILIGHT_OBJECT\MHE_TMD4\set-s010-bg-gm-05\set-s010-bg-gm-05.g1cox
0x3D474269,Plugins\FieldEditor4\LAND\RONIN_OBJECT02\MHE_TMD4\set-csl-goods-shoji-01-break02-DES\set-csl-goods-shoji-01-break02-DES.g1p
0x3D4CF093,Plugins\FieldEditor4\LAND\RONIN_OBJECT03\MHE_TMD4\set-s02-ykhm-close-objects-01a-DES\set-s02-ykhm-close-objects-01a-DES.g1p
0x3D623BE2,Plugins\FieldEditor4\LAND\RONIN_OBJECT03\MHE_TMD4\set-s01-krf-books-01a-DES\set-s01-krf-books-01a-DES.g1p
0x3D781282,Plugins\FieldEditor4\LAND\DAYLIGHT_CMN_GENERAL\MHE_TMD4\set-cmn-gdt-syugorei-rock-L01\set-cmn-gdt-syugorei-rock-L01.g1cox
0x3E29CF9A,Plugins\FieldEditor4\LAND\RONIN_OBJECT\MHE_TMD4\set-s01-ykw-fishing-objects-02-basket-03-DES\set-s01-ykw-fishing-objects-02-basket-03-DES.g1cox
0x3E364044,Plugins\FieldEditor4\LAND\RONIN_OBJECT03\MHE_TMD4\set-s03-ikedaya-obj-cabinets-01-DES\set-s03-ikedaya-obj-cabinets-01-DES.g1cox
0x3E592996,Plugins\FieldEditor4\LAND\DAYLIGHT_EDO_OBJECT\MHE_TMD4\set-edo-edojo-box-02-DES\set-edo-edojo-box-02-DES.g1mx
0x3E9E5107,Plugins\FieldEditor4\LAND\RONIN_LIGHT\MHE_TMD4\set-csl-goods-light-03-DES\set-csl-goods-light-03-DES.g1mx
0x3EE89A4E,Plugins\FieldEditor4\LAND\DAYLIGHT_BAK_OBJECT\MHE_TMD4\set-bak-cho-inn-door-03a-DES\set-bak-cho-inn-door-03a-DES.g1cox
0x3EF57621,Plugins\FieldEditor4\LAND\RONIN_OBJECT\MHE_TMD4\set-s01-ykp-port-goods-01-break-DES\set-s01-ykp-port-goods-01-break-DES.g1cox
0x3EFAEEA7,Plugins\FieldEditor4\LAND\TWILIGHT_OBJECT\MHE_TMD4\set-s050-building-pail-bk\set-s050-building-pail-bk.g1cox
0x3F012D4B,Plugins\FieldEditor4\LAND\RONIN_OBJECT03\MHE_TMD4\set-s170-goods-weapon-09-DES\set-s170-goods-weapon-09-DES.g1cox
0x3F570DE6,Plugins\FieldEditor4\LAND\DAYLIGHT_SEN_HOUSE\MHE_TMD4\set-sen-ryt-temple-01-door-02-DES\set-sen-ryt-temple-01-door-02-DES.g1mx
0x3FAA73AD,Plugins\FieldEditor4\LAND\RONIN_OBJECT\MHE_TMD4\set-s01-ykp-shop-drug-object-24a-DES\set-s01-ykp-shop-drug-object-24a-DES.g1mx
0x3FAFA95C,Plugins\FieldEditor4\LAND\DAYLIGHT_CMN_GENERAL\MHE_TMD4\set-bak-gdt-needle-floor\set-bak-gdt-needle-floor.g1cox
0x3FD6AED4,Plugins\FieldEditor4\LAND\RONIN_OBJECT03\MHE_TMD4\set-s01-ykp-shop-photo-obj-24a-DES\set-s01-ykp-shop-photo-obj-24a-DES.g1mx
0x3FDA00B5,Plugins\FieldEditor4\LAND\RONIN_CMN_PLANTHICHI\MHE_TMD4\set-nature-field-vege-02c\set-nature-field-vege-02c.g1cox
0x3FE5CF39,Plugins\FieldEditor4\LAND\RONIN_OBJECT\MHE_TMD4\set-s02-ykhm-objects-10-stair-00-DES\set-s02-ykhm-objects-10-stair-00-DES.g1mx
0x3FFCC5CD,Plugins\FieldEditor4\LAND\TWILIGHT_OBJECT\MHE_TMD4\set-s060-hole-goods-sacks-04\set-s060-hole-goods-sacks-04.g1mx
0x402F001F,Plugins\FieldEditor4\LAND\DAYLIGHT_CMN_GENERAL\MHE_TMD4\set-MS-gdt-syugorei-rock-M01\set-MS-gdt-syugorei-rock-M01.g1p
0x404668E2,Plugins\FieldEditor4\LAND\DAYLIGHT_CMN_GENERAL\MHE_TMD4\set-bak-gdt-cannon-object-DES\set-bak-gdt-cannon-object-DES.g1mx
0x4064D73B,Plugins\FieldEditor4\LAND\RONIN_OBJECT\MHE_TMD4\set-s01-ykp-tableware-00-DES\set-s01-ykp-tableware-00-DES.g1p
0x4074C2BF,Plugins\FieldEditor4\LAND\DAYLIGHT_KOD_LIGHT\MHE_TMD4\set-kod-kajiya-light-02-DES\set-kod-kajiya-light-02-DES.g1cox
0x4087FBA3,Plugins\FieldEditor4\LAND\RONIN_OBJECT03\MHE_TMD4\set-s02-kdc-objects-torture-16a-DES\set-s02-kdc-objects-torture-16a-DES.g1cox
0x40BA4C1A,Plugins\FieldEditor4\LAND\DAYLIGHT_BAK_OBJECT\MHE_TMD4\set-bak-hnj-obj-pot-buddhist-01a-DES\set-bak-hnj-obj-pot-buddhist-01a-DES.g1cox
0x40DB9A80,Plugins\FieldEditor4\LAND\RONIN_OBJECT03\MHE_TMD4\set-s02-ykhm-objects-00-sign05-DES\set-s02-ykhm-objects-00-sign05-DES.g1mx
0x4136B64E,Plugins\FieldEditor4\LAND\RONIN_OBJECT\MHE_TMD4\set-s02-ykhm-objects-00-dish04-DES\set-s02-ykhm-objects-00-dish04-DES.g1cox
0x415207C8,Plugins\FieldEditor4\LAND\RONIN_OBJECT03\MHE_TMD4\set-s02-ykhm-objects-00-stall-03-DES\set-s02-ykhm-objects-00-stall-03-DES.g1p
0x4159E2E0,Plugins\FieldEditor4\LAND\RONIN_OBJECT02\MHE_TMD4\set-csl-goods-shoji-01-break02-DES\set-csl-goods-shoji-01-break02-DES.g1mx
0x415BB9B5,Plugins\FieldEditor4\LAND\DAYLIGHT_CMN_GENERAL\MHE_TMD4\set-general-rolling-gunpowder-01\set-general-rolling-gunpowder-01.g1p
0x417F2E78,Plugins\FieldEditor4\LAND\RONIN_OBJECT03\MHE_TMD4\set-s02-ykhm-objects-59-cabinet06-DES\set-s02-ykhm-objects-59-cabinet06-DES.g1mx
0x41B668CF,Plugins\FieldEditor4\LAND\RONIN_OBJECT\MHE_TMD4\set-s01-ysk-objects-00-cabinets04-DES\set-s01-ysk-objects-00-cabinets04-DES.g1mx
0x41C191A5,Plugins\FieldEditor4\LAND\RONIN_OBJECT\MHE_TMD4\set-csl-goods-screen-01a-DES\set-csl-goods-screen-01a-DES.g1mx
0x41C69F80,Plugins\FieldEditor4\LAND\DRAFT_MODEL_CONTAINER\MHE_TMD4\set-s060-hole-goods-17\set-s060-hole-goods-17.g1cox
0x4209F9F6,Plugins\FieldEditor4\LAND\RONIN_OBJECT03\MHE_TMD4\set-s02-ykhm-close-objects-01a-DES\set-s02-ykhm-close-objects-01a-DES.g1mx
0x42231980,Plugins\FieldEditor4\LAND\TWILIGHT_OBJECT\MHE_TMD4\set-S060-obj-f-01b\set-S060-obj-f-01b.g1mx
0x42269290,Plugins\FieldEditor4\LAND\DAYLIGHT_BAK_OBJECT\MHE_TMD4\set-bak-cho-inn-door-01a-DES\set-bak-cho-inn-door-01a-DES.g1cox
0x42422A19,Plugins\FieldEditor4\LAND\RONIN_OBJECT03\MHE_TMD4\set-s01-ykp-shop-photo-obj-24a-DES\set-s01-ykp-shop-photo-obj-24a-DES.g1cox
0x42643344,Plugins\FieldEditor4\LAND\TWILIGHT_OBJECT\MHE_TMD4\set-general-placement-06-bk\set-general-placement-06-bk.g1p
0x4280CB82,Plugins\FieldEditor4\LAND\RONIN_OBJECT03\MHE_TMD4\set-s02-ykhm-objects-54-fabric03-DES\set-s02-ykhm-objects-54-fabric03-DES.g1p
0x42C717B8,Plugins\FieldEditor4\LAND\RONIN_OBJECT\MHE_TMD4\set-csl-goods-cookware-02-DES\set-csl-goods-cookware-02-DES.g1mx
0x43005723,Plugins\FieldEditor4\LAND\RONIN_LIGHT\MHE_TMD4\set-s03-kyt-cmn-objects-light-andon-01a-DES\set-s03-kyt-cmn-objects-light-andon-01a-DES.g1p
0x43153B5C,Plugins\FieldEditor4\LAND\TWILIGHT_OBJECT\MHE_TMD4\set-S080-brkobj-debris-boss-01\set-S080-brkobj-debris-boss-01.g1p
0x431B2E30,Plugins\FieldEditor4\LAND\DAYLIGHT_SEN_OBJECT\MHE_TMD4\set-cmn-fusuma-03a-DES\set-cmn-fusuma-03a-DES.g1cox
0x4325CE88,Plugins\FieldEditor4\LAND\DAYLIGHT_SEN_OBJECT\MHE_TMD4\set-sen-cmn-goods-tea-02-break-DES\set-sen-cmn-goods-tea-02-break-DES.g1p
0x434E533A,Plugins\FieldEditor4\LAND\DAYLIGHT_CMN_GENERAL\MHE_TMD4\set-MS-ryt-gdt-tourou-DES\set-MS-ryt-gdt-tourou-DES.g1cox
0x43A71EEA,Plugins\FieldEditor4\LAND\TWILIGHT_OBJECT\MHE_TMD4\set-s060-goods-weapon-01\set-s060-goods-weapon-01.g1cox
0x43BC8049,Plugins\FieldEditor4\LAND\RONIN_OBJECT03\MHE_TMD4\set-csl-goods-pot-03b-DES\obj-csl-goods-pot-03b-DES.g1mx
0x43C86150,Plugins\FieldEditor4\LAND\RONIN_OBJECT03\MHE_TMD4\set-s02-ykhm-objects-62-cabinet09-DES\set-s02-ykhm-objects-62-cabinet09-DES.g1cox
0x43D2436F,Plugins\FieldEditor4\LAND\RONIN_OBJECT03\MHE_TMD4\set-csl-goods-cloth-05\obj-csl-goods-cloth-05.g1p
0x43FD6A97,Plugins\FieldEditor4\LAND\RONIN_OBJECT\MHE_TMD4\set-csl-goods-cookware-03-DES\set-csl-goods-cookware-03-DES.g1mx
0x43FDA550,Plugins\FieldEditor4\LAND\RONIN_OBJECT\MHE_TMD4\set-csl-goods-box-02-DES\set-csl-goods-box-02-DES.g1mx
0x44004342,Plugins\FieldEditor4\LAND\RONIN_OBJECT03\MHE_TMD4\set-csl-goods-vase-04-DES\set-csl-goods-vase-04-DES.g1cox
0x44171654,Plugins\FieldEditor4\LAND\RONIN_OBJECT\MHE_TMD4\set-s02-ykhm-objects-10-stair-00-DES\set-s02-ykhm-objects-10-stair-00-DES.g1cox
0x44195F78,Plugins\FieldEditor4\LAND\RONIN_OBJECT\MHE_TMD4\set-s01-tatara-straw-01a\set-s01-tatara-straw-01a.g1cox
0x441CC7CF,Plugins\FieldEditor4\LAND\RONIN_OBJECT03\MHE_TMD4\set-s01-ykp-shop-kajiya-object-33a-DES\set-s01-ykp-shop-kajiya-object-33a-DES.g1mx
0x442CD9ED,Plugins\FieldEditor4\LAND\RONIN_OBJECT03\MHE_TMD4\set-s170-goods-table-04\set-s170-goods-table-04.g1mx
0x44408146,Plugins\FieldEditor4\LAND\RONIN_OBJECT03\MHE_TMD4\set-s01-ykp-port-goods-03-DES\set-s01-ykp-port-goods-03-DES.g1mx
0x444AF51F,Plugins\FieldEditor4\LAND\RONIN_OBJECT\MHE_TMD4\set-s01-ykp-stall-06-DES\obj-s01-ykp-stall-06-DES.g1p
0x4453E18D,Plugins\FieldEditor4\LAND\RONIN_OBJECT\MHE_TMD4\set-s01-sksh-wood-objects-02a-DES\set-s01-sksh-wood-objects-02a-DES.g1cox
0x4474AE90,Plugins\FieldEditor4\LAND\RONIN_OBJECT\MHE_TMD4\set-s02-ykhm-objects-00-dish02-DES\set-s02-ykhm-objects-00-dish02-DES.g1cox
0x44937AC3,Plugins\FieldEditor4\LAND\RONIN_OBJECT03\MHE_TMD4\set-s01-ykp-goods-03-DES\set-s01-ykp-goods-03-DES.g1mx
0x4497BBAB,Plugins\FieldEditor4\LAND\RONIN_OBJECT\MHE_TMD4\set-csl-goods-tea-02-DES\set-csl-goods-tea-02-DES.g1mx
0x449E1887,Plugins\FieldEditor4\LAND\RONIN_OBJECT03\MHE_TMD4\set-s01-krf-books-01a-DES\set-s01-krf-books-01a-DES.g1mx
0x44C029B1,Plugins\FieldEditor4\LAND\RONIN_OBJECT03\MHE_TMD4\set-s01-ykp-flag-02c\set-s01-ykp-flag-02c.g1mx
0x44FB2B49,Plugins\FieldEditor4\LAND\RONIN_OBJECT03\MHE_TMD4\set-s01-ykp-shop-kajiya-object-17a-DES\set-s01-ykp-shop-kajiya-object-17a-DES.g1mx
0x450FF45D,Plugins\FieldEditor4\LAND\RONIN_OBJECT\MHE_TMD4\set-cmn-gissha-04\set-cmn-gissha-04.g1p
0x45422924,Plugins\FieldEditor4\LAND\DAYLIGHT_BAK_LIGHT\MHE_TMD4\set-bak-hnj-BOSS-light-torou-01a-DES\set-bak-hnj-BOSS-light-torou-01a-DES.g1p
0x454D3CB8,Plugins\FieldEditor4\LAND\RONIN_OBJECT\MHE_TMD4\set-s02-edo-skr-obj-05a-DES\set-s02-edo-skr-obj-05a-DES.g1cox
0x458061FF,Plugins\FieldEditor4\LAND\RONIN_OBJECT03\MHE_TMD4\set-s01-ysk-objects-00-woodbox01-DES\set-s01-ysk-objects-00-woodbox01-DES.g1cox
0x459D0E88,Plugins\FieldEditor4\LAND\RONIN_OBJECT\MHE_TMD4\set-general-bonfire-t02a\set-general-bonfire-t02a.g1cox
0x45C517E9,Plugins\FieldEditor4\LAND\RONIN_OBJECT03\MHE_TMD4\set-s01-mit-shoji-01-DES\set-s01-mit-shoji-01-DES.g1cox
0x45D2E6D1,Plugins\FieldEditor4\LAND\DAYLIGHT_SEN_OBJECT\MHE_TMD4\set-hre-fusuma-01b-DES\set-hre-fusuma-01b-DES.g1mx
0x45D48C58,Plugins\FieldEditor4\LAND\DAYLIGHT_SEN_OBJECT\MHE_TMD4\set-sen-cmn-goods-pot-01\set-sen-cmn-goods-pot-01.g1mx
0x45DA87D8,Plugins\FieldEditor4\LAND\RONIN_OBJECT\MHE_TMD4\set-csl-goods-vase-01-DES\set-csl-goods-vase-01-DES.g1p
0x45ED7F6E,Plugins\FieldEditor4\LAND\RONIN_OBJECT\MHE_TMD4\set-cmn-mib-objects-01-DES\set-cmn-mib-objects-01-DES.g1mx
0x460271B9,Plugins\FieldEditor4\LAND\DAYLIGHT_SEN_HOUSE\MHE_TMD4\set-sen-cmn-hotel-window-03-DES\set-sen-cmn-hotel-window-03-DES.g1p
0x462CCB34,Plugins\FieldEditor4\LAND\DAYLIGHT_SEN_OBJECT\MHE_TMD4\set-hre-fusuma-03a-DES\set-hre-fusuma-03a-DES.g1mx
0x464F79D3,Plugins\FieldEditor4\LAND\DAYLIGHT_CMN_HELL\MHE_TMD4\set-gdt-hell-kusabi-a03-DES\set-gdt-hell-kusabi-a03-DES.g1mx
0x466324DA,Plugins\FieldEditor4\LAND\RONIN_OBJECT\MHE_TMD4\set-S01-dojo-goods-cloth-01\obj-S01-dojo-goods-cloth-01.g1p
0x46701B5D,Plugins\FieldEditor4\LAND\DAYLIGHT_BAK_HELL\MHE_TMD4\set-bak-cmn-hell-needle-01a-DES\set-bak-cmn-hell-needle-01a-DES.g1cox
0x469F124D,Plugins\FieldEditor4\LAND\TWILIGHT_OBJECT\MHE_TMD4\set-general-placement-06\set-general-placement-06.g1p
0x46A768FE,Plugins\FieldEditor4\LAND\RONIN_OBJECT03\MHE_TMD4\set-s01-benten-stall-05\set-s01-benten-stall-05.g1cox
0x46B45F55,Plugins\FieldEditor4\LAND\RONIN_OBJECT\MHE_TMD4\set-s02-ykhm-objects-46-pannier01-DES\set-s02-ykhm-objects-46-pannier01-DES.g1mx
0x46DEF240,Plugins\FieldEditor4\LAND\TWILIGHT_OBJECT\MHE_TMD4\set-s060-hole-goods-sacks-04\set-s060-hole-goods-sacks-04.g1cox
0x46FEF64E,Plugins\FieldEditor4\LAND\RONIN_OBJECT03\MHE_TMD4\set-csl-goods-shoji-02-DES\set-csl-goods-shoji-02-DES.g1cox
0x471890FE,Plugins\FieldEditor4\LAND\RONIN_OBJECT03\MHE_TMD4\set-s01-ykp-shop-photo-obj-18a-DES\set-s01-ykp-shop-photo-obj-18a-DES.g1cox
0x47403D52,Plugins\FieldEditor4\LAND\RONIN_OBJECT\MHE_TMD4\set-s01-ykp-tableware-04-DES\set-s01-ykp-tableware-04-DES.g1mx
0x475DD2CE,Plugins\FieldEditor4\LAND\RONIN_OBJECT\MHE_TMD4\set-s02-ykhm-objects-12-mat01-DES\set-s02-ykhm-objects-12-mat01-DES.g1p
0x4761D2C8,Plugins\FieldEditor4\LAND\DRAFT_MODEL_CONTAINER\MHE_TMD4\set-general-placement-16-bk\set-general-placement-16-bk.g1cox
0x47650C5C,Plugins\FieldEditor4\LAND\DAYLIGHT_CMN_GENERAL\MHE_TMD4\set-GGT-hei-s0310-bamboo-M-02-DES\set-GGT-hei-s0310-bamboo-M-02-DES.g1cox
0x479DC0BB,Plugins\FieldEditor4\LAND\RONIN_OBJECT\MHE_TMD4\set-s01-sksh-objects-00-rice01-DES\set-s01-sksh-objects-00-rice01-DES.g1cox
0x47A10601,Plugins\FieldEditor4\LAND\RONIN_OBJECT03\MHE_TMD4\set-s02-edj-paper-01-DES\obj-s02-edj-paper-01-DES.g1p
0x47D6DD7A,Plugins\FieldEditor4\LAND\RONIN_OBJECT03\MHE_TMD4\set-s01-sakr-goods-dish07-DES\set-s01-sakr-goods-dish07-DES.g1mx
0x47EF993D,Plugins\FieldEditor4\LAND\TWILIGHT_OBJECT\MHE_TMD4\set-s010-bg-gm-05\set-s010-bg-gm-05.g1mx
0x4817DB7D,Plugins\FieldEditor4\LAND\DAYLIGHT_BAK_OBJECT\MHE_TMD4\set-bak-cho-inn-door-01a-DES\set-bak-cho-inn-door-01a-DES.g1mx
0x481A98E4,Plugins\FieldEditor4\LAND\DAYLIGHT_SEN_HOUSE\MHE_TMD4\set-sen-ryt-temple-01-fence-DES\set-sen-ryt-temple-01-fence-DES.g1cox
0x48358309,Plugins\FieldEditor4\LAND\RONIN_OBJECT03\MHE_TMD4\set-s02-ykhm-objects-00-stall-06-DES\set-s02-ykhm-objects-00-stall-06-DES.g1cox
0x48A78B71,Plugins\FieldEditor4\LAND\RONIN_OBJECT03\MHE_TMD4\set-cmn-ky-shop-obj-flag-03\set-cmn-ky-shop-obj-flag-03.g1cox
0x48C564F3,Plugins\FieldEditor4\LAND\RONIN_OBJECT03\MHE_TMD4\set-S810-tresure-vase-01\set-S810-tresure-vase-01.g1cox
0x48D9CFF4,Plugins\FieldEditor4\LAND\RONIN_OBJECT\MHE_TMD4\set-s02-chdojo-objects-cloth-01a-DES\set-s02-chdojo-objects-cloth-01a-DES.g1cox
0x48DB9DF4,Plugins\FieldEditor4\LAND\RONIN_OBJECT\MHE_TMD4\set-s01-ykp-shop-kajiya-object-31a-DES\set-s01-ykp-shop-kajiya-object-31a-DES.g1mx
0x49493C78,Plugins\FieldEditor4\LAND\RONIN_OBJECT\MHE_TMD4\set-s01-ykp-shop-kajiya-object-01a-DES\set-s01-ykp-shop-kajiya-object-01a-DES.g1p
0x49CA9E13,Plugins\FieldEditor4\LAND\TWILIGHT_OBJECT\MHE_TMD4\set-s050-box-04\set-s050-box-04.g1p
0x49F3D42A,Plugins\FieldEditor4\LAND\RONIN_OBJECT\MHE_TMD4\set-s170-goods-shelf-02-dest01-DES\set-s170-goods-shelf-02-dest01-DES.g1cox
0x4A323C85,Plugins\FieldEditor4\LAND\RONIN_OBJECT03\MHE_TMD4\set-s01-ykp-goods-04-DES\set-s01-ykp-goods-04-DES.g1p
0x4A37492C,Plugins\FieldEditor4\LAND\DAYLIGHT_CMN_GENERAL\MHE_TMD4\set-GGT-s0310-bamboo-M-02-DES\set-GGT-s0310-bamboo-M-02-DES.g1p
0x4A54CB66,Plugins\FieldEditor4\LAND\RONIN_OBJECT03\MHE_TMD4\set-s01-ykp-shop-drug-object-17a-DES\set-s01-ykp-shop-drug-object-17a-DES.g1mx
0x4A5F20BB,Plugins\FieldEditor4\LAND\TWILIGHT_OBJECT\MHE_TMD4\set-S350-haniwa-a02\set-S350-haniwa-a02.g1mx
0x4A8EE81D,Plugins\FieldEditor4\LAND\DAYLIGHT_CMN_GENERAL\MHE_TMD4\set-gdt-hei-hell-ice-01a-DES\set-gdt-hei-hell-ice-01a-DES.g1cox
0x4A984FC7,Plugins\FieldEditor4\LAND\RONIN_OBJECT\MHE_TMD4\set-csl-goods-pot-03-DES\set-csl-goods-pot-03-DES.g1mx
0x4ACE0526,Plugins\FieldEditor4\LAND\DRAFT_MODEL_CONTAINER\MHE_TMD4\set-ykak-tourou-01-DES\set-ykak-tourou-01-DES.g1p
0x4AF6B28D,Plugins\FieldEditor4\LAND\RONIN_OBJECT\MHE_TMD4\set-csl-goods-screen-05-DES\set-csl-goods-screen-05-DES.g1p
0x4AFD9CF4,Plugins\FieldEditor4\LAND\RONIN_OBJECT03\MHE_TMD4\set-s01-sakr-goods-dish08-DES\set-s01-sakr-goods-dish08-DES.g1cox
0x4B1FD704,Plugins\FieldEditor4\LAND\RONIN_OBJECT\MHE_TMD4\set-cmn-fish-02a-DES\obj-cmn-fish-02a-DES.g1cox
0x4B2F4B51,Plugins\FieldEditor4\LAND\RONIN_OBJECT\MHE_TMD4\set-csl-goods-vase-01-DES\set-csl-goods-vase-01-DES.g1mx
0x4B361B84,Plugins\FieldEditor4\LAND\RONIN_OBJECT03\MHE_TMD4\set-s02-ykhm-objects-38-table03-DES\set-s02-ykhm-objects-38-table03-DES.g1mx
0x4B3C0FAB,Plugins\FieldEditor4\LAND\RONIN_OBJECT03\MHE_TMD4\set-s170-goods-table-01-DES\set-s170-goods-table-01-DES.g1p
0x4B571CBF,Plugins\FieldEditor4\LAND\RONIN_OBJECT\MHE_TMD4\set-csl-goods-weapon-spear-DES\set-csl-goods-weapon-spear-DES.g1cox
0x4B939EBF,Plugins\FieldEditor4\LAND\RONIN_OBJECT\MHE_TMD4\set-s01-ykp-shop-kajiya-object-08a-DES\set-s01-ykp-shop-kajiya-object-08a-DES.g1p
0x4BD01D87,Plugins\FieldEditor4\LAND\RONIN_OBJECT\MHE_TMD4\set-s170-goods-pail-03-DES\set-s170-goods-pail-03-DES.g1mx
0x4C00B852,Plugins\FieldEditor4\LAND\RONIN_OBJECT03\MHE_TMD4\set-cmn-mib-flag-03b\set-cmn-mib-flag-03b.g1p
0x4C0A785C,Plugins\FieldEditor4\LAND\TWILIGHT_OBJECT\MHE_TMD4\set-S070-bf-wreck-04\set-S070-bf-wreck-04.g1cox
0x4C1CB525,Plugins\FieldEditor4\LAND\RONIN_OBJECT03\MHE_TMD4\set-s02-edj-paper-01-DES\obj-s02-edj-paper-01-DES.g1cox
0x4C2AAC48,Plugins\FieldEditor4\LAND\RONIN_OBJECT03\MHE_TMD4\set-EX-kitchen-crock01-DES\set-EX-kitchen-crock01-DES.g1mx
0x4C712004,Plugins\FieldEditor4\LAND\TWILIGHT_OBJECT\MHE_TMD4\set-s080-goods-straw-break-01\set-s080-goods-straw-break-01.g1p
0x4C7217F2,Plugins\FieldEditor4\LAND\TWILIGHT_OBJECT\MHE_TMD4\set-s060-hole-goods-weapon-03\set-s060-hole-goods-weapon-03.g1cox
0x4CF80BAF,Plugins\FieldEditor4\LAND\DAYLIGHT_BAK_LIGHT\MHE_TMD4\set-bak-cmn-andon-light-01-DES\set-bak-cmn-andon-light-01-DES.g1p
0x4D028FA9,Plugins\FieldEditor4\LAND\RONIN_OBJECT03\MHE_TMD4\set-s02-edo-knd-obj-20a-DES\set-s02-edo-knd-obj-20a-DES.g1cox
0x4D2B7A8D,Plugins\FieldEditor4\LAND\RONIN_OBJECT03\MHE_TMD4\set-s01-sakr-goods-dish05-DES\set-s01-sakr-goods-dish05-DES.g1p
0x4D3A463D,Plugins\FieldEditor4\LAND\RONIN_OBJECT03\MHE_TMD4\set-cmn-obj-taru-01a-DES\set-cmn-obj-taru-01a-DES.g1mx
0x4D57E89C,Plugins\FieldEditor4\LAND\RONIN_OBJECT\MHE_TMD4\set-cmn-mib-objects-04-DES\set-cmn-mib-objects-04-DES.g1cox
0x4D749C9A,Plugins\FieldEditor4\LAND\RONIN_OBJECT03\MHE_TMD4\set-s02-ykhm-objects-08-jars05-DES\set-s02-ykhm-objects-08-jars05-DES.g1cox
0x4DD9C2FF,Plugins\FieldEditor4\LAND\RONIN_OBJECT\MHE_TMD4\set-csl-goods-pot-05b-DES\obj-csl-goods-pot-05b-DES.g1cox
0x4DE2B5BC,Plugins\FieldEditor4\LAND\RONIN_OBJECT03\MHE_TMD4\set-s170-goods-table-04\set-s170-goods-table-04.g1p
0x4E20EDBC,Plugins\FieldEditor4\LAND\DAYLIGHT_BAK_NATURE\MHE_TMD4\set-bak-beehive-01-DES\set-bak-beehive-01-DES.g1cox
0x4E4CEFBC,Plugins\FieldEditor4\LAND\DAYLIGHT_SEN_OBJECT\MHE_TMD4\set-sen-hidr-rock-01-DES\set-sen-hidr-rock-01-DES.g1p
0x4E66C04B,Plugins\FieldEditor4\LAND\RONIN_LIGHT\MHE_TMD4\set-s02-edo-ysw-objects-light-10a\set-s02-edo-ysw-objects-light-10a.g1cox
0x4E6C2777,Plugins\FieldEditor4\LAND\RONIN_OBJECT03\MHE_TMD4\set-s170-goods-box-06-DES\set-s170-goods-box-06-DES.g1cox
0x4E898553,Plugins\FieldEditor4\LAND\RONIN_OBJECT\MHE_TMD4\set-s02-ykhm-objects-07-jars04-DES\set-s02-ykhm-objects-07-jars04-DES.g1p
0x4E900D2F,Plugins\FieldEditor4\LAND\DAYLIGHT_SEN_OBJECT\MHE_TMD4\set-sen-cmn-goods-tea-04-DES\set-sen-cmn-goods-tea-04-DES.g1cox
0x4ED09260,Plugins\FieldEditor4\LAND\RONIN_OBJECT\MHE_TMD4\set-csl-goods-fusuma-a01-DES\set-csl-goods-fusuma-a01-DES.g1mx
0x4ED475E0,Plugins\FieldEditor4\LAND\RONIN_OBJECT\MHE_TMD4\set-cmn-kyt-flag-01a-DES\set-cmn-kyt-flag-01a-DES.g1cox
0x4EF773E9,Plugins\FieldEditor4\LAND\TWILIGHT_OBJECT\MHE_TMD4\set-S060-obj-f-01b-bk\set-S060-obj-f-01b-bk.g1mx
0x4F08DE77,Plugins\FieldEditor4\LAND\DAYLIGHT_CMN_PLANTHICHI\MHE_TMD4\set-dyl-tree-boss-small-03-DES\set-dyl-tree-boss-small-03-DES.g1mx
0x4FA1FA06,Plugins\FieldEditor4\LAND\DAYLIGHT_SEN_HOUSE\MHE_TMD4\set-sen-ryt-temple-01-door-01-DES\set-sen-ryt-temple-01-door-01-DES.g1cox
0x4FB5C597,Plugins\FieldEditor4\LAND\DAYLIGHT_SEN_OBJECT\MHE_TMD4\set-sen-msk-building-pillar-01-DES\set-sen-msk-building-pillar-01-DES.g1p
0x4FBF0998,Plugins\FieldEditor4\LAND\RONIN_OBJECT\MHE_TMD4\set-csl-goods-shelf-02-DES\set-csl-goods-shelf-02-DES.g1p
0x4FC9B1CB,Plugins\FieldEditor4\LAND\DAYLIGHT_CMN_GENERAL\MHE_TMD4\set-bak-gdt-cannon-object-DES\set-bak-gdt-cannon-object-DES.g1cox
0x4FD982B2,Plugins\FieldEditor4\LAND\RONIN_OBJECT\MHE_TMD4\set-s02-ykhm-objects-12-mat01-DES\set-s02-ykhm-objects-12-mat01-DES.g1cox
0x50049D90,Plugins\FieldEditor4\LAND\DAYLIGHT_SEN_HOUSE\MHE_TMD4\set-sen-cmn-hotel-window-03-DES\set-sen-cmn-hotel-window-03-DES.g1mx
0x508C91E5,Plugins\FieldEditor4\LAND\RONIN_OBJECT\MHE_TMD4\set-s170-goods-shelf-02-dest02-DES\set-s170-goods-shelf-02-dest02-DES.g1p
0x5093162F,Plugins\FieldEditor4\LAND\RONIN_OBJECT\MHE_TMD4\set-s02-edj-sword-01-DES\obj-s02-edj-sword-01-DES.g1p
0x50A5CF6E,Plugins\FieldEditor4\LAND\RONIN_OBJECT\MHE_TMD4\set-csl-goods-weapon-spear-DES\set-csl-goods-weapon-spear-DES.g1mx
0x50E74873,Plugins\FieldEditor4\LAND\RONIN_OBJECT\MHE_TMD4\set-s01-ysk-objects-00-cabinets11-DES\set-s01-ysk-objects-00-cabinets11-DES.g1mx
0x50F2CD80,Plugins\FieldEditor4\LAND\DAYLIGHT_SEN_HOUSE\MHE_TMD4\set-sen-ryt-temple-01-fence-DES\set-sen-ryt-temple-01-fence-DES.g1p
0x5100B5B5,Plugins\FieldEditor4\LAND\RONIN_OBJECT03\MHE_TMD4\set-s01-ykp-shop-drug-object-06a\set-s01-ykp-shop-drug-object-06a.g1p
0x5109DFED,Plugins\FieldEditor4\LAND\DAYLIGHT_SEN_OBJECT\MHE_TMD4\set-sen-hidr-rock-01-DES\set-sen-hidr-rock-01-DES.g1mx
0x512A5BFD,Plugins\FieldEditor4\LAND\RONIN_OBJECT\MHE_TMD4\set-s01-ykp-shop-drug-object-25a-DES\set-s01-ykp-shop-drug-object-25a-DES.g1p
0x516DE6EB,Plugins\FieldEditor4\LAND\RONIN_OBJECT\MHE_TMD4\set-cmn-g-throwdonou-01-DES\set-cmn-g-throwdonou-01-DES.g1p
0x51806BAC,Plugins\FieldEditor4\LAND\DAYLIGHT_SEN_OBJECT\MHE_TMD4\set-sen-cha-shelf-01-DES\set-sen-cha-shelf-01-DES.g1p
0x51C37189,Plugins\FieldEditor4\LAND\RONIN_OBJECT03\MHE_TMD4\set-EX-office-book01-DES\set-EX-office-book01-DES.g1mx
0x51C8E86A,Plugins\FieldEditor4\LAND\RONIN_OBJECT03\MHE_TMD4\set-cmn-kyt-objects-trashcan-01b-DES\set-cmn-kyt-objects-trashcan-01b-DES.g1cox
0x52052710,Plugins\FieldEditor4\LAND\RONIN_OBJECT\MHE_TMD4\set-s01-ykp-shop-kajiya-object-02a-DES\set-s01-ykp-shop-kajiya-object-02a-DES.g1mx
0x5207F766,Plugins\FieldEditor4\LAND\RONIN_OBJECT03\MHE_TMD4\set-EX-office-bottle02-DES\set-EX-office-bottle02-DES.g1cox
0x522A1C54,Plugins\FieldEditor4\LAND\RONIN_OBJECT\MHE_TMD4\set-csl-goods-box-06-DES\set-csl-goods-box-06-DES.g1mx
0x523CBE37,Plugins\FieldEditor4\LAND\RONIN_OBJECT\MHE_TMD4\set-csl-goods-box-04-DES\set-csl-goods-box-04-DES.g1p
0x525D5371,Plugins\FieldEditor4\LAND\RONIN_OBJECT03\MHE_TMD4\set-s01-ykp-objects-15-radish01-DES\set-s01-ykp-objects-15-radish01-DES.g1p
0x5264C851,Plugins\FieldEditor4\LAND\RONIN_OBJECT\MHE_TMD4\set-s170-goods-weapon-11-DES\set-s170-goods-weapon-11-DES.g1cox
0x5282CD99,Plugins\FieldEditor4\LAND\DAYLIGHT_SEN_OBJECT\MHE_TMD4\set-sen-cmn-obj-screen-05-DES\set-sen-cmn-obj-screen-05-DES.g1p
0x528EDF10,Plugins\FieldEditor4\LAND\RONIN_OBJECT03\MHE_TMD4\set-s01-sakr-objects-fusuma00-01-DES\set-s01-sakr-objects-fusuma00-01-DES.g1p
0x52A14F00,Plugins\FieldEditor4\LAND\RONIN_OBJECT\MHE_TMD4\set-s01-ykp-stall-05-DES\obj-s01-ykp-stall-05-DES.g1p
0x52A9A7F5,Plugins\FieldEditor4\LAND\TWILIGHT_OBJECT\MHE_TMD4\set-s010-goods-pail-02\set-s010-goods-pail-02.g1mx
0x52C64936,Plugins\FieldEditor4\LAND\TWILIGHT_OBJECT\MHE_TMD4\set-S100-brkobj-hanging-scroll-01\set-S100-brkobj-hanging-scroll-01.g1cox
0x52F78652,Plugins\FieldEditor4\LAND\RONIN_OBJECT03\MHE_TMD4\set-EX-office-notebook01-DES\set-EX-office-notebook01-DES.g1cox
0x52F88674,Plugins\FieldEditor4\LAND\RONIN_OBJECT03\MHE_TMD4\set-s01-sakr-objects-fusuma00-01-DES\set-s01-sakr-objects-fusuma00-01-DES.g1cox
0x52F91032,Plugins\FieldEditor4\LAND\TWILIGHT_OBJECT\MHE_TMD4\set-s010-bg-gm-14\set-s010-bg-gm-14.g1cox
0x52FE8854,Plugins\FieldEditor4\LAND\DAYLIGHT_CMN_PLANTHICHI\MHE_TMD4\set-dyl-tree-boss-small-01-DES\set-dyl-tree-boss-small-01-DES.g1cox
0x5335B61C,Plugins\FieldEditor4\LAND\RONIN_OBJECT\MHE_TMD4\set-s01-ysk-objects-00-jars05-DES\set-s01-ysk-objects-00-jars05-DES.g1cox
0x5344C45A,Plugins\FieldEditor4\LAND\RONIN_OBJECT\MHE_TMD4\set-s01-ysk-objects-00-cabinets11-DES\set-s01-ysk-objects-00-cabinets11-DES.g1cox
0x536B002F,Plugins\FieldEditor4\LAND\RONIN_OBJECT\MHE_TMD4\set-s170-goods-vase-03-DES\set-s170-goods-vase-03-DES.g1cox
0x5399F04F,Plugins\FieldEditor4\LAND\RONIN_OBJECT03\MHE_TMD4\set-s02-ykhm-objects-00-dish06-DES\set-s02-ykhm-objects-00-dish06-DES.g1cox
0x53A99BC8,Plugins\FieldEditor4\LAND\RONIN_OBJECT03\MHE_TMD4\set-s01-ykp-shop-kajiya-object-07a-DES\set-s01-ykp-shop-kajiya-object-07a-DES.g1mx
0x53CF30FD,Plugins\FieldEditor4\LAND\RONIN_OBJECT03\MHE_TMD4\set-cmn-mib-objects-02-DES\set-cmn-mib-objects-02-DES.g1p
0x53D24E87,Plugins\FieldEditor4\LAND\DRAFT_MODEL_CONTAINER\MHE_TMD4\set-general-placement-15-bk\set-general-placement-15-bk.g1cox
0x53E50829,Plugins\FieldEditor4\LAND\RONIN_OBJECT\MHE_TMD4\set-csl-goods-fusuma-a02-break-DES\set-csl-goods-fusuma-a02-break-DES.g1p
0x542AF844,Plugins\FieldEditor4\LAND\DAYLIGHT_CMN_GENERAL\MHE_TMD4\set-bak-gdt-cannon-object-OFF\set-bak-gdt-cannon-object-OFF.g1p
0x5432A26D,Plugins\FieldEditor4\LAND\RONIN_OBJECT03\MHE_TMD4\set-s01-hod-inn-door-02b-break01-DES\set-s01-hod-inn-door-02b-break01-DES.g1p
0x543C85C5,Plugins\FieldEditor4\LAND\RONIN_OBJECT\MHE_TMD4\set-s02-ykhm-objects-66-salt-farm-hoe-01-DES\set-s02-ykhm-objects-66-salt-farm-hoe-01-DES.g1p
0x543CF877,Plugins\FieldEditor4\LAND\RONIN_OBJECT\MHE_TMD4\set-s02-ykhm-objects-10-clothesline-03\set-s02-ykhm-objects-10-clothesline-03.g1mx
0x54489B49,Plugins\FieldEditor4\LAND\RONIN_LIGHT\MHE_TMD4\set-s03-kyt-cmn-objects-light-andon-03a-DES\set-s03-kyt-cmn-objects-light-andon-03a-DES.g1cox
0x5491F1E2,Plugins\FieldEditor4\LAND\RONIN_OBJECT03\MHE_TMD4\set-csl-goods-tool-08-DES\set-csl-goods-tool-08-DES.g1mx
0x54A9A695,Plugins\FieldEditor4\LAND\RONIN_OBJECT03\MHE_TMD4\set-ykak-goods-chair-03-DES\set-ykak-goods-chair-03-DES.g1cox
0x54AC0B9C,Plugins\FieldEditor4\LAND\RONIN_OBJECT03\MHE_TMD4\set-s01-ysk-objects-00-cabinets10-DES\set-s01-ysk-objects-00-cabinets10-DES.g1cox
0x54B9A511,Plugins\FieldEditor4\LAND\RONIN_OBJECT\MHE_TMD4\set-s02-ykhm-objects-33-cups02-DES\set-s02-ykhm-objects-33-cups02-DES.g1p
0x54C1537D,Plugins\FieldEditor4\LAND\RONIN_OBJECT\MHE_TMD4\set-cmn-kyt-flag-02a-DES\set-cmn-kyt-flag-02a-DES.g1p
0x54DA0096,Plugins\FieldEditor4\LAND\RONIN_OBJECT\MHE_TMD4\set-s010-Village-goods-04\set-s010-Village-goods-04.g1p
0x54DE423B,Plugins\FieldEditor4\LAND\RONIN_OBJECT\MHE_TMD4\set-s01-sksh-close-objects-04a\set-s01-sksh-close-objects-04a.g1mx
0x54E09FC6,Plugins\FieldEditor4\LAND\RONIN_OBJECT\MHE_TMD4\set-csl-goods-A-pot-00-DES\set-csl-goods-A-pot-00-DES.g1p
0x54E31DD3,Plugins\FieldEditor4\LAND\RONIN_LIGHT\MHE_TMD4\set-s01-ykak-goods-light-01-DES\set-s01-ykak-goods-light-01-DES.g1mx
0x5537B97C,Plugins\FieldEditor4\LAND\RONIN_OBJECT\MHE_TMD4\set-cmn-kyt-flag-01a-DES\set-cmn-kyt-flag-01a-DES.g1p
0x553EAE43,Plugins\FieldEditor4\LAND\RONIN_OBJECT\MHE_TMD4\set-s01-ykp-shop-goods-03a-DES\set-s01-ykp-shop-goods-03a-DES.g1mx
0x5552607B,Plugins\FieldEditor4\LAND\RONIN_OBJECT03\MHE_TMD4\set-s02-ykhm-objects-10-woodbox02-DES\set-s02-ykhm-objects-10-woodbox02-DES.g1mx
0x555ACAD7,Plugins\FieldEditor4\LAND\DAYLIGHT_SEN_OBJECT\MHE_TMD4\set-hre-fusuma-01a-DES\set-hre-fusuma-01a-DES.g1p
0x557DB8B8,Plugins\FieldEditor4\LAND\RONIN_OBJECT03\MHE_TMD4\set-cmn-edo-obj-watertank-01a-DES\set-cmn-edo-obj-watertank-01a-DES.g1mx
0x55809260,Plugins\FieldEditor4\LAND\DAYLIGHT_CMN_GENERAL\MHE_TMD4\set-hell-soranaki-kusabi-a01-DES\set-hell-soranaki-kusabi-a01-DES.g1cox
0x55AC69F7,Plugins\FieldEditor4\LAND\DAYLIGHT_CMN_HELL\MHE_TMD4\set-gdt-hell-kusabi-a02-DES\set-gdt-hell-kusabi-a02-DES.g1p
0x55C4A611,Plugins\FieldEditor4\LAND\TWILIGHT_OBJECT\MHE_TMD4\set-S800-bowl-01\set-S800-bowl-01.g1mx
0x55D3ACD3,Plugins\FieldEditor4\LAND\DAYLIGHT_CMN_GENERAL\MHE_TMD4\set-rtm-MS-kowaretourou-a01\set-rtm-MS-kowaretourou-a01.g1mx
0x55E2C65E,Plugins\FieldEditor4\LAND\RONIN_OBJECT03\MHE_TMD4\set-s01-ykp-shop-drug-object-12a-DES\set-s01-ykp-shop-drug-object-12a-DES.g1p
0x561C1041,Plugins\FieldEditor4\LAND\TWILIGHT_OBJECT\MHE_TMD4\set-s010-bg-gm-09\set-s010-bg-gm-09.g1mx
0x562764E5,Plugins\FieldEditor4\LAND\RONIN_OBJECT03\MHE_TMD4\set-s01-ykp-port-goods-01-DES\set-s01-ykp-port-goods-01-DES.g1cox
0x562F2BEB,Plugins\FieldEditor4\LAND\TWILIGHT_PLANTHICHI\MHE_TMD4\set-s050-tree-boss-small-02\set-s050-tree-boss-small-02.g1cox
0x56327A6E,Plugins\FieldEditor4\LAND\RONIN_OBJECT\MHE_TMD4\set-csl-goods-fusuma-a01-break-DES\set-csl-goods-fusuma-a01-break-DES.g1cox
0x567CA2E9,Plugins\FieldEditor4\LAND\RONIN_OBJECT\MHE_TMD4\set-csl-goods-fusuma-a01-DES\set-csl-goods-fusuma-a01-DES.g1p
0x568C5DD6,Plugins\FieldEditor4\LAND\DAYLIGHT_KOD_OBJECT\MHE_TMD4\set-MS-kod-sakimori-01-DES\set-MS-kod-sakimori-01-DES.g1mx
0x56B7E9BD,Plugins\FieldEditor4\LAND\TWILIGHT_OBJECT\MHE_TMD4\set-S060-obj-f-01b-dt\set-S060-obj-f-01b-dt.g1cox
0x56F46754,Plugins\FieldEditor4\LAND\TWILIGHT_OBJECT\MHE_TMD4\set-general-placement-07-dirt-bk\set-general-placement-07-dirt-bk.g1cox
0x56F9AF55,Plugins\FieldEditor4\LAND\RONIN_OBJECT\MHE_TMD4\set-s02-chdojo-objects-radish-02-DES\set-s02-chdojo-objects-radish-02-DES.g1cox
0x5718F19B,Plugins\FieldEditor4\LAND\RONIN_OBJECT\MHE_TMD4\set-S01-dojo-goods-cloth-02\obj-S01-dojo-goods-cloth-02.g1p
0x5752DF90,Plugins\FieldEditor4\LAND\RONIN_OBJECT03\MHE_TMD4\set-csl-goods-03-DES\set-csl-goods-03-DES.g1p
0x5768CD4D,Plugins\FieldEditor4\LAND\RONIN_OBJECT\MHE_TMD4\set-csl-goods-fusuma-a02-break-DES\set-csl-goods-fusuma-a02-break-DES.g1cox
0x57751C20,Plugins\FieldEditor4\LAND\DAYLIGHT_SEN_OBJECT\MHE_TMD4\set-sen-hidr-rock-01-DES\set-sen-hidr-rock-01-DES.g1cox
0x57A5AE56,Plugins\FieldEditor4\LAND\RONIN_OBJECT03\MHE_TMD4\set-s170-goods-cookware-03-DES\set-s170-goods-cookware-03-DES.g1p
0x57C34681,Plugins\FieldEditor4\LAND\RONIN_OBJECT\MHE_TMD4\set-s02-ykhm-objects-00-fish01\set-s02-ykhm-objects-00-fish01.g1p
0x57C68123,Plugins\FieldEditor4\LAND\DAYLIGHT_CMN_GENERAL\MHE_TMD4\set-htmt-gdt-bamboo-fence-stg-01a-DES\set-htmt-gdt-bamboo-fence-stg-01a-DES.g1p
0x57C90753,Plugins\FieldEditor4\LAND\DAYLIGHT_BAK_LIGHT\MHE_TMD4\set-bak-cmn-andon-light-01-DES\set-bak-cmn-andon-light-01-DES.g1cox
0x57FC9F0A,Plugins\FieldEditor4\LAND\RONIN_OBJECT\MHE_TMD4\set-s02-ykhm-objects-56-fabric05-DES\set-s02-ykhm-objects-56-fabric05-DES.g1mx
0x5818461B,Plugins\FieldEditor4\LAND\RONIN_OBJECT03\MHE_TMD4\set-s02-edo-knd-obj-19a-DES\set-s02-edo-knd-obj-19a-DES.g1p
0x58218D6A,Plugins\FieldEditor4\LAND\RONIN_OBJECT\MHE_TMD4\set-s01-ykp-goods-00-DES\set-s01-ykp-goods-00-DES.g1cox
0x583E8812,Plugins\FieldEditor4\LAND\RONIN_OBJECT\MHE_TMD4\set-cmn-kyt-objects-sake02a-DES\set-cmn-kyt-objects-sake02a-DES.g1mx
0x5854D237,Plugins\FieldEditor4\LAND\RONIN_OBJECT\MHE_TMD4\set-csl-goods-pail-04\set-csl-goods-pail-04.g1mx
0x585FFD36,Plugins\FieldEditor4\LAND\RONIN_OBJECT\MHE_TMD4\set-s02-ykhm-objects-07-jars04-DES\set-s02-ykhm-objects-07-jars04-DES.g1mx
0x586AA0EA,Plugins\FieldEditor4\LAND\DAYLIGHT_SEN_OBJECT\MHE_TMD4\set-MS-sen-htmt-coral-01b-DES\set-MS-sen-htmt-coral-01b-DES.g1cox
0x58821ECF,Plugins\FieldEditor4\LAND\RONIN_OBJECT03\MHE_TMD4\set-s170-goods-box-02-DES\set-s170-goods-box-02-DES.g1p
0x58D7DE85,Plugins\FieldEditor4\LAND\TWILIGHT_OBJECT\MHE_TMD4\set-general-placement-14-bk\set-general-placement-14-bk.g1cox
0x59149FC3,Plugins\FieldEditor4\LAND\DAYLIGHT_CMN_GENERAL\MHE_TMD4\set-MS-gdt-syugorei-rock-M01\set-MS-gdt-syugorei-rock-M01.g1cox
0x59880BB7,Plugins\FieldEditor4\LAND\DAYLIGHT_CMN_GENERAL\MHE_TMD4\set-GGT-hei-s0310-bamboo-M-01-DES\set-GGT-hei-s0310-bamboo-M-01-DES.g1p
0x59DB1EF9,Plugins\FieldEditor4\LAND\RONIN_OBJECT\MHE_TMD4\set-s01-ykp-shop-kajiya-object-31a-DES\set-s01-ykp-shop-kajiya-object-31a-DES.g1cox
0x59DD0D73,Plugins\FieldEditor4\LAND\RONIN_OBJECT\MHE_TMD4\set-s02-ykhm-objects-19-blinds03-DES\set-s02-ykhm-objects-19-blinds03-DES.g1cox
0x59E02DFB,Plugins\FieldEditor4\LAND\DAYLIGHT_SEN_NATURE\MHE_TMD4\set-dyl-grass-toutyukasou-03-DES\set-dyl-grass-toutyukasou-03-DES.g1mx
0x59E24890,Plugins\FieldEditor4\LAND\RONIN_OBJECT03\MHE_TMD4\set-s170-goods-vase-01-DES\set-s170-goods-vase-01-DES.g1p
0x5A2BE32E,Plugins\FieldEditor4\LAND\RONIN_OBJECT\MHE_TMD4\set-s01-ykp-objects-17-radish03-DES\set-s01-ykp-objects-17-radish03-DES.g1p
0x5A554070,Plugins\FieldEditor4\LAND\RONIN_OBJECT03\MHE_TMD4\set-s02-edo-knd-obj-three-03-DES\set-s02-edo-knd-obj-three-03-DES.g1mx
0x5A8055DA,Plugins\FieldEditor4\LAND\RONIN_OBJECT\MHE_TMD4\set-s01-ykp-tableware-01-DES\set-s01-ykp-tableware-01-DES.g1p
0x5A87D3FF,Plugins\FieldEditor4\LAND\RONIN_OBJECT03\MHE_TMD4\set-s02-kdc-objects-torture-16a-DES\set-s02-kdc-objects-torture-16a-DES.g1p
0x5AA9AD09,Plugins\FieldEditor4\LAND\RONIN_OBJECT\MHE_TMD4\set-s02-ykhm-objects-00-dish05-DES\set-s02-ykhm-objects-00-dish05-DES.g1p
0x5AAF6E3F,Plugins\FieldEditor4\LAND\RONIN_OBJECT03\MHE_TMD4\set-csl-goods-pot-04b-DES\obj-csl-goods-pot-04b-DES.g1p
0x5ADDE960,Plugins\FieldEditor4\LAND\RONIN_OBJECT03\MHE_TMD4\set-s01-ykp-brazier-00-DES\set-s01-ykp-brazier-00-DES.g1p
0x5B1BABD4,Plugins\FieldEditor4\LAND\TWILIGHT_OBJECT\MHE_TMD4\set-s060-hole-goods-22\set-s060-hole-goods-22.g1mx
0x5B289AFF,Plugins\FieldEditor4\LAND\RONIN_OBJECT03\MHE_TMD4\set-S01-dojo-goods-target-01-DES\set-S01-dojo-goods-target-01-DES.g1p
0x5B409721,Plugins\FieldEditor4\LAND\DAYLIGHT_BAK_OBJECT\MHE_TMD4\set-bak-abu-BOSS-house-pillar-01-DES\set-bak-abu-BOSS-house-pillar-01-DES.g1p
0x5BAAE3C2,Plugins\FieldEditor4\LAND\TWILIGHT_OBJECT\MHE_TMD4\set-S800-rubble-dest-01\set-S800-rubble-dest-01.g1cox
0x5BB95C10,Plugins\FieldEditor4\LAND\DAYLIGHT_SEN_OBJECT\MHE_TMD4\set-sen-cha-shelf-01-DES\set-sen-cha-shelf-01-DES.g1cox
0x5BBA4E8F,Plugins\FieldEditor4\LAND\RONIN_OBJECT\MHE_TMD4\set-S01-dojo-goods-cloth-01\obj-S01-dojo-goods-cloth-01.g1mx
0x5BCEB43F,Plugins\FieldEditor4\LAND\RONIN_OBJECT03\MHE_TMD4\set-cmn-kyt-screen-01a-DES\set-cmn-kyt-screen-01a-DES.g1p
0x5BD4EBF5,Plugins\FieldEditor4\LAND\TWILIGHT_OBJECT\MHE_TMD4\set-general-placement-01bk\set-general-placement-01bk.g1cox
0x5BDE215B,Plugins\FieldEditor4\LAND\RONIN_OBJECT03\MHE_TMD4\set-s01-ysk-objects-00-woodbox01-DES\set-s01-ysk-objects-00-woodbox01-DES.g1p
0x5BF2FBCC,Plugins\FieldEditor4\LAND\DAYLIGHT_SEN_OBJECT\MHE_TMD4\set-sen-cmn-objects-clothline-01-DES\set-sen-cmn-objects-clothline-01-DES.g1p
0x5C0C8FA2,Plugins\FieldEditor4\LAND\DAYLIGHT_SEN_OBJECT\MHE_TMD4\set-sen-you-goods-shugen-12-DES\set-sen-you-goods-shugen-12-DES.g1mx
0x5C10971C,Plugins\FieldEditor4\LAND\DAYLIGHT_SEN_HOUSE\MHE_TMD4\set-sen-cmn-hotel-window-02-DES\set-sen-cmn-hotel-window-02-DES.g1cox
0x5C11483D,Plugins\FieldEditor4\LAND\RONIN_OBJECT03\MHE_TMD4\set-csl-goods-table-04-DES\set-csl-goods-table-04-DES.g1p
0x5C77AF01,Plugins\FieldEditor4\LAND\TWILIGHT_PLANTHICHI\MHE_TMD4\set-s050-tree-boss-small-01\set-s050-tree-boss-small-01.g1mx
0x5C9861F9,Plugins\FieldEditor4\LAND\DAYLIGHT_CMN_GENERAL\MHE_TMD4\set-gdt-sen-kzk-temple-floor-01-DES\set-gdt-sen-kzk-temple-floor-01-DES.g1p
0x5CD19049,Plugins\FieldEditor4\LAND\RONIN_OBJECT\MHE_TMD4\set-cmn-kyt-obj-Village-goods-01-DES\set-cmn-kyt-obj-Village-goods-01-DES.g1mx
0x5CEC7121,Plugins\FieldEditor4\LAND\TWILIGHT_OBJECT\MHE_TMD4\set-general-placement-01\set-general-placement-01.g1mx
0x5CF54EA1,Plugins\FieldEditor4\LAND\RONIN_OBJECT03\MHE_TMD4\set-s02-ykhm-objects-30-braziers01-DES\set-s02-ykhm-objects-30-braziers01-DES.g1p
0x5D31D636,Plugins\FieldEditor4\LAND\DAYLIGHT_BAK_OBJECT\MHE_TMD4\set-bak-hnj-obj-pot-buddhist-01a-DES\set-bak-hnj-obj-pot-buddhist-01a-DES.g1p
0x5D36ACCF,Plugins\FieldEditor4\LAND\DAYLIGHT_SEN_OBJECT\MHE_TMD4\set-cmn-fusuma-04a-DES\set-cmn-fusuma-04a-DES.g1cox
0x5D48223F,Plugins\FieldEditor4\LAND\RONIN_OBJECT\MHE_TMD4\set-S01-dojo-goods-cloth-02\obj-S01-dojo-goods-cloth-02.g1cox
0x5D4E5A68,Plugins\FieldEditor4\LAND\TWILIGHT_OBJECT\MHE_TMD4\set-s080-goods-straw-break-01\set-s080-goods-straw-break-01.g1cox
0x5D510706,Plugins\FieldEditor4\LAND\RONIN_OBJECT\MHE_TMD4\set-csl-goods-table-03\obj-csl-goods-table-03.g1cox
0x5D70F69D,Plugins\FieldEditor4\LAND\RONIN_OBJECT03\MHE_TMD4\set-s170-goods-vase-05-DES\set-s170-goods-vase-05-DES.g1mx
0x5D8155C5,Plugins\FieldEditor4\LAND\RONIN_OBJECT03\MHE_TMD4\set-s02-ykhm-objects-30-braziers01-DES\set-s02-ykhm-objects-30-braziers01-DES.g1cox
0x5D8C32D5,Plugins\FieldEditor4\LAND\RONIN_OBJECT03\MHE_TMD4\set-s01-ykp-bonsai-03-DES\obj-s01-ykp-bonsai-03-DES.g1p
0x5DC27E87,Plugins\FieldEditor4\LAND\RONIN_OBJECT03\MHE_TMD4\set-s170-goods-lantern-03-inroom\set-s170-goods-lantern-03-inroom.g1cox
0x5DDED5FF,Plugins\FieldEditor4\LAND\DAYLIGHT_CMN_GENERAL\MHE_TMD4\set-gjt-hell-bosatu-01\set-gjt-hell-bosatu-01.g1p
0x5DEDC20E,Plugins\FieldEditor4\LAND\RONIN_OBJECT03\MHE_TMD4\set-csl-goods-cloth-06\obj-csl-goods-cloth-06.g1p
0x5DF322A8,Plugins\FieldEditor4\LAND\DAYLIGHT_CMN_GENERAL\MHE_TMD4\set-bak-gdt-cannon-object-OFF\set-bak-gdt-cannon-object-OFF.g1cox
0x5E19190B,Plugins\FieldEditor4\LAND\DAYLIGHT_SEN_OBJECT\MHE_TMD4\set-MS-sen-htmt-coral-03c-DES\set-MS-sen-htmt-coral-03c-DES.g1cox
0x5E22C400,Plugins\FieldEditor4\LAND\TWILIGHT_OBJECT\MHE_TMD4\set-general-placement-02\set-general-placement-02.g1mx
0x5E34D570,Plugins\FieldEditor4\LAND\TWILIGHT_OBJECT\MHE_TMD4\set-general-placement-05\set-general-placement-05.g1cox
0x5E38F362,Plugins\FieldEditor4\LAND\RONIN_LIGHT\MHE_TMD4\set-csl-goods-light-03-DES\set-csl-goods-light-03-DES.g1p
0x5E4129B8,Plugins\FieldEditor4\LAND\DAYLIGHT_CMN_GENERAL\MHE_TMD4\set-cmn-gdt-touseki-rock-01\set-cmn-gdt-touseki-rock-01.g1mx
0x5EC40673,Plugins\FieldEditor4\LAND\RONIN_OBJECT03\MHE_TMD4\set-s02-ykhm-objects-58-cabinet05-DES\set-s02-ykhm-objects-58-cabinet05-DES.g1cox
0x5EFE90B3,Plugins\FieldEditor4\LAND\DAYLIGHT_KOD_OBJECT\MHE_TMD4\set-MS-kod-sakimori-01-DES\set-MS-kod-sakimori-01-DES.g1p
0x5F2AFF0E,Plugins\FieldEditor4\LAND\RONIN_OBJECT03\MHE_TMD4\set-s01-goods-cask-02-DES\set-s01-goods-cask-02-DES.g1mx
0x5F3723EB,Plugins\FieldEditor4\LAND\TWILIGHT_OBJECT\MHE_TMD4\set-S060-obj-f-01\set-S060-obj-f-01.g1cox
0x5F5916DF,Plugins\FieldEditor4\LAND\TWILIGHT_OBJECT\MHE_TMD4\set-general-placement-03\set-general-placement-03.g1mx
0x5F6B284F,Plugins\FieldEditor4\LAND\TWILIGHT_OBJECT\MHE_TMD4\set-general-placement-15\set-general-placement-15.g1cox
0x5F91E601,Plugins\FieldEditor4\LAND\RONIN_LIGHT\MHE_TMD4\set-csl-goods-candle-01-DES\set-csl-goods-candle-01-DES.g1cox
0x5F9AB80E,Plugins\FieldEditor4\LAND\TWILIGHT_OBJECT\MHE_TMD4\set-s060-hole-goods-weapon-03\set-s060-hole-goods-weapon-03.g1p
0x5FA631DB,Plugins\FieldEditor4\LAND\RONIN_OBJECT\MHE_TMD4\set-s01-ysk-objects-00-jars04-DES\set-s01-ysk-objects-00-jars04-DES.g1cox
0x5FB02509,Plugins\FieldEditor4\LAND\RONIN_OBJECT\MHE_TMD4\set-s01-hod-inn-objects-00-basket01\set-s01-hod-inn-objects-00-basket01.g1cox
0x5FE0521F,Plugins\FieldEditor4\LAND\DAYLIGHT_KOD_LIGHT\MHE_TMD4\set-kod-ocha-andon-01-DES\set-kod-ocha-andon-01-DES.g1mx
0x6055B29A,Plugins\FieldEditor4\LAND\DAYLIGHT_CMN_HELL\MHE_TMD4\set-hell-kusabi-a01-DES\set-hell-kusabi-a01-DES.g1mx
0x6063B803,Plugins\FieldEditor4\LAND\TWILIGHT_OBJECT\MHE_TMD4\set-s050-building-pail-bk\set-s050-building-pail-bk.g1p
0x608061FD,Plugins\FieldEditor4\LAND\RONIN_OBJECT\MHE_TMD4\set-csl-goods-book-01-DES\set-csl-goods-book-01-DES.g1mx
0x60931818,Plugins\FieldEditor4\LAND\RONIN_OBJECT\MHE_TMD4\set-csl-goods-box-03-DES\set-csl-goods-box-03-DES.g1p
0x60950C7D,Plugins\FieldEditor4\LAND\RONIN_OBJECT\MHE_TMD4\set-s170-goods-vase-02-DES\set-s170-goods-vase-02-DES.g1mx
0x60BA90EC,Plugins\FieldEditor4\LAND\TWILIGHT_OBJECT\MHE_TMD4\set-general-placement-16\set-general-placement-16.g1p
0x6113C27C,Plugins\FieldEditor4\LAND\RONIN_OBJECT03\MHE_TMD4\set-cmn-ky-shop-obj-flag-03\set-cmn-ky-shop-obj-flag-03.g1mx
0x61156199,Plugins\FieldEditor4\LAND\RONIN_OBJECT\MHE_TMD4\set-s02-chdojo-objects-cloth-01a-DES\set-s02-chdojo-objects-cloth-01a-DES.g1mx
0x613B6833,Plugins\FieldEditor4\LAND\RONIN_OBJECT03\MHE_TMD4\set-s02-ykhm-objects-08-jars05-DES\set-s02-ykhm-objects-08-jars05-DES.g1mx
0x6142AB31,Plugins\FieldEditor4\LAND\TWILIGHT_OBJECT\MHE_TMD4\set-general-goods-byobu-02\set-general-goods-byobu-02.g1cox
0x615DE10D,Plugins\FieldEditor4\LAND\DAYLIGHT_SEN_OBJECT\MHE_TMD4\set-sen-cmn-goods-tea-06-DES\set-sen-cmn-goods-tea-06-DES.g1p
0x61825E1B,Plugins\FieldEditor4\LAND\RONIN_OBJECT03\MHE_TMD4\set-s01-ykp-tableware-03-DES\set-s01-ykp-tableware-03-DES.g1p
0x61BE19EE,Plugins\FieldEditor4\LAND\RONIN_OBJECT\MHE_TMD4\set-S01-dojo-goods-cloth-02\obj-S01-dojo-goods-cloth-02.g1mx
0x61C5BC9D,Plugins\FieldEditor4\LAND\TWILIGHT_OBJECT\MHE_TMD4\set-general-placement-05\set-general-placement-05.g1mx
0x61D1A6D2,Plugins\FieldEditor4\LAND\RONIN_OBJECT\MHE_TMD4\set-s01-ysk-objects-00-jars04-DES\set-s01-ysk-objects-00-jars04-DES.g1mx
0x61DAB3ED,Plugins\FieldEditor4\LAND\RONIN_OBJECT03\MHE_TMD4\set-s02-ykhm-objects-00-sign05-DES\set-s02-ykhm-objects-00-sign05-DES.g1cox
0x61DC0D27,Plugins\FieldEditor4\LAND\RONIN_OBJECT\MHE_TMD4\set-csl-goods-pot-02-DES\set-csl-goods-pot-02-DES.g1cox
0x61E7F4DA,Plugins\FieldEditor4\LAND\DAYLIGHT_CMN_GENERAL\MHE_TMD4\set-MS-gdt-syugorei-wall-M01\set-MS-gdt-syugorei-wall-M01.g1p
0x621327D2,Plugins\FieldEditor4\LAND\RONIN_OBJECT03\MHE_TMD4\set-s170-goods-cookware-02-DES\set-s170-goods-cookware-02-DES.g1mx
0x6213528E,Plugins\FieldEditor4\LAND\DAYLIGHT_BAK_OBJECT\MHE_TMD4\set-bak-yukaku-goods-screen-04-DES\set-bak-yukaku-goods-screen-04-DES.g1mx
0x623B6FBF,Plugins\FieldEditor4\LAND\RONIN_OBJECT03\MHE_TMD4\set-s01-china-goods-vial-01f-DES\set-s01-china-goods-vial-01f-DES.g1p
0x62AFE5DB,Plugins\FieldEditor4\LAND\RONIN_OBJECT\MHE_TMD4\set-cmn-jp-obj-table-01a-DES\set-cmn-jp-obj-table-01a-DES.g1cox
0x62CB49C5,Plugins\FieldEditor4\LAND\RONIN_OBJECT03\MHE_TMD4\set-s01-mit-shoji-01-DES\set-s01-mit-shoji-01-DES.g1p
0x62D8B050,Plugins\FieldEditor4\LAND\TWILIGHT_OBJECT\MHE_TMD4\set-s060-hole-goods-weapon-01\set-s060-hole-goods-weapon-01.g1p
0x62F768E0,Plugins\FieldEditor4\LAND\RONIN_OBJECT\MHE_TMD4\set-csl-goods-pot-05-DES\set-csl-goods-pot-05-DES.g1p
0x62F8A28F,Plugins\FieldEditor4\LAND\RONIN_OBJECT03\MHE_TMD4\set-s02-ykhm-objects-watertank-43a\set-s02-ykhm-objects-watertank-43a.g1mx
0x62FC0F7C,Plugins\FieldEditor4\LAND\TWILIGHT_OBJECT\MHE_TMD4\set-general-placement-06\set-general-placement-06.g1mx
0x63343141,Plugins\FieldEditor4\LAND\RONIN_OBJECT\MHE_TMD4\set-s170-goods-pail-04-DES\set-s170-goods-pail-04-DES.g1p
0x63418A4D,Plugins\FieldEditor4\LAND\RONIN_OBJECT03\MHE_TMD4\set-s01-ysk-objects-00-cabinets03-DES\set-s01-ysk-objects-00-cabinets03-DES.g1mx
0x636C47BE,Plugins\FieldEditor4\LAND\RONIN_OBJECT03\MHE_TMD4\set-s02-ykhm-objects-14-box01-DES\set-s02-ykhm-objects-14-box01-DES.g1p
0x6386F0E3,Plugins\FieldEditor4\LAND\RONIN_OBJECT03\MHE_TMD4\set-s01-umbrella-a-01\set-s01-umbrella-a-01.g1p
0x63E0B803,Plugins\FieldEditor4\LAND\DAYLIGHT_SEN_OBJECT\MHE_TMD4\set-sen-cmn-objects-watervat-01-DES\set-sen-cmn-objects-watervat-01-DES.g1mx
0x63F10C7E,Plugins\FieldEditor4\LAND\DAYLIGHT_BAK_LIGHT\MHE_TMD4\set-bak-hnj-BOSS-light-andon-01a-DES\set-bak-hnj-BOSS-light-andon-01a-DES.g1mx
0x640AF163,Plugins\FieldEditor4\LAND\RONIN_OBJECT03\MHE_TMD4\set-s01-sks-weapon-01a\set-s01-sks-weapon-01a.g1mx
0x642294C1,Plugins\FieldEditor4\LAND\RONIN_OBJECT\MHE_TMD4\set-csl-goods-vase-06-DES\set-csl-goods-vase-06-DES.g1cox
0x6423D8B8,Plugins\FieldEditor4\LAND\RONIN_OBJECT\MHE_TMD4\set-s01-ysk-objects-00-jars05-DES\set-s01-ysk-objects-00-jars05-DES.g1p
0x6432625B,Plugins\FieldEditor4\LAND\TWILIGHT_OBJECT\MHE_TMD4\set-general-placement-07\set-general-placement-07.g1mx
0x64410D57,Plugins\FieldEditor4\LAND\TWILIGHT_OBJECT\MHE_TMD4\set-s010-bg-gm-12-dest\set-s010-bg-gm-12-dest.g1mx
0x64645654,Plugins\FieldEditor4\LAND\RONIN_OBJECT\MHE_TMD4\set-s02-edo-skr-obj-05a-DES\set-s02-edo-skr-obj-05a-DES.g1p
0x647489A3,Plugins\FieldEditor4\LAND\RONIN_OBJECT03\MHE_TMD4\set-s01-ry-goods-screen-01-DES\set-s01-ry-goods-screen-01-DES.g1p
0x647A6DD9,Plugins\FieldEditor4\LAND\DAYLIGHT_SEN_OBJECT\MHE_TMD4\set-sen-cmn-tea-house-signboard-DES\set-sen-cmn-tea-house-signboard-DES.g1mx
0x6485B25D,Plugins\FieldEditor4\LAND\TWILIGHT_OBJECT\MHE_TMD4\set-general-placement-10-bk\set-general-placement-10-bk.g1p
0x6497117A,Plugins\FieldEditor4\LAND\TWILIGHT_OBJECT\MHE_TMD4\set-s010-hill-stone-05\set-s010-hill-stone-05.g1mx
0x649E99D9,Plugins\FieldEditor4\LAND\DAYLIGHT_BAK_OBJECT\MHE_TMD4\set-bak-yukaku-fence-01-DES\set-bak-yukaku-fence-01-DES.g1p
0x64B4008D,Plugins\FieldEditor4\LAND\RONIN_OBJECT03\MHE_TMD4\set-s02-ykhm-objects-00-stall-02-DES\set-s02-ykhm-objects-00-stall-02-DES.g1cox
0x64C4EA35,Plugins\FieldEditor4\LAND\DAYLIGHT_SEN_OBJECT\MHE_TMD4\set-sen-cha-basket-03-DES\set-sen-cha-basket-03-DES.g1mx
0x64CE265B,Plugins\FieldEditor4\LAND\DAYLIGHT_CMN_PLANTINS\MHE_TMD4\set-dyl-tree-boss-small-01-DES-i\set-dyl-tree-boss-small-01-DES-i.g1mx
0x64E05BE3,Plugins\FieldEditor4\LAND\DRAFT_MODEL_CONTAINER\MHE_TMD4\set-general-bonfire-t00a\set-general-bonfire-t00a.g1p
0x652556B8,Plugins\FieldEditor4\LAND\RONIN_OBJECT03\MHE_TMD4\set-s01-ykp-tableware-06-DES\set-s01-ykp-tableware-06-DES.g1p
0x652697BD,Plugins\FieldEditor4\LAND\RONIN_OBJECT03\MHE_TMD4\set-krf-cannon-box-01-DES\set-krf-cannon-box-01-DES.g1p
0x6551A52C,Plugins\FieldEditor4\LAND\DAYLIGHT_SEN_OBJECT\MHE_TMD4\set-sen-cmn-goods-tea-01-DES\set-sen-cmn-goods-tea-01-DES.g1cox
0x6568B53A,Plugins\FieldEditor4\LAND\TWILIGHT_OBJECT\MHE_TMD4\set-general-placement-08\set-general-placement-08.g1mx
0x65997CC1,Plugins\FieldEditor4\LAND\RONIN_OBJECT03\MHE_TMD4\set-s01-umbrella-a-06\set-s01-umbrella-a-06.g1mx
0x65CD6459,Plugins\FieldEditor4\LAND\TWILIGHT_OBJECT\MHE_TMD4\set-s010-hill-stone-06\set-s010-hill-stone-06.g1mx
0x65E631D3,Plugins\FieldEditor4\LAND\RONIN_OBJECT\MHE_TMD4\set-s02-ykhm-objects-45-pannier01-DES\set-s02-ykhm-objects-45-pannier01-DES.g1p
0x66019B88,Plugins\FieldEditor4\LAND\DAYLIGHT_BAK_LIGHT\MHE_TMD4\set-bak-hnj-BOSS-light-torou-01a-DES\set-bak-hnj-BOSS-light-torou-01a-DES.g1cox
0x663833C4,Plugins\FieldEditor4\LAND\RONIN_OBJECT03\MHE_TMD4\set-s02-edj-paper-02-DES\obj-s02-edj-paper-02-DES.g1cox
0x66A00F4A,Plugins\FieldEditor4\LAND\RONIN_OBJECT03\MHE_TMD4\set-EX-kitchen-crock03-DES\set-EX-kitchen-crock03-DES.g1mx
0x66C9422C,Plugins\FieldEditor4\LAND\DAYLIGHT_BAK_OBJECT\MHE_TMD4\set-bak-cho-inn-door-01a-DES\set-bak-cho-inn-door-01a-DES.g1p
0x66DC6237,Plugins\FieldEditor4\LAND\RONIN_OBJECT\MHE_TMD4\set-s02-ykhm-objects-00-pail01-DES\set-s02-ykhm-objects-00-pail01-DES.g1cox
0x66DCBDE7,Plugins\FieldEditor4\LAND\RONIN_OBJECT03\MHE_TMD4\set-s02-edo-knd-obj-22a-DES\set-s02-edo-knd-obj-22a-DES.g1cox
0x6703B738,Plugins\FieldEditor4\LAND\TWILIGHT_OBJECT\MHE_TMD4\set-s010-hill-stone-07\set-s010-hill-stone-07.g1mx
0x670E7A82,Plugins\FieldEditor4\LAND\RONIN_OBJECT\MHE_TMD4\set-s02-edj-nakaoku-millet-00-DES\set-s02-edj-nakaoku-millet-00-DES.g1mx
0x6728CC81,Plugins\FieldEditor4\LAND\RONIN_OBJECT03\MHE_TMD4\set-s01-ykp-shop-kajiya-object-07a-DES\set-s01-ykp-shop-kajiya-object-07a-DES.g1p
0x67304B27,Plugins\FieldEditor4\LAND\RONIN_OBJECT03\MHE_TMD4\set-csl-goods-tool-08-DES\set-csl-goods-tool-08-DES.g1p
0x674F5B2C,Plugins\FieldEditor4\LAND\RONIN_LIGHT\MHE_TMD4\set-csl-goods-light-03a-DES\set-csl-goods-light-03a-DES.g1mx
0x677F1AAC,Plugins\FieldEditor4\LAND\RONIN_OBJECT\MHE_TMD4\set-s01-ykp-shop-drug-object-24a-break-DES\set-s01-ykp-shop-drug-object-24a-break-DES.g1mx
0x6794D0DB,Plugins\FieldEditor4\LAND\RONIN_OBJECT03\MHE_TMD4\set-s170-goods-cookware-02-DES\set-s170-goods-cookware-02-DES.g1cox
0x6799FD9F,Plugins\FieldEditor4\LAND\DAYLIGHT_BAK_OBJECT\MHE_TMD4\set-bak-yukaku-goods-screen-04-DES\set-bak-yukaku-goods-screen-04-DES.g1cox
0x67B2BBE9,Plugins\FieldEditor4\LAND\RONIN_OBJECT\MHE_TMD4\set-cmn-mib-objects-pillow-01-DES\set-cmn-mib-objects-pillow-01-DES.g1mx
0x6817645F,Plugins\FieldEditor4\LAND\RONIN_OBJECT\MHE_TMD4\set-cmn-g-s02-edo-knd-obj-01a-DES\set-cmn-g-s02-edo-knd-obj-01a-DES.g1mx
0x682AE8E1,Plugins\FieldEditor4\LAND\DAYLIGHT_SEN_OBJECT\MHE_TMD4\set-sen-hidr-rock-02-DES\set-sen-hidr-rock-02-DES.g1cox
0x6836F662,Plugins\FieldEditor4\LAND\RONIN_OBJECT\MHE_TMD4\set-s01-ykw-fishing-objects-01-driedfish-01-DES\set-s01-ykw-fishing-objects-01-driedfish-01-DES.g1mx
0x683B2C5E,Plugins\FieldEditor4\LAND\DAYLIGHT_CMN_GENERAL\MHE_TMD4\set-GGT-s0310-bamboo-M-01-DES\set-GGT-s0310-bamboo-M-01-DES.g1mx
0x685038F6,Plugins\FieldEditor4\LAND\RONIN_OBJECT\MHE_TMD4\set-cmn-tokugawa-flag-03b\set-cmn-tokugawa-flag-03b.g1p
0x686FB77B,Plugins\FieldEditor4\LAND\RONIN_OBJECT\MHE_TMD4\set-s01-ykp-shop-kajiya-object-26a-DES\set-s01-ykp-shop-kajiya-object-26a-DES.g1p
0x687E131B,Plugins\FieldEditor4\LAND\RONIN_OBJECT03\MHE_TMD4\set-s01-ykp-shop-kajiya-object-34a-DES\set-s01-ykp-shop-kajiya-object-34a-DES.g1p
0x68B2C024,Plugins\FieldEditor4\LAND\RONIN_OBJECT\MHE_TMD4\set-csl-goods-pail-05-DES\set-csl-goods-pail-05-DES.g1mx
0x68C1EA99,Plugins\FieldEditor4\LAND\RONIN_OBJECT03\MHE_TMD4\set-csl-goods-03-DES\set-csl-goods-03-DES.g1mx
0x68ED25C1,Plugins\FieldEditor4\LAND\DAYLIGHT_SEN_OBJECT\MHE_TMD4\set-MS-sen-htmt-coral-02a-DES\set-MS-sen-htmt-coral-02a-DES.g1mx
0x6905C1CC,Plugins\FieldEditor4\LAND\RONIN_OBJECT\MHE_TMD4\set-s01-ykp-port-goods-01-break-DES\set-s01-ykp-port-goods-01-break-DES.g1mx
0x691893A2,Plugins\FieldEditor4\LAND\RONIN_CMN_PLANTHICHI\MHE_TMD4\set-nature-field-vege-04a\obj-nature-field-vege-04a.g1p
0x69438510,Plugins\FieldEditor4\LAND\DAYLIGHT_BAK_HELL\MHE_TMD4\set-bak-cmn-hell-needle-01a-DES\set-bak-cmn-hell-needle-01a-DES.g1mx
0x69688FD2,Plugins\FieldEditor4\LAND\DAYLIGHT_SEN_NATURE\MHE_TMD4\set-dyl-grass-toutyukasou-03-DES\set-dyl-grass-toutyukasou-03-DES.g1cox
0x696A3889,Plugins\FieldEditor4\LAND\RONIN_OBJECT\MHE_TMD4\set-cmn-fish-02a-DES\obj-cmn-fish-02a-DES.g1mx
0x697521DB,Plugins\FieldEditor4\LAND\TWILIGHT_OBJECT\MHE_TMD4\set-s060-hole-goods-weapon-03\set-s060-hole-goods-weapon-03.g1mx
0x69B910F1,Plugins\FieldEditor4\LAND\RONIN_OBJECT03\MHE_TMD4\set-s01-ysk-objects-00-cabinets10-DES\set-s01-ysk-objects-00-cabinets10-DES.g1mx
0x6A1C8EDC,Plugins\FieldEditor4\LAND\RONIN_OBJECT03\MHE_TMD4\set-s01-goods-desk-02-DES\set-s01-goods-desk-02-DES.g1cox
0x6A4090B7,Plugins\FieldEditor4\LAND\TWILIGHT_OBJECT\MHE_TMD4\set-s050-box-04\set-s050-box-04.g1cox
0x6A65DBAB,Plugins\FieldEditor4\LAND\DAYLIGHT_EDO_OBJECT\MHE_TMD4\set-edo-edojo-gate-bk-door-01-DES\set-edo-edojo-gate-bk-door-01-DES.g1cox
0x6ADA3434,Plugins\FieldEditor4\LAND\RONIN_OBJECT\MHE_TMD4\set-s02-ykhm-objects-10-clothesline-01\set-s02-ykhm-objects-10-clothesline-01.g1p
0x6AE40E2B,Plugins\FieldEditor4\LAND\DAYLIGHT_SEN_OBJECT\MHE_TMD4\set-sen-hidr-rock-03-DES\set-sen-hidr-rock-03-DES.g1mx
0x6AFBBC19,Plugins\FieldEditor4\LAND\RONIN_OBJECT\MHE_TMD4\set-s01-ykp-shop-kajiya-object-13a-DES\set-s01-ykp-shop-kajiya-object-13a-DES.g1p
0x6B15E6E6,Plugins\FieldEditor4\LAND\RONIN_OBJECT\MHE_TMD4\set-csl-goods-screen-01b-DES\set-csl-goods-screen-01b-DES.g1mx
0x6B1F272F,Plugins\FieldEditor4\LAND\TWILIGHT_OBJECT\MHE_TMD4\set-s010-bg-gm-06\set-s010-bg-gm-06.g1cox
0x6B503B24,Plugins\FieldEditor4\LAND\RONIN_OBJECT\MHE_TMD4\set-s01-ykp-goods-01-DES\set-s01-ykp-goods-01-DES.g1mx
0x6BB88885,Plugins\FieldEditor4\LAND\TWILIGHT_OBJECT\MHE_TMD4\set-general-placement-07-bk\set-general-placement-07-bk.g1p
0x6BBB304A,Plugins\FieldEditor4\LAND\TWILIGHT_LIGHT\MHE_TMD4\set-S300-andon-t00a\set-S300-andon-t00a.g1cox
0x6BEEBF55,Plugins\FieldEditor4\LAND\RONIN_OBJECT\MHE_TMD4\set-s02-rpj-chair-01\set-s02-rpj-chair-01.g1p
0x6C16AD9A,Plugins\FieldEditor4\LAND\RONIN_OBJECT\MHE_TMD4\set-s01-ysk-objects-00-jars03-DES\set-s01-ysk-objects-00-jars03-DES.g1cox
0x6C76EB66,Plugins\FieldEditor4\LAND\RONIN_LIGHT\MHE_TMD4\set-csl-goods-light-04-DES\set-csl-goods-light-04-DES.g1mx
0x6C9314D0,Plugins\FieldEditor4\LAND\RONIN_OBJECT03\MHE_TMD4\set-s03-omy-fusuma-01b-DES\set-s03-omy-fusuma-01b-DES.g1cox
0x6CC2C3DF,Plugins\FieldEditor4\LAND\RONIN_OBJECT\MHE_TMD4\set-s01-hod-inn-objects-00-bucket02\set-s01-hod-inn-objects-00-bucket02.g1mx
0x6CC94361,Plugins\FieldEditor4\LAND\RONIN_OBJECT03\MHE_TMD4\set-s01-ykp-bonsai-00-DES\set-s01-ykp-bonsai-00-DES.g1cox
0x6CDDD452,Plugins\FieldEditor4\LAND\TWILIGHT_OBJECT\MHE_TMD4\set-gl-brkobj-box-01a\set-gl-brkobj-box-01a.g1p
0x6D548E9D,Plugins\FieldEditor4\LAND\RONIN_OBJECT\MHE_TMD4\set-csl-goods-table-01-DES\set-csl-goods-table-01-DES.g1p
0x6D549883,Plugins\FieldEditor4\LAND\RONIN_OBJECT03\MHE_TMD4\set-csl-goods-vase-05-DES\set-csl-goods-vase-05-DES.g1cox
0x6D5DCEA1,Plugins\FieldEditor4\LAND\RONIN_OBJECT03\MHE_TMD4\set-s01-ykp-shop-drug-object-22a-DES\set-s01-ykp-shop-drug-object-22a-DES.g1cox
0x6D714FA7,Plugins\FieldEditor4\LAND\RONIN_OBJECT03\MHE_TMD4\set-s170-goods-weapon-09-DES\set-s170-goods-weapon-09-DES.g1p
0x6D906BB7,Plugins\FieldEditor4\LAND\RONIN_OBJECT03\MHE_TMD4\set-s010-furnace-goods00-DES\set-s010-furnace-goods00-DES.g1p
0x6D989C3A,Plugins\FieldEditor4\LAND\RONIN_OBJECT03\MHE_TMD4\set-s170-goods-cookware-03-DES\set-s170-goods-cookware-03-DES.g1cox
0x6DA530AB,Plugins\FieldEditor4\LAND\DAYLIGHT_CMN_GENERAL\MHE_TMD4\set-bak-gdt-hell-blade-tpo\set-bak-gdt-hell-blade-tpo.g1p
0x6DCE5CCC,Plugins\FieldEditor4\LAND\DAYLIGHT_SEN_OBJECT\MHE_TMD4\set-sen-cmn-goods-tea-05-DES\set-sen-cmn-goods-tea-05-DES.g1p
0x6DEAAF9C,Plugins\FieldEditor4\LAND\RONIN_OBJECT03\MHE_TMD4\set-cmn-mib-objects-03-DES\set-cmn-mib-objects-03-DES.g1p
0x6DEAE336,Plugins\FieldEditor4\LAND\DAYLIGHT_BAK_OBJECT\MHE_TMD4\set-bak-hnj-BOSS-pillar-02-DES\set-bak-hnj-BOSS-pillar-02-DES.g1cox
0x6DEDBE04,Plugins\FieldEditor4\LAND\RONIN_OBJECT03\MHE_TMD4\set-EX-office-book01-DES\set-EX-office-book01-DES.g1cox
0x6DFBFF17,Plugins\FieldEditor4\LAND\RONIN_OBJECT\MHE_TMD4\set-s01-sksh-objects-00-rice01-DES\set-s01-sksh-objects-00-rice01-DES.g1p
0x6E339D92,Plugins\FieldEditor4\LAND\DRAFT_MODEL_CONTAINER\MHE_TMD4\set-s050-box-01\set-s050-box-01.g1mx
0x6EC727F5,Plugins\FieldEditor4\LAND\RONIN_OBJECT03\MHE_TMD4\set-s01-ykp-shop-photo-obj-24a-DES\set-s01-ykp-shop-photo-obj-24a-DES.g1p
0x6EE971F9,Plugins\FieldEditor4\LAND\RONIN_OBJECT\MHE_TMD4\set-csl-goods-box-02-DES\set-csl-goods-box-02-DES.g1p
0x6F0188E0,Plugins\FieldEditor4\LAND\DAYLIGHT_SEN_HOUSE\MHE_TMD4\set-sen-cmn-hotel-door-04-DES\set-sen-cmn-hotel-door-04-DES.g1cox
0x6F18DC81,Plugins\FieldEditor4\LAND\RONIN_OBJECT\MHE_TMD4\set-s01-ykp-shop-goods-05a-DES\set-s01-ykp-shop-goods-05a-DES.g1mx
0x6F2D1B69,Plugins\FieldEditor4\LAND\RONIN_OBJECT03\MHE_TMD4\set-s01-ykp-shop-kajiya-object-28a-DES\set-s01-ykp-shop-kajiya-object-28a-DES.g1mx
0x6F6F8B97,Plugins\FieldEditor4\LAND\RONIN_LIGHT\MHE_TMD4\set-s170-goods-light-05\set-s170-goods-light-05.g1cox
0x6F6F9DF2,Plugins\FieldEditor4\LAND\RONIN_OBJECT\MHE_TMD4\set-s02-ykhm-objects-10-clothesline-03\set-s02-ykhm-objects-10-clothesline-03.g1p
0x6FA1F2D9,Plugins\FieldEditor4\LAND\RONIN_OBJECT03\MHE_TMD4\set-s02-edo-knd-obj-three-03-DES\set-s02-edo-knd-obj-three-03-DES.g1p
0x6FB48429,Plugins\FieldEditor4\LAND\RONIN_LIGHT\MHE_TMD4\set-cmn-g-fire-01a\set-cmn-g-fire-01a.g1mx
0x6FB6AB3A,Plugins\FieldEditor4\LAND\RONIN_OBJECT03\MHE_TMD4\set-s02-ykhm-close-objects-04a-DES\set-s02-ykhm-close-objects-04a-DES.g1cox
0x6FBEB6CC,Plugins\FieldEditor4\LAND\DAYLIGHT_SEN_OBJECT\MHE_TMD4\set-sen-cmn-kajiya-object-02a-DES\set-sen-cmn-kajiya-object-02a-DES.g1cox
0x6FC37756,Plugins\FieldEditor4\LAND\RONIN_OBJECT\MHE_TMD4\set-cmn-obj-kakashi-01a\set-cmn-obj-kakashi-01a.g1mx
0x6FE77326,Plugins\FieldEditor4\LAND\RONIN_OBJECT\MHE_TMD4\set-s02-ykhm-objects-02-basket02-DES\set-s02-ykhm-objects-02-basket02-DES.g1cox
0x6FF3678E,Plugins\FieldEditor4\LAND\TWILIGHT_OBJECT\MHE_TMD4\set-general-placement-07\set-general-placement-07.g1p
0x70030B5E,Plugins\FieldEditor4\LAND\RONIN_OBJECT03\MHE_TMD4\set-DE-hatago-andon-t02a\set-DE-hatago-andon-t02a.g1mx
0x705E8D92,Plugins\FieldEditor4\LAND\TWILIGHT_OBJECT\MHE_TMD4\set-S070-bf-wreck-03\set-S070-bf-wreck-03.g1mx
0x70949293,Plugins\FieldEditor4\LAND\RONIN_OBJECT\MHE_TMD4\set-s01-ykp-tableware-05-DES\set-s01-ykp-tableware-05-DES.g1mx
0x70982188,Plugins\FieldEditor4\LAND\RONIN_OBJECT\MHE_TMD4\set-csl-goods-fusuma-a02-DES\set-csl-goods-fusuma-a02-DES.g1p
0x70DB6D48,Plugins\FieldEditor4\LAND\DAYLIGHT_SEN_OBJECT\MHE_TMD4\set-sen-you-goods-shugen-11-DES\set-sen-you-goods-shugen-11-DES.g1p
0x70F5F30E,Plugins\FieldEditor4\LAND\RONIN_OBJECT\MHE_TMD4\set-csl-goods-bonsai-01-DES\set-csl-goods-bonsai-01-DES.g1mx
0x70FDFC87,Plugins\FieldEditor4\LAND\RONIN_OBJECT03\MHE_TMD4\set-YABUSAME-target-01a\set-YABUSAME-target-01a.g1cox
0x710A8320,Plugins\FieldEditor4\LAND\RONIN_OBJECT03\MHE_TMD4\set-s01-ykp-shop-kajiya-object-24a-DES\set-s01-ykp-shop-kajiya-object-24a-DES.g1cox
0x710B193C,Plugins\FieldEditor4\LAND\TWILIGHT_OBJECT\MHE_TMD4\set-S070-danjyo-csl-fnt-tub-01-dist\set-S070-danjyo-csl-fnt-tub-01-dist.g1mx
0x7125778D,Plugins\FieldEditor4\LAND\RONIN_OBJECT02\MHE_TMD4\set-csl-goods-shoji-01-break02-DES\set-csl-goods-shoji-01-break02-DES.g1cox
0x7141A749,Plugins\FieldEditor4\LAND\RONIN_OBJECT03\MHE_TMD4\set-s03-ikedaya-obj-cabinets-01-DES\set-s03-ikedaya-obj-cabinets-01-DES.g1mx
0x714DC2C1,Plugins\FieldEditor4\LAND\RONIN_OBJECT\MHE_TMD4\set-csl-goods-pot-04-DES\set-csl-goods-pot-04-DES.g1p
0x71B87858,Plugins\FieldEditor4\LAND\DAYLIGHT_BAK_NATURE\MHE_TMD4\set-bak-beehive-01-DES\set-bak-beehive-01-DES.g1p
0x71F249DE,Plugins\FieldEditor4\LAND\RONIN_OBJECT03\MHE_TMD4\set-s02-ykhm-objects-00-dish06-DES\set-s02-ykhm-objects-00-dish06-DES.g1mx
0x7224C639,Plugins\FieldEditor4\LAND\RONIN_OBJECT03\MHE_TMD4\set-s050-box-05\set-s050-box-05.g1cox
0x72364178,Plugins\FieldEditor4\LAND\TWILIGHT_OBJECT\MHE_TMD4\set-general-placement-01bk\set-general-placement-01bk.g1mx
0x725232C2,Plugins\FieldEditor4\LAND\TWILIGHT_OBJECT\MHE_TMD4\set-S060-obj-f-01\set-S060-obj-f-01.g1mx
0x7259F2C9,Plugins\FieldEditor4\LAND\RONIN_OBJECT03\MHE_TMD4\set-s01-ykp-red-Lantern-01-DES\set-s01-ykp-red-Lantern-01-DES.g1p
0x72BF838E,Plugins\FieldEditor4\LAND\RONIN_OBJECT03\MHE_TMD4\set-s01-sakr-goods-dish06-DES\set-s01-sakr-goods-dish06-DES.g1p
0x72C8F493,Plugins\FieldEditor4\LAND\RONIN_OBJECT03\MHE_TMD4\set-s170-goods-cookware-03-DES\set-s170-goods-cookware-03-DES.g1mx
0x72D82596,Plugins\FieldEditor4\LAND\RONIN_LIGHT\MHE_TMD4\set-s170-goods-light-05\set-s170-goods-light-05.g1mx
0x72DFEB1B,Plugins\FieldEditor4\LAND\RONIN_OBJECT03\MHE_TMD4\set-s02-edo-knd-obj-three-01-DES\set-s02-edo-knd-obj-three-01-DES.g1p
0x72F781D1,Plugins\FieldEditor4\LAND\RONIN_OBJECT03\MHE_TMD4\set-s170-goods-box-04-DES\set-s170-goods-box-04-DES.g1p
0x73086EBF,Plugins\FieldEditor4\LAND\RONIN_OBJECT03\MHE_TMD4\set-s01-ykp-tableware-03-DES\set-s01-ykp-tableware-03-DES.g1cox
0x7308C2C8,Plugins\FieldEditor4\LAND\TWILIGHT_OBJECT\MHE_TMD4\set-S130-hot-springs-tub-02\set-S130-hot-springs-tub-02.g1mx
0x733AC429,Plugins\FieldEditor4\LAND\RONIN_OBJECT\MHE_TMD4\set-cmn-g-throw-bucket-DES\set-cmn-g-throw-bucket-DES.g1cox
0x735F149B,Plugins\FieldEditor4\LAND\RONIN_OBJECT03\MHE_TMD4\set-s170-goods-box-01-DES\set-s170-goods-box-01-DES.g1mx
0x73ADCBD2,Plugins\FieldEditor4\LAND\RONIN_LIGHT\MHE_TMD4\set-s01-europe-light-02\set-s01-europe-light-02.g1mx
0x73E0F8BD,Plugins\FieldEditor4\LAND\DAYLIGHT_SEN_OBJECT\MHE_TMD4\set-sen-hidr-rock-02-DES\set-sen-hidr-rock-02-DES.g1p
0x7404F01F,Plugins\FieldEditor4\LAND\RONIN_OBJECT\MHE_TMD4\set-s01-ykp-shop-kajiya-object-26a-DES\set-s01-ykp-shop-kajiya-object-26a-DES.g1cox
0x746876DB,Plugins\FieldEditor4\LAND\DAYLIGHT_BAK_OBJECT\MHE_TMD4\set-bak-hnj-obj-pot-buddhist-01b-DES\set-bak-hnj-obj-pot-buddhist-01b-DES.g1cox
0x7469E178,Plugins\FieldEditor4\LAND\RONIN_OBJECT03\MHE_TMD4\set-s01-goods-desk-02-DES\set-s01-goods-desk-02-DES.g1p
0x746A6588,Plugins\FieldEditor4\LAND\RONIN_OBJECT03\MHE_TMD4\set-s02-ykhm-objects-36-table01-DES\set-s02-ykhm-objects-36-table01-DES.g1mx
0x748D3230,Plugins\FieldEditor4\LAND\TWILIGHT_OBJECT\MHE_TMD4\set-s340-arms-hill-01\set-s340-arms-hill-01.g1mx
0x749BD479,Plugins\FieldEditor4\LAND\RONIN_OBJECT\MHE_TMD4\set-s01-ykp-tableware-02-DES\set-s01-ykp-tableware-02-DES.g1p
0x74C8896A,Plugins\FieldEditor4\LAND\RONIN_OBJECT\MHE_TMD4\set-s01-ykp-shop-kajiya-object-19a-DES\set-s01-ykp-shop-kajiya-object-19a-DES.g1mx
0x74EBF42D,Plugins\FieldEditor4\LAND\RONIN_OBJECT\MHE_TMD4\set-s170-goods-weapon-11-DES\set-s170-goods-weapon-11-DES.g1p
0x75488870,Plugins\FieldEditor4\LAND\RONIN_OBJECT\MHE_TMD4\set-s01-sksh-objects-00-rice-break-DES\set-s01-sksh-objects-00-rice-break-DES.g1mx
0x755294A5,Plugins\FieldEditor4\LAND\TWILIGHT_OBJECT\MHE_TMD4\set-S130-hot-springs-tub-02\set-S130-hot-springs-tub-02.g1cox
0x75657123,Plugins\FieldEditor4\LAND\RONIN_OBJECT\MHE_TMD4\set-csl-goods-pail-03-DES\set-csl-goods-pail-03-DES.g1p
0x757045CC,Plugins\FieldEditor4\LAND\DAYLIGHT_SEN_OBJECT\MHE_TMD4\set-cmn-fusuma-03a-DES\set-cmn-fusuma-03a-DES.g1p
0x757797DB,Plugins\FieldEditor4\LAND\TWILIGHT_OBJECT\MHE_TMD4\set-s030-tana-00\set-s030-tana-00.g1mx
0x7579A060,Plugins\FieldEditor4\LAND\RONIN_OBJECT03\MHE_TMD4\set-s02-edj-paper-02-DES\obj-s02-edj-paper-02-DES.g1p
0x7589D035,Plugins\FieldEditor4\LAND\RONIN_OBJECT\MHE_TMD4\set-s02-ykhm-objects-33-cups02-DES\set-s02-ykhm-objects-33-cups02-DES.g1cox
0x75A99EF5,Plugins\FieldEditor4\LAND\RONIN_OBJECT03\MHE_TMD4\set-s02-ykhm-objects-59-cabinet06-DES\set-s02-ykhm-objects-59-cabinet06-DES.g1cox
0x75C40FE8,Plugins\FieldEditor4\LAND\DAYLIGHT_BAK_OBJECT\MHE_TMD4\set-bak-abu-goods-01-DES\set-bak-abu-goods-01-DES.g1p
0x75D4973E,Plugins\FieldEditor4\LAND\RONIN_OBJECT03\MHE_TMD4\set-s01-ykp-vase-00-DES\set-s01-ykp-vase-00-DES.g1cox
0x75E2B95D,Plugins\FieldEditor4\LAND\RONIN_OBJECT\MHE_TMD4\set-s01-ykp-shop-kajiya-object-02a-DES\set-s01-ykp-shop-kajiya-object-02a-DES.g1cox
0x7614B521,Plugins\FieldEditor4\LAND\RONIN_OBJECT\MHE_TMD4\set-s01-ysk-objects-00-table01-DES\set-s01-ysk-objects-00-table01-DES.g1mx
0x761C2CE3,Plugins\FieldEditor4\LAND\RONIN_OBJECT\MHE_TMD4\set-s01-ykp-port-goods-02-DES\set-s01-ykp-port-goods-02-DES.g1cox
0x762CC6DC,Plugins\FieldEditor4\LAND\RONIN_OBJECT03\MHE_TMD4\set-csl-goods-table-05-DES\set-csl-goods-table-05-DES.g1p
0x765E61C8,Plugins\FieldEditor4\LAND\RONIN_OBJECT\MHE_TMD4\set-s02-ykhm-objects-00-fish01\set-s02-ykhm-objects-00-fish01.g1mx
0x7683B185,Plugins\FieldEditor4\LAND\RONIN_OBJECT03\MHE_TMD4\set-s02-edo-knd-obj-20a-DES\set-s02-edo-knd-obj-20a-DES.g1p
0x76A6E574,Plugins\FieldEditor4\LAND\TWILIGHT_OBJECT\MHE_TMD4\set-General-water-tub00\set-General-water-tub00.g1p
0x76AD5DE8,Plugins\FieldEditor4\LAND\DRAFT_MODEL_CONTAINER\MHE_TMD4\set-csl-goods-pot-01-DES\set-csl-goods-pot-01-DES.g1mx
0x76B02788,Plugins\FieldEditor4\LAND\DAYLIGHT_SEN_OBJECT\MHE_TMD4\set-MS-sen-htmt-coral-03b-DES\set-MS-sen-htmt-coral-03b-DES.g1p
0x76C27B66,Plugins\FieldEditor4\LAND\DAYLIGHT_CMN_GENERAL\MHE_TMD4\set-htmt-gdt-bamboo-fence-stg-01a-DES\set-htmt-gdt-bamboo-fence-stg-01a-DES.g1mx
0x772C839A,Plugins\FieldEditor4\LAND\RONIN_OBJECT03\MHE_TMD4\set-s01-ykp-shop-kajiya-object-33a-DES\set-s01-ykp-shop-kajiya-object-33a-DES.g1p
0x776FBDF3,Plugins\FieldEditor4\LAND\RONIN_OBJECT\MHE_TMD4\set-cmn-tokugawa-flag-03b\set-cmn-tokugawa-flag-03b.g1mx
0x7795CBFD,Plugins\FieldEditor4\LAND\RONIN_OBJECT03\MHE_TMD4\set-s02-edo-knd-obj-three-03-DES\set-s02-edo-knd-obj-three-03-DES.g1cox
0x77B9FEA6,Plugins\FieldEditor4\LAND\RONIN_OBJECT\MHE_TMD4\set-s01-ykp-shop-goods-03a-DES\set-s01-ykp-shop-goods-03a-DES.g1p
0x77DF705C,Plugins\FieldEditor4\LAND\DAYLIGHT_CMN_HELL\MHE_TMD4\set-hell-sotoba-01\set-hell-sotoba-01.g1mx
0x77F96808,Plugins\FieldEditor4\LAND\TWILIGHT_OBJECT\MHE_TMD4\set-general-placement-01\set-general-placement-01.g1p
0x781307B4,Plugins\FieldEditor4\LAND\TWILIGHT_OBJECT\MHE_TMD4\set-s060-hole-goods-weapon-01\set-s060-hole-goods-weapon-01.g1cox
0x7815936F,Plugins\FieldEditor4\LAND\DAYLIGHT_CMN_HELL\MHE_TMD4\set-hell-kusabi-a01-DES\set-hell-kusabi-a01-DES.g1p
0x7824E7A1,Plugins\FieldEditor4\LAND\RONIN_OBJECT\MHE_TMD4\set-csl-goods-fusuma-a02-DES\set-csl-goods-fusuma-a02-DES.g1mx
0x78872959,Plugins\FieldEditor4\LAND\RONIN_OBJECT\MHE_TMD4\set-s01-ysk-objects-00-jars02-DES\set-s01-ysk-objects-00-jars02-DES.g1cox
0x78A703AB,Plugins\FieldEditor4\LAND\RONIN_OBJECT03\MHE_TMD4\set-s02-ykhm-objects-00-dish06-DES\set-s02-ykhm-objects-00-dish06-DES.g1p
0x78D76C34,Plugins\FieldEditor4\LAND\TWILIGHT_OBJECT\MHE_TMD4\set-s010-goods-box-01\set-s010-goods-box-01.g1cox
0x78E0B5A2,Plugins\FieldEditor4\LAND\DAYLIGHT_SEN_OBJECT\MHE_TMD4\set-sen-hidr-rock-03-DES\set-sen-hidr-rock-03-DES.g1cox
0x78F05743,Plugins\FieldEditor4\LAND\RONIN_OBJECT03\MHE_TMD4\set-s02-edo-knd-obj-22a-DES\set-s02-edo-knd-obj-22a-DES.g1p
0x78F38781,Plugins\FieldEditor4\LAND\RONIN_OBJECT03\MHE_TMD4\set-general-bonfire-t03a\set-general-bonfire-t03a.g1mx
0x7907E5B0,Plugins\FieldEditor4\LAND\RONIN_OBJECT\MHE_TMD4\set-csl-goods-vase-02-DES\set-csl-goods-vase-02-DES.g1mx
0x7958FC1B,Plugins\FieldEditor4\LAND\DAYLIGHT_SEN_HOUSE\MHE_TMD4\set-sen-sai-build-pillar-01-DES\set-sen-sai-build-pillar-01-DES.g1mx
0x797D954B,Plugins\FieldEditor4\LAND\DAYLIGHT_CMN_GENERAL\MHE_TMD4\set-cmn-gdt-syugorei-rock-L01\set-cmn-gdt-syugorei-rock-L01.g1mx
0x799177EC,Plugins\FieldEditor4\LAND\DAYLIGHT_SEN_OBJECT\MHE_TMD4\set-sen-cmn-goods-tea-02-break-DES\set-sen-cmn-goods-tea-02-break-DES.g1cox
0x79B638E0,Plugins\FieldEditor4\LAND\RONIN_OBJECT\MHE_TMD4\set-s01-sksh-wood-objects-02a-DES\set-s01-sksh-wood-objects-02a-DES.g1mx
0x7A155F1B,Plugins\FieldEditor4\LAND\RONIN_OBJECT\MHE_TMD4\set-s02-ykhm-objects-12-mat01-DES\set-s02-ykhm-objects-12-mat01-DES.g1mx
0x7A214A9D,Plugins\FieldEditor4\LAND\RONIN_OBJECT03\MHE_TMD4\set-s01-ykp-shop-drug-object-11a-DES\set-s01-ykp-shop-drug-object-11a-DES.g1p
0x7A26AA22,Plugins\FieldEditor4\LAND\RONIN_OBJECT03\MHE_TMD4\set-s02-edo-knd-obj-23a-DES\set-s02-edo-knd-obj-23a-DES.g1p
0x7A2E0086,Plugins\FieldEditor4\LAND\RONIN_OBJECT03\MHE_TMD4\set-s02-ykhm-objects-00-stall-05-DES\set-s02-ykhm-objects-00-stall-05-DES.g1p
0x7A3ED88B,Plugins\FieldEditor4\LAND\DAYLIGHT_SEN_OBJECT\MHE_TMD4\set-sen-cmn-goods-tea-04-DES\set-sen-cmn-goods-tea-04-DES.g1p
0x7A4D56B4,Plugins\FieldEditor4\LAND\RONIN_OBJECT\MHE_TMD4\set-s01-ysk-objects-00-jars01-DES\set-s01-ysk-objects-00-jars01-DES.g1p
0x7A5C6C99,Plugins\FieldEditor4\LAND\RONIN_OBJECT\MHE_TMD4\set-csl-goods-box-06-DES\set-csl-goods-box-06-DES.g1cox
0x7AB8E691,Plugins\FieldEditor4\LAND\RONIN_OBJECT03\MHE_TMD4\set-s01-hod-inn-door-02b-break01-DES\set-s01-hod-inn-door-02b-break01-DES.g1cox
0x7AC03EB7,Plugins\FieldEditor4\LAND\RONIN_OBJECT03\MHE_TMD4\set-s02-ykhm-objects-11-bin01-DES\set-s02-ykhm-objects-11-bin01-DES.g1p
0x7AD36946,Plugins\FieldEditor4\LAND\RONIN_OBJECT03\MHE_TMD4\set-s02-edo-knd-obj-22a-DES\set-s02-edo-knd-obj-22a-DES.g1mx
0x7AFB9E83,Plugins\FieldEditor4\LAND\TWILIGHT_LIGHT\MHE_TMD4\set-S300-andon-t00a\set-S300-andon-t00a.g1mx
0x7B201270,Plugins\FieldEditor4\LAND\RONIN_OBJECT\MHE_TMD4\set-csl-goods-sword-01-DES\set-csl-goods-sword-01-DES.g1cox
0x7B378C7D,Plugins\FieldEditor4\LAND\RONIN_OBJECT03\MHE_TMD4\set-s01-ykp-shop-kajiya-obj-06\set-s01-ykp-shop-kajiya-obj-06.g1p
0x7B40100E,Plugins\FieldEditor4\LAND\RONIN_OBJECT\MHE_TMD4\set-s01-ykp-shop-kajiya-object-26a-DES\set-s01-ykp-shop-kajiya-object-26a-DES.g1mx
0x7B473E30,Plugins\FieldEditor4\LAND\RONIN_OBJECT03\MHE_TMD4\set-ykak-goods-chair-02-DES\set-ykak-goods-chair-02-DES.g1p
0x7B9AD184,Plugins\FieldEditor4\LAND\DAYLIGHT_SEN_OBJECT\MHE_TMD4\set-sen-you-goods-shugen-08-DES\set-sen-you-goods-shugen-08-DES.g1cox
0x7BA58D52,Plugins\FieldEditor4\LAND\DAYLIGHT_SEN_HOUSE\MHE_TMD4\set-sen-cmn-hotel-window-01-DES\set-sen-cmn-hotel-window-01-DES.g1mx
0x7BB99AE2,Plugins\FieldEditor4\LAND\RONIN_OBJECT\MHE_TMD4\set-s02-ykhm-objects-01-basket01-DES\set-s02-ykhm-objects-01-basket01-DES.g1p
0x7BD51D06,Plugins\FieldEditor4\LAND\TWILIGHT_OBJECT\MHE_TMD4\set-s060-goods-weapon-01\set-s060-goods-weapon-01.g1p
0x7C4F47D9,Plugins\FieldEditor4\LAND\RONIN_OBJECT03\MHE_TMD4\set-s01-ykp-shop-drug-object-06a\set-s01-ykp-shop-drug-object-06a.g1cox
0x7C59AF7E,Plugins\FieldEditor4\LAND\RONIN_OBJECT\MHE_TMD4\set-s01-ysk-objects-00-cabinets04-DES\set-s01-ysk-objects-00-cabinets04-DES.g1cox
0x7C934FE0,Plugins\FieldEditor4\LAND\RONIN_OBJECT03\MHE_TMD4\set-s02-edo-knd-obj-25a-DES\set-s02-edo-knd-obj-25a-DES.g1p
0x7CBBC572,Plugins\FieldEditor4\LAND\DAYLIGHT_SEN_OBJECT\MHE_TMD4\set-sen-msk-building-pillar-01-DES\set-sen-msk-building-pillar-01-DES.g1mx
0x7CC9055D,Plugins\FieldEditor4\LAND\RONIN_OBJECT03\MHE_TMD4\set-s02-ykhm-objects-00-flag16\set-s02-ykhm-objects-00-flag16.g1mx
0x7CF0246C,Plugins\FieldEditor4\LAND\TWILIGHT_OBJECT\MHE_TMD4\set-s140-shield-03\set-s140-shield-03.g1cox
0x7CFD286E,Plugins\FieldEditor4\LAND\RONIN_OBJECT03\MHE_TMD4\set-s01-ykp-shop-kajiya-object-34a-DES\set-s01-ykp-shop-kajiya-object-34a-DES.g1mx
0x7D0341A4,Plugins\FieldEditor4\LAND\RONIN_OBJECT03\MHE_TMD4\set-s01-china-goods-vial-01a-DES\set-s01-china-goods-vial-01a-DES.g1p
0x7D043F08,Plugins\FieldEditor4\LAND\RONIN_OBJECT\MHE_TMD4\set-cmn-g-poison-01a-DES\set-cmn-g-poison-01a-DES.g1mx
0x7D3FCBDA,Plugins\FieldEditor4\LAND\RONIN_OBJECT\MHE_TMD4\set-csl-goods-box-01-DES\set-csl-goods-box-01-DES.g1p
0x7D4E3FFA,Plugins\FieldEditor4\LAND\TWILIGHT_OBJECT\MHE_TMD4\set-s010-bg-gm-02\set-s010-bg-gm-02.g1mx
0x7D97A3F7,Plugins\FieldEditor4\LAND\RONIN_OBJECT\MHE_TMD4\set-csl-goods-shelf-03-DES\set-csl-goods-shelf-03-DES.g1p
0x7DA4E14C,Plugins\FieldEditor4\LAND\DAYLIGHT_BAK_OBJECT\MHE_TMD4\set-bak-abu-goods-01-DES\set-bak-abu-goods-01-DES.g1cox
0x7DB3A168,Plugins\FieldEditor4\LAND\RONIN_OBJECT\MHE_TMD4\set-csl-goods-screen-01a-DES\set-csl-goods-screen-01a-DES.g1cox
0x7DDB0191,Plugins\FieldEditor4\LAND\RONIN_OBJECT\MHE_TMD4\set-csl-goods-shelf-02-DES\set-csl-goods-shelf-02-DES.g1mx
0x7E390C0A,Plugins\FieldEditor4\LAND\RONIN_OBJECT\MHE_TMD4\set-s01-ykp-shop-drug-object-27a-DES\set-s01-ykp-shop-drug-object-27a-DES.g1mx
0x7E5C5ABD,Plugins\FieldEditor4\LAND\RONIN_OBJECT03\MHE_TMD4\set-s01-ysk-objects-00-woodbox03-DES\set-s01-ysk-objects-00-woodbox03-DES.g1cox
0x7E6D274B,Plugins\FieldEditor4\LAND\DAYLIGHT_SEN_OBJECT\MHE_TMD4\set-sen-cmn-kajiya-object-01a-DES\set-sen-cmn-kajiya-object-01a-DES.g1cox
0x7E70E236,Plugins\FieldEditor4\LAND\RONIN_OBJECT03\MHE_TMD4\set-s02-ykhm-objects-04-jars01-DES\set-s02-ykhm-objects-04-jars01-DES.g1p
0x7EAE9C60,Plugins\FieldEditor4\LAND\RONIN_OBJECT03\MHE_TMD4\set-s170-goods-tea-01-DES\set-s170-goods-tea-01-DES.g1mx
0x7EE29B87,Plugins\FieldEditor4\LAND\RONIN_OBJECT03\MHE_TMD4\set-s02-edj-cushion-00-DES\set-s02-edj-cushion-00-DES.g1mx
0x7EE9F447,Plugins\FieldEditor4\LAND\RONIN_OBJECT\MHE_TMD4\set-csl-goods-screen-01b-DES\set-csl-goods-screen-01b-DES.g1cox
0x7F531CAC,Plugins\FieldEditor4\LAND\RONIN_OBJECT\MHE_TMD4\set-s01-ykp-port-goods-11-DES\set-s01-ykp-port-goods-11-DES.g1mx
0x7F5AC29A,Plugins\FieldEditor4\LAND\RONIN_OBJECT\MHE_TMD4\set-s01-ysk-objects-00-cabinets04-DES\set-s01-ysk-objects-00-cabinets04-DES.g1p
0x7F8A0472,Plugins\FieldEditor4\LAND\RONIN_OBJECT\MHE_TMD4\set-s01-ykp-objects-16-radish02-DES\set-s01-ykp-objects-16-radish02-DES.g1cox
0x7FA41CA2,Plugins\FieldEditor4\LAND\RONIN_OBJECT\MHE_TMD4\set-csl-goods-pot-03-DES\set-csl-goods-pot-03-DES.g1p
0x7FA52494,Plugins\FieldEditor4\LAND\RONIN_OBJECT\MHE_TMD4\set-csl-goods-cushion-01-DES\set-csl-goods-cushion-01-DES.g1cox
0x7FC67D32,Plugins\FieldEditor4\LAND\RONIN_OBJECT03\MHE_TMD4\set-s170-goods-box-01-DES\set-s170-goods-box-01-DES.g1cox
0x80158C32,Plugins\FieldEditor4\LAND\RONIN_OBJECT\MHE_TMD4\set-csl-goods-pail-04\set-csl-goods-pail-04.g1p
0x804B13E1,Plugins\FieldEditor4\LAND\DAYLIGHT_SEN_OBJECT\MHE_TMD4\set-sen-you-goods-shugen-11-DES\set-sen-you-goods-shugen-11-DES.g1mx
0x804F1B5B,Plugins\FieldEditor4\LAND\DAYLIGHT_SEN_HOUSE\MHE_TMD4\set-sen-cmn-hotel-window-01-DES\set-sen-cmn-hotel-window-01-DES.g1cox
0x8059255B,Plugins\FieldEditor4\LAND\DAYLIGHT_CMN_GENERAL\MHE_TMD4\set-GGT-hei-s0310-bamboo-M-01-DES\set-GGT-hei-s0310-bamboo-M-01-DES.g1cox
0x80756D0B,Plugins\FieldEditor4\LAND\DAYLIGHT_BAK_LIGHT\MHE_TMD4\set-bak-hnj-BOSS-light-andon-01a-DES\set-bak-hnj-BOSS-light-andon-01a-DES.g1p
0x8098B6A7,Plugins\FieldEditor4\LAND\RONIN_OBJECT\MHE_TMD4\set-s01-ykw-fishing-objects-01-driedfish-01-DES\set-s01-ykw-fishing-objects-01-driedfish-01-DES.g1p
0x80A9556E,Plugins\FieldEditor4\LAND\RONIN_OBJECT03\MHE_TMD4\set-s02-edo-knd-obj-19a-DES\set-s02-edo-knd-obj-19a-DES.g1mx
0x80BC3598,Plugins\FieldEditor4\LAND\RONIN_OBJECT03\MHE_TMD4\set-csl-goods-pail-03\set-csl-goods-pail-03.g1cox
0x80D1AA91,Plugins\FieldEditor4\LAND\TWILIGHT_OBJECT\MHE_TMD4\set-s010-bg-gm-15\set-s010-bg-gm-15.g1cox
0x80DB7773,Plugins\FieldEditor4\LAND\RONIN_OBJECT\MHE_TMD4\set-csl-goods-cushion-02-DES\set-csl-goods-cushion-02-DES.g1cox
0x812A7CC0,Plugins\FieldEditor4\LAND\RONIN_OBJECT\MHE_TMD4\set-csl-goods-screen-01-DES\set-csl-goods-screen-01-DES.g1mx
0x813264C2,Plugins\FieldEditor4\LAND\RONIN_OBJECT03\MHE_TMD4\set-csl-goods-screen-01b-break-DES\set-csl-goods-screen-01b-break-DES.g1mx
0x813F9488,Plugins\FieldEditor4\LAND\RONIN_OBJECT\MHE_TMD4\set-s170-goods-pail-01-DES\set-s170-goods-pail-01-DES.g1cox
0x81CC2086,Plugins\FieldEditor4\LAND\TWILIGHT_OBJECT\MHE_TMD4\set-s050-building-pail-bk\set-s050-building-pail-bk.g1mx
0x820B7F4F,Plugins\FieldEditor4\LAND\RONIN_OBJECT03\MHE_TMD4\set-s01-benten-stall-05\set-s01-benten-stall-05.g1mx
0x821DD847,Plugins\FieldEditor4\LAND\RONIN_OBJECT03\MHE_TMD4\set-s01-ry-goods-screen-01-DES\set-s01-ry-goods-screen-01-DES.g1cox
0x82306F4A,Plugins\FieldEditor4\LAND\RONIN_OBJECT03\MHE_TMD4\set-s01-umbrella-a-04\set-s01-umbrella-a-04.g1cox
0x82389248,Plugins\FieldEditor4\LAND\RONIN_OBJECT03\MHE_TMD4\set-s02-edj-paper-01-DES\obj-s02-edj-paper-01-DES.g1mx
0x82521B10,Plugins\FieldEditor4\LAND\DAYLIGHT_CMN_PLANTINS\MHE_TMD4\set-dyl-tree-boss-small-03-DES-i\set-dyl-tree-boss-small-03-DES-i.g1p
0x82B3609E,Plugins\FieldEditor4\LAND\RONIN_OBJECT\MHE_TMD4\set-s01-ykp-shop-kajiya-object-25a-DES\set-s01-ykp-shop-kajiya-object-25a-DES.g1cox
0x82CD19A2,Plugins\FieldEditor4\LAND\DAYLIGHT_SEN_OBJECT\MHE_TMD4\set-MS-sen-htmt-coral-03c-DES\set-MS-sen-htmt-coral-03c-DES.g1mx
0x82F543F2,Plugins\FieldEditor4\LAND\DAYLIGHT_EDO_OBJECT\MHE_TMD4\set-edo-edojo-box-01-DES\set-edo-edojo-box-01-DES.g1p
0x8320A347,Plugins\FieldEditor4\LAND\DAYLIGHT_SEN_OBJECT\MHE_TMD4\set-MS-sen-htmt-coral-02b-DES\set-MS-sen-htmt-coral-02b-DES.g1p
0x83268C47,Plugins\FieldEditor4\LAND\RONIN_OBJECT\MHE_TMD4\set-s02-ykhm-objects-00-dish07-DES\set-s02-ykhm-objects-00-dish07-DES.g1p
0x83307108,Plugins\FieldEditor4\LAND\RONIN_OBJECT\MHE_TMD4\set-s01-china-goods-chair-01a-DES\set-s01-china-goods-chair-01a-DES.g1p
0x83336536,Plugins\FieldEditor4\LAND\DAYLIGHT_SEN_OBJECT\MHE_TMD4\set-hre-fusuma-02a-DES\set-hre-fusuma-02a-DES.g1p
0x835EADBE,Plugins\FieldEditor4\LAND\RONIN_OBJECT03\MHE_TMD4\set-s02-ykhm-objects-watertank-43a\set-s02-ykhm-objects-watertank-43a.g1cox
0x83784081,Plugins\FieldEditor4\LAND\RONIN_OBJECT03\MHE_TMD4\set-s02-ykhm-close-objects-41a\set-s02-ykhm-close-objects-41a.g1p
0x83AE3CC4,Plugins\FieldEditor4\LAND\RONIN_OBJECT03\MHE_TMD4\set-s01-ykp-brazier-00-DES\set-s01-ykp-brazier-00-DES.g1cox
0x83C8DE71,Plugins\FieldEditor4\LAND\TWILIGHT_OBJECT\MHE_TMD4\set-general-placement-06\set-general-placement-06.g1cox
0x845B775E,Plugins\FieldEditor4\LAND\RONIN_OBJECT03\MHE_TMD4\set-csl-goods-vase-04-DES\set-csl-goods-vase-04-DES.g1p
0x846E4A5E,Plugins\FieldEditor4\LAND\DAYLIGHT_BAK_OBJECT\MHE_TMD4\set-bak-yukaku-goods-screen-03-DES\set-bak-yukaku-goods-screen-03-DES.g1cox
0x849129DC,Plugins\FieldEditor4\LAND\RONIN_OBJECT\MHE_TMD4\set-s01-ykp-shop-kajiya-object-01a-DES\set-s01-ykp-shop-kajiya-object-01a-DES.g1cox
0x84EE1607,Plugins\FieldEditor4\LAND\DAYLIGHT_EDO_OBJECT\MHE_TMD4\set-edo-edojo-gate-bk-door-01-DES\set-edo-edojo-gate-bk-door-01-DES.g1p
0x84F7A518,Plugins\FieldEditor4\LAND\RONIN_OBJECT\MHE_TMD4\set-s01-ysk-objects-00-jars01-DES\set-s01-ysk-objects-00-jars01-DES.g1cox
0x84FF3150,Plugins\FieldEditor4\LAND\TWILIGHT_OBJECT\MHE_TMD4\set-general-placement-16\set-general-placement-16.g1cox
0x8509E01D,Plugins\FieldEditor4\LAND\RONIN_OBJECT\MHE_TMD4\set-s01-ykp-shop-drug-object-14a-DES\set-s01-ykp-shop-drug-object-14a-DES.g1p
0x85811DBD,Plugins\FieldEditor4\LAND\DAYLIGHT_SEN_NATURE\MHE_TMD4\set-dyl-grass-toutyukasou-01-DES\set-dyl-grass-toutyukasou-01-DES.g1mx
0x85C320DD,Plugins\FieldEditor4\LAND\DAYLIGHT_SEN_HOUSE\MHE_TMD4\set-sen-cmn-hotel-door-01-DES\set-sen-cmn-hotel-door-01-DES.g1cox
0x85C32298,Plugins\FieldEditor4\LAND\RONIN_OBJECT\MHE_TMD4\set-s02-ykhm-objects-10-clothesline-01\set-s02-ykhm-objects-10-clothesline-01.g1cox
0x85C5CA49,Plugins\FieldEditor4\LAND\RONIN_OBJECT03\MHE_TMD4\set-s01-goods-cask-02\set-s01-goods-cask-02.g1p
0x85E42354,Plugins\FieldEditor4\LAND\TWILIGHT_OBJECT\MHE_TMD4\set-s010-bg-gm-01\set-s010-bg-gm-01.g1cox
0x85F3B21B,Plugins\FieldEditor4\LAND\DAYLIGHT_KOD_LIGHT\MHE_TMD4\set-kod-kajiya-light-02-DES\set-kod-kajiya-light-02-DES.g1p
0x85FA27C9,Plugins\FieldEditor4\LAND\RONIN_OBJECT\MHE_TMD4\set-s01-ykp-goods-01-DES\set-s01-ykp-goods-01-DES.g1cox
0x860B11E4,Plugins\FieldEditor4\LAND\DAYLIGHT_SEN_OBJECT\MHE_TMD4\set-MS-sen-htmt-coral-01c-DES\set-MS-sen-htmt-coral-01c-DES.g1mx
0x862A019A,Plugins\FieldEditor4\LAND\RONIN_OBJECT\MHE_TMD4\set-s02-ykhm-objects-18-blinds02-DES\set-s02-ykhm-objects-18-blinds02-DES.g1mx
0x8640C662,Plugins\FieldEditor4\LAND\TWILIGHT_OBJECT\MHE_TMD4\set-general-placement-11\set-general-placement-11.g1mx
0x86784337,Plugins\FieldEditor4\LAND\RONIN_OBJECT03\MHE_TMD4\set-s02-ykhm-close-objects-01a-DES\set-s02-ykhm-close-objects-01a-DES.g1cox
0x868A22A1,Plugins\FieldEditor4\LAND\RONIN_OBJECT03\MHE_TMD4\set-EX-kitchen-table06\set-EX-kitchen-table06.g1mx
0x8690372F,Plugins\FieldEditor4\LAND\DAYLIGHT_CMN_GENERAL\MHE_TMD4\set-gatling-01-GADGET\set-gatling-01-GADGET.g1cox
0x86AF544A,Plugins\FieldEditor4\LAND\DAYLIGHT_SEN_OBJECT\MHE_TMD4\set-sen-cmn-goods-tea-03-DES\set-sen-cmn-goods-tea-03-DES.g1p
0x86C39B0B,Plugins\FieldEditor4\LAND\RONIN_OBJECT\MHE_TMD4\set-cmn-kyt-obj-goods-pail-02-DES\set-cmn-kyt-obj-goods-pail-02-DES.g1cox
0x86D419CF,Plugins\FieldEditor4\LAND\RONIN_OBJECT03\MHE_TMD4\set-cmn-tokugawa-flag-02b\set-cmn-tokugawa-flag-02b.g1mx
0x86DF8A06,Plugins\FieldEditor4\LAND\RONIN_OBJECT03\MHE_TMD4\set-csl-goods-pot-01b-DES\obj-csl-goods-pot-01b-DES.g1cox
0x86F952F1,Plugins\FieldEditor4\LAND\TWILIGHT_OBJECT\MHE_TMD4\set-gl-brkobj-box-01b\set-gl-brkobj-box-01b.g1p
0x873569DF,Plugins\FieldEditor4\LAND\RONIN_OBJECT03\MHE_TMD4\set-s01-sakr-goods-dish02-DES\set-s01-sakr-goods-dish02-DES.g1mx
0x874D1933,Plugins\FieldEditor4\LAND\RONIN_OBJECT03\MHE_TMD4\set-cmn-kyt-shrine-flag-03a-DES\set-cmn-kyt-shrine-flag-03a-DES.g1mx
0x874E7647,Plugins\FieldEditor4\LAND\TWILIGHT_PLANTHICHI\MHE_TMD4\set-s050-tree-boss-small-02\set-s050-tree-boss-small-02.g1p
0x87554568,Plugins\FieldEditor4\LAND\DAYLIGHT_SEN_OBJECT\MHE_TMD4\set-sen-cmn-kajiya-object-02a-DES\set-sen-cmn-kajiya-object-02a-DES.g1p
0x87555042,Plugins\FieldEditor4\LAND\RONIN_OBJECT\MHE_TMD4\set-s02-ykhm-objects-02-basket02-DES\set-s02-ykhm-objects-02-basket02-DES.g1p
0x87879FC7,Plugins\FieldEditor4\LAND\RONIN_OBJECT03\MHE_TMD4\set-s01-ykp-shop-drug-object-17a-DES\set-s01-ykp-shop-drug-object-17a-DES.g1cox
0x8788C311,Plugins\FieldEditor4\LAND\RONIN_OBJECT\MHE_TMD4\set-csl-goods-box-03-DES\set-csl-goods-box-03-DES.g1mx
0x8790F427,Plugins\FieldEditor4\LAND\DAYLIGHT_CMN_GENERAL\MHE_TMD4\set-bak-gdt-cannon-object-DES\set-bak-gdt-cannon-object-DES.g1p
0x87D7D4D5,Plugins\FieldEditor4\LAND\RONIN_OBJECT\MHE_TMD4\set-s01-ykp-shop-kajiya-object-31a-DES\set-s01-ykp-shop-kajiya-object-31a-DES.g1p
0x8822D96C,Plugins\FieldEditor4\LAND\RONIN_OBJECT\MHE_TMD4\set-csl-goods-tea-03-DES\set-csl-goods-tea-03-DES.g1mx
0x8842EE16,Plugins\FieldEditor4\LAND\DAYLIGHT_CMN_GENERAL\MHE_TMD4\set-rtm-MS-kowaretourou-a01\set-rtm-MS-kowaretourou-a01.g1p
0x886E8AF5,Plugins\FieldEditor4\LAND\TWILIGHT_OBJECT\MHE_TMD4\set-s060-hole-goods-22\set-s060-hole-goods-22.g1p
0x887388FA,Plugins\FieldEditor4\LAND\DAYLIGHT_KOD_OBJECT\MHE_TMD4\set-kod-sakimori-03-DES\set-kod-sakimori-03-DES.g1mx
0x88A90094,Plugins\FieldEditor4\LAND\DRAFT_MODEL_CONTAINER\MHE_TMD4\set-s050-box-03\set-s050-box-03.g1mx
0x88AD6C20,Plugins\FieldEditor4\LAND\TWILIGHT_OBJECT\MHE_TMD4\set-general-placement-13\set-general-placement-13.g1mx
0x88BCD88F,Plugins\FieldEditor4\LAND\TWILIGHT_OBJECT\MHE_TMD4\set-s010-hill-stone-05\set-s010-hill-stone-05.g1p
0x88C7F512,Plugins\FieldEditor4\LAND\TWILIGHT_OBJECT\MHE_TMD4\set-S350-haniwa-a02\set-S350-haniwa-a02.g1cox
0x89397337,Plugins\FieldEditor4\LAND\RONIN_LIGHT\MHE_TMD4\set-s01-europe-light-02\set-s01-europe-light-02.g1p
0x894EACDB,Plugins\FieldEditor4\LAND\RONIN_LIGHT\MHE_TMD4\set-s01-europe-light-02\set-s01-europe-light-02.g1cox
0x895C156D,Plugins\FieldEditor4\LAND\DAYLIGHT_CMN_HELL\MHE_TMD4\set-hell-sotoba-01\set-hell-sotoba-01.g1p
0x8965A599,Plugins\FieldEditor4\LAND\RONIN_OBJECT\MHE_TMD4\set-csl-goods-vase-02-DES\set-csl-goods-vase-02-DES.g1p
0x898314ED,Plugins\FieldEditor4\LAND\TWILIGHT_OBJECT\MHE_TMD4\set-S060-obj-f-01b\set-S060-obj-f-01b.g1cox
0x89999F1D,Plugins\FieldEditor4\LAND\RONIN_OBJECT\MHE_TMD4\set-s01-ykp-port-goods-11-DES\set-s01-ykp-port-goods-11-DES.g1p
0x89BA08CD,Plugins\FieldEditor4\LAND\DAYLIGHT_SEN_OBJECT\MHE_TMD4\set-MS-sen-htmt-coral-03a-DES\set-MS-sen-htmt-coral-03a-DES.g1cox
0x89CE5518,Plugins\FieldEditor4\LAND\TWILIGHT_OBJECT\MHE_TMD4\set-s010-goods-pail-02\set-s010-goods-pail-02.g1cox
0x89E3BEFF,Plugins\FieldEditor4\LAND\TWILIGHT_OBJECT\MHE_TMD4\set-general-placement-14\set-general-placement-14.g1mx
0x8A0EE62D,Plugins\FieldEditor4\LAND\TWILIGHT_OBJECT\MHE_TMD4\set-general-placement-17\set-general-placement-17.g1p
0x8A1D13A6,Plugins\FieldEditor4\LAND\RONIN_OBJECT03\MHE_TMD4\set-s02-ykhm-objects-52-fabric01-DES\set-s02-ykhm-objects-52-fabric01-DES.g1cox
0x8A7A0C31,Plugins\FieldEditor4\LAND\TWILIGHT_OBJECT\MHE_TMD4\set-S070-bf-wreck-04\set-S070-bf-wreck-04.g1mx
0x8A8D800A,Plugins\FieldEditor4\LAND\DRAFT_MODEL_CONTAINER\MHE_TMD4\set-csl-goods-pot-06-DES\set-csl-goods-pot-06-DES.g1cox
0x8A8D8A62,Plugins\FieldEditor4\LAND\RONIN_LIGHT\MHE_TMD4\set-s02-edo-ysw-objects-light-10a\set-s02-edo-ysw-objects-light-10a.g1mx
0x8AAB83E7,Plugins\FieldEditor4\LAND\RONIN_OBJECT03\MHE_TMD4\set-EX-office-bottle02-DES\set-EX-office-bottle02-DES.g1mx
0x8B1A11DE,Plugins\FieldEditor4\LAND\TWILIGHT_OBJECT\MHE_TMD4\set-general-placement-15\set-general-placement-15.g1mx
0x8B7AB6FE,Plugins\FieldEditor4\LAND\TWILIGHT_OBJECT\MHE_TMD4\set-s010-bg-gm-06\set-s010-bg-gm-06.g1mx
0x8B7DDEF8,Plugins\FieldEditor4\LAND\RONIN_OBJECT\MHE_TMD4\set-s01-ykw-fishing-objects-02-basket-01-DES\set-s01-ykw-fishing-objects-02-basket-01-DES.g1p
0x8B94EC37,Plugins\FieldEditor4\LAND\RONIN_OBJECT\MHE_TMD4\set-cmn-jp-obj-table-01a-DES\set-cmn-jp-obj-table-01a-DES.g1p
0x8BAB98ED,Plugins\FieldEditor4\LAND\RONIN_OBJECT03\MHE_TMD4\set-s01-ykp-shop-kajiya-object-24a-DES\set-s01-ykp-shop-kajiya-object-24a-DES.g1mx
0x8BBFB57C,Plugins\FieldEditor4\LAND\RONIN_OBJECT\MHE_TMD4\set-csl-goods-desk-01-DES\set-csl-goods-desk-01-DES.g1p
0x8BFEDF9D,Plugins\FieldEditor4\LAND\RONIN_OBJECT\MHE_TMD4\set-csl-goods-sword-01-DES\set-csl-goods-sword-01-DES.g1mx
0x8C31DE25,Plugins\FieldEditor4\LAND\RONIN_OBJECT03\MHE_TMD4\set-cmn-kyt-shrine-flag-02a\set-cmn-kyt-shrine-flag-02a.g1p
0x8C32BDC0,Plugins\FieldEditor4\LAND\RONIN_OBJECT03\MHE_TMD4\set-s01-ysk-objects-00-cabinets03-DES\set-s01-ysk-objects-00-cabinets03-DES.g1cox
0x8C5064BD,Plugins\FieldEditor4\LAND\TWILIGHT_OBJECT\MHE_TMD4\set-general-placement-16\set-general-placement-16.g1mx
0x8C5ADF61,Plugins\FieldEditor4\LAND\RONIN_OBJECT03\MHE_TMD4\set-ykak-goods-chair-01\set-ykak-goods-chair-01.g1cox
0x8CAE3BBA,Plugins\FieldEditor4\LAND\RONIN_OBJECT\MHE_TMD4\set-s01-ykp-shop-kajiya-object-25a-DES\set-s01-ykp-shop-kajiya-object-25a-DES.g1p
0x8D08709C,Plugins\FieldEditor4\LAND\RONIN_OBJECT\MHE_TMD4\set-csl-goods-mat-03-DES\set-csl-goods-mat-03-DES.g1mx
0x8D311176,Plugins\FieldEditor4\LAND\RONIN_OBJECT\MHE_TMD4\set-s02-ykhm-objects-10-clothesline-02\set-s02-ykhm-objects-10-clothesline-02.g1mx
0x8D382E46,Plugins\FieldEditor4\LAND\RONIN_OBJECT\MHE_TMD4\set-csl-goods-pail-02-DES\set-csl-goods-pail-02-DES.g1cox
0x8D5F46A4,Plugins\FieldEditor4\LAND\RONIN_OBJECT03\MHE_TMD4\set-s01-sks-weapon-01b\set-s01-sks-weapon-01b.g1mx
0x8D6CE4D3,Plugins\FieldEditor4\LAND\RONIN_OBJECT03\MHE_TMD4\set-s170-goods-box-06-DES\set-s170-goods-box-06-DES.g1p
0x8D7A933A,Plugins\FieldEditor4\LAND\RONIN_OBJECT03\MHE_TMD4\set-s170-goods-box-02-DES\set-s170-goods-box-02-DES.g1mx
0x8D86B79C,Plugins\FieldEditor4\LAND\TWILIGHT_OBJECT\MHE_TMD4\set-general-placement-17\set-general-placement-17.g1mx
0x8DA71411,Plugins\FieldEditor4\LAND\DAYLIGHT_SEN_NATURE\MHE_TMD4\set-dyl-grass-toutyukasou-02-DES\set-dyl-grass-toutyukasou-02-DES.g1cox
0x8DEA3E7C,Plugins\FieldEditor4\LAND\TWILIGHT_OBJECT\MHE_TMD4\set-S350-haniwa-a03\set-S350-haniwa-a03.g1mx
0x8DFA7683,Plugins\FieldEditor4\LAND\RONIN_OBJECT\MHE_TMD4\set-csl-goods-pot-02-DES\set-csl-goods-pot-02-DES.g1p
0x8E236D88,Plugins\FieldEditor4\LAND\RONIN_OBJECT\MHE_TMD4\set-csl-goods-pot-04-DES\set-csl-goods-pot-04-DES.g1mx
0x8E2EC748,Plugins\FieldEditor4\LAND\RONIN_OBJECT\MHE_TMD4\set-cmn-g-throw-pot-01a-DES\set-cmn-g-throw-pot-01a-DES.g1p
0x8E5AAE0D,Plugins\FieldEditor4\LAND\DAYLIGHT_BAK_OBJECT\MHE_TMD4\set-bak-abu-goods-02-DES\set-bak-abu-goods-02-DES.g1cox
0x8EBD0A7B,Plugins\FieldEditor4\LAND\TWILIGHT_OBJECT\MHE_TMD4\set-general-placement-18\set-general-placement-18.g1mx
0x8F195AE1,Plugins\FieldEditor4\LAND\RONIN_OBJECT02\MHE_TMD4\set-csl-goods-shoji-01-break03-DES\set-csl-goods-shoji-01-break03-DES.g1mx
0x8F341CC5,Plugins\FieldEditor4\LAND\RONIN_LIGHT\MHE_TMD4\set-csl-goods-light-02-DES\set-csl-goods-light-02-DES.g1cox
0x8F3A4058,Plugins\FieldEditor4\LAND\RONIN_OBJECT\MHE_TMD4\set-s01-ykp-shop-kajiya-object-12a-DES\set-s01-ykp-shop-kajiya-object-12a-DES.g1p
0x8F46216A,Plugins\FieldEditor4\LAND\DAYLIGHT_BAK_OBJECT\MHE_TMD4\set-bak-cho-inn-door-03a-DES\set-bak-cho-inn-door-03a-DES.g1p
0x8F7315D5,Plugins\FieldEditor4\LAND\RONIN_LIGHT\MHE_TMD4\set-cmn-goods-lantern-01a\set-cmn-goods-lantern-01a.g1p
0x8F8F47F0,Plugins\FieldEditor4\LAND\TWILIGHT_OBJECT\MHE_TMD4\set-S800-bowl-02\set-S800-bowl-02.g1mx
0x8F911F06,Plugins\FieldEditor4\LAND\DAYLIGHT_SEN_OBJECT\MHE_TMD4\set-MS-sen-htmt-coral-01b-DES\set-MS-sen-htmt-coral-01b-DES.g1p
0x8F9CCD19,Plugins\FieldEditor4\LAND\TWILIGHT_OBJECT\MHE_TMD4\set-s060-hole-goods-22\set-s060-hole-goods-22.g1cox
0x8FB2B8C7,Plugins\FieldEditor4\LAND\RONIN_CMN_PLANTHICHI\MHE_TMD4\set-nature-field-vege-04a\obj-nature-field-vege-04a.g1mx
0x8FB4A786,Plugins\FieldEditor4\LAND\RONIN_OBJECT\MHE_TMD4\set-csl-goods-pot-03-DES\set-csl-goods-pot-03-DES.g1cox
0x8FCFE6F0,Plugins\FieldEditor4\LAND\RONIN_OBJECT\MHE_TMD4\set-s02-ykhm-objects-10-stair-00-DES\set-s02-ykhm-objects-10-stair-00-DES.g1p
0x90837B73,Plugins\FieldEditor4\LAND\RONIN_OBJECT\MHE_TMD4\set-s02-ykhm-objects-15-chair01-DES\set-s02-ykhm-objects-15-chair01-DES.g1mx
0x90882361,Plugins\FieldEditor4\LAND\RONIN_OBJECT\MHE_TMD4\set-csl-goods-desk-02-DES\set-csl-goods-desk-02-DES.g1cox
0x90EA24FB,Plugins\FieldEditor4\LAND\DAYLIGHT_BAK_OBJECT\MHE_TMD4\set-bak-yukaku-goods-screen-04-DES\set-bak-yukaku-goods-screen-04-DES.g1p
0x9145B388,Plugins\FieldEditor4\LAND\RONIN_OBJECT\MHE_TMD4\set-cmn-g-fire-01b\set-cmn-g-fire-01b.g1cox
0x915654C0,Plugins\FieldEditor4\LAND\RONIN_OBJECT03\MHE_TMD4\set-s01-ykp-shop-kajiya-object-28a-DES\set-s01-ykp-shop-kajiya-object-28a-DES.g1p
0x9158A672,Plugins\FieldEditor4\LAND\RONIN_OBJECT\MHE_TMD4\set-s01-ykp-shop-kajiya-object-11a-DES\set-s01-ykp-shop-kajiya-object-11a-DES.g1mx
0x916D4D81,Plugins\FieldEditor4\LAND\DAYLIGHT_SEN_OBJECT\MHE_TMD4\set-sen-cmn-objects-cabinet-02b-DES\set-sen-cmn-objects-cabinet-02b-DES.g1cox
0x9184A29F,Plugins\FieldEditor4\LAND\RONIN_OBJECT\MHE_TMD4\set-s01-ykp-shop-kajiya-object-19a-DES\set-s01-ykp-shop-kajiya-object-19a-DES.g1p
0x91944661,Plugins\FieldEditor4\LAND\DRAFT_MODEL_CONTAINER\MHE_TMD4\set-csl-goods-pot-01-DES\set-csl-goods-pot-01-DES.g1p
0x920D1E3D,Plugins\FieldEditor4\LAND\RONIN_OBJECT03\MHE_TMD4\set-s02-ykhm-objects-watertank-42a\set-s02-ykhm-objects-watertank-42a.g1cox
0x920EB7EC,Plugins\FieldEditor4\LAND\DAYLIGHT_SEN_NATURE\MHE_TMD4\set-dyl-grass-toutyukasou-01-DES\set-dyl-grass-toutyukasou-01-DES.g1p
0x9214E6A7,Plugins\FieldEditor4\LAND\TWILIGHT_OBJECT\MHE_TMD4\set-general-placement-11\set-general-placement-11.g1p
0x92219E1A,Plugins\FieldEditor4\LAND\RONIN_OBJECT03\MHE_TMD4\set-s01-ykp-shop-photo-obj-03a-DES\set-s01-ykp-shop-photo-obj-03a-DES.g1cox
0x923C3E3A,Plugins\FieldEditor4\LAND\DAYLIGHT_SEN_OBJECT\MHE_TMD4\set-sen-cmn-chair-DES\obj-sen-cmn-chair-DES.g1mx
0x925F93A1,Plugins\FieldEditor4\LAND\RONIN_OBJECT\MHE_TMD4\set-cmn-kyt-flag-02a-DES\set-cmn-kyt-flag-02a-DES.g1cox
0x929C77E4,Plugins\FieldEditor4\LAND\RONIN_OBJECT03\MHE_TMD4\set-s02-ykhm-objects-00-stall-06-DES\set-s02-ykhm-objects-00-stall-06-DES.g1mx
0x92F3B817,Plugins\FieldEditor4\LAND\TWILIGHT_OBJECT\MHE_TMD4\set-S100-brkobj-hanging-scroll-01\set-S100-brkobj-hanging-scroll-01.g1mx
0x931FD009,Plugins\FieldEditor4\LAND\DAYLIGHT_SEN_OBJECT\MHE_TMD4\set-sen-cmn-goods-tea-02-DES\set-sen-cmn-goods-tea-02-DES.g1p
0x9341A313,Plugins\FieldEditor4\LAND\RONIN_OBJECT\MHE_TMD4\set-ykak-goods-chair-04-DES\set-ykak-goods-chair-04-DES.g1cox
0x9370E41D,Plugins\FieldEditor4\LAND\RONIN_OBJECT03\MHE_TMD4\set-s01-goods-desk-03-DES\set-s01-goods-desk-03-DES.g1cox
0x93ABC319,Plugins\FieldEditor4\LAND\RONIN_OBJECT03\MHE_TMD4\set-s01-ykp-flag-02b\set-s01-ykp-flag-02b.g1p
0x93B5B6F9,Plugins\FieldEditor4\LAND\RONIN_OBJECT03\MHE_TMD4\set-s02-chdojo-objects-radish-01-DES\set-s02-chdojo-objects-radish-01-DES.g1cox
0x93C86430,Plugins\FieldEditor4\LAND\DAYLIGHT_SEN_OBJECT\MHE_TMD4\set-sen-cmn-objects-clothline-01-DES\set-sen-cmn-objects-clothline-01-DES.g1cox
0x93D3DE17,Plugins\FieldEditor4\LAND\DAYLIGHT_BAK_OBJECT\MHE_TMD4\set-bak-hnj-BOSS-pillar-02-DES\set-bak-hnj-BOSS-pillar-02-DES.g1mx
0x93DCDB2D,Plugins\FieldEditor4\LAND\DAYLIGHT_SEN_HOUSE\MHE_TMD4\set-sen-cmn-hotel-door-04-DES\set-sen-cmn-hotel-door-04-DES.g1mx
0x93E16979,Plugins\FieldEditor4\LAND\RONIN_OBJECT\MHE_TMD4\set-s02-rpj-chair-01\set-s02-rpj-chair-01.g1cox
0x93EFFCF9,Plugins\FieldEditor4\LAND\RONIN_OBJECT03\MHE_TMD4\set-s01-ykp-bonsai-03-DES\obj-s01-ykp-bonsai-03-DES.g1cox
0x9410A73D,Plugins\FieldEditor4\LAND\RONIN_OBJECT\MHE_TMD4\set-s01-ykp-shop-kajiya-object-06a-DES\set-s01-ykp-shop-kajiya-object-06a-DES.g1p
0x9421876D,Plugins\FieldEditor4\LAND\RONIN_OBJECT03\MHE_TMD4\set-s01-goods-cask-02\set-s01-goods-cask-02.g1cox
0x944C8E07,Plugins\FieldEditor4\LAND\RONIN_OBJECT\MHE_TMD4\set-cmn-kyt-obj-sign-01-DES\set-cmn-kyt-obj-sign-01-DES.g1p
0x9485FB2C,Plugins\FieldEditor4\LAND\RONIN_OBJECT03\MHE_TMD4\set-EX-kitchen-jug02-DES\set-EX-kitchen-jug02-DES.g1p
0x949E6A41,Plugins\FieldEditor4\LAND\TWILIGHT_OBJECT\MHE_TMD4\set-s060-hole-goods-sacks-05\set-s060-hole-goods-sacks-05.g1cox
0x94C056C3,Plugins\FieldEditor4\LAND\DRAFT_MODEL_CONTAINER\MHE_TMD4\set-csl-goods-pot-06-DES\set-csl-goods-pot-06-DES.g1mx
0x950CDDC6,Plugins\FieldEditor4\LAND\TWILIGHT_OBJECT\MHE_TMD4\set-general-placement-08-bk\set-general-placement-08-bk.g1p
0x952168BE,Plugins\FieldEditor4\LAND\RONIN_OBJECT\MHE_TMD4\set-csl-goods-box-01-DES\set-csl-goods-box-01-DES.g1cox
0x954E8F4A,Plugins\FieldEditor4\LAND\RONIN_OBJECT03\MHE_TMD4\set-EX-office-book02-DES\set-EX-office-book02-DES.g1mx
0x95828D2A,Plugins\FieldEditor4\LAND\RONIN_OBJECT03\MHE_TMD4\set-s02-ykhm-objects-63-table05-DES\set-s02-ykhm-objects-63-table05-DES.g1mx
0x959B871B,Plugins\FieldEditor4\LAND\RONIN_OBJECT\MHE_TMD4\set-csl-goods-weapon-03-DES\set-csl-goods-weapon-03-DES.g1p
0x95E2BC64,Plugins\FieldEditor4\LAND\RONIN_LIGHT\MHE_TMD4\set-s02-ykhm-objects-57-light01-DES\set-s02-ykhm-objects-57-light01-DES.g1cox
0x95E41EE8,Plugins\FieldEditor4\LAND\RONIN_OBJECT03\MHE_TMD4\set-s02-ykhm-objects-60-cabinet07-DES\set-s02-ykhm-objects-60-cabinet07-DES.g1p
0x961C5A97,Plugins\FieldEditor4\LAND\RONIN_OBJECT\MHE_TMD4\set-s01-ysk-objects-00-cabinets01-DES\set-s01-ysk-objects-00-cabinets01-DES.g1p
0x96269184,Plugins\FieldEditor4\LAND\RONIN_OBJECT\MHE_TMD4\set-csl-goods-pot-06-break-DES\set-csl-goods-pot-06-break-DES.g1cox
0x964CC921,Plugins\FieldEditor4\LAND\DAYLIGHT_CMN_GENERAL\MHE_TMD4\set-cmn-g-nohocanon-01\set-cmn-g-nohocanon-01.g1p
0x96670372,Plugins\FieldEditor4\LAND\RONIN_OBJECT03\MHE_TMD4\set-cmn-ky-shop-obj-flag-04\set-cmn-ky-shop-obj-flag-04.g1cox
0x969947F5,Plugins\FieldEditor4\LAND\RONIN_OBJECT\MHE_TMD4\set-s02-chdojo-objects-cloth-02a-DES\set-s02-chdojo-objects-cloth-02a-DES.g1cox
0x96A3427C,Plugins\FieldEditor4\LAND\RONIN_OBJECT03\MHE_TMD4\set-s01-ykp-shop-kajiya-obj-04-DES\set-s01-ykp-shop-kajiya-obj-04-DES.g1mx
0x96BE82E4,Plugins\FieldEditor4\LAND\RONIN_OBJECT\MHE_TMD4\set-s170-goods-shelf-02-dest02-DES\set-s170-goods-shelf-02-dest02-DES.g1mx
0x971AD36F,Plugins\FieldEditor4\LAND\DAYLIGHT_SEN_HOUSE\MHE_TMD4\set-sen-cmn-hotel-door-02-DES\set-sen-cmn-hotel-door-02-DES.g1mx
0x978887DA,Plugins\FieldEditor4\LAND\RONIN_OBJECT\MHE_TMD4\set-s02-edj-sword-01-DES\obj-s02-edj-sword-01-DES.g1mx
0x97921C9D,Plugins\FieldEditor4\LAND\RONIN_OBJECT\MHE_TMD4\set-csl-goods-vase-06-DES\set-csl-goods-vase-06-DES.g1p
0x97C70585,Plugins\FieldEditor4\LAND\RONIN_OBJECT\MHE_TMD4\set-s02-edo-ysw-object-kimono-01-DES\set-s02-edo-ysw-object-kimono-01-DES.g1cox
0x98033A8D,Plugins\FieldEditor4\LAND\RONIN_OBJECT\MHE_TMD4\set-s01-ysk-objects-00-wood01-DES\set-s01-ysk-objects-00-wood01-DES.g1cox
0x982EBA64,Plugins\FieldEditor4\LAND\RONIN_OBJECT\MHE_TMD4\set-s01-ykp-stall-05-DES\obj-s01-ykp-stall-05-DES.g1cox
0x984E601E,Plugins\FieldEditor4\LAND\DAYLIGHT_CMN_GENERAL\MHE_TMD4\set-gdt-hei-hell-ice-02a-DES\set-gdt-hei-hell-ice-02a-DES.g1cox
0x98506493,Plugins\FieldEditor4\LAND\RONIN_OBJECT\MHE_TMD4\set-csl-goods-shelf-04-DES\set-csl-goods-shelf-04-DES.g1mx
0x98538C8F,Plugins\FieldEditor4\LAND\RONIN_OBJECT03\MHE_TMD4\set-s01-sakr-goods-dish07-DES\set-s01-sakr-goods-dish07-DES.g1p
0x985640CD,Plugins\FieldEditor4\LAND\RONIN_OBJECT03\MHE_TMD4\set-csl-goods-weapon-01-DES\set-csl-goods-weapon-01-DES.g1mx
0x986F6545,Plugins\FieldEditor4\LAND\RONIN_OBJECT03\MHE_TMD4\set-s02-ykhm-objects-38-table03-DES\set-s02-ykhm-objects-38-table03-DES.g1p
0x9873F6E6,Plugins\FieldEditor4\LAND\RONIN_OBJECT03\MHE_TMD4\set-csl-goods-weapon-04\obj-csl-goods-weapon-04.g1cox
0x988C4B12,Plugins\FieldEditor4\LAND\DAYLIGHT_CMN_HELL\MHE_TMD4\set-hell-sotoba-02\set-hell-sotoba-02.g1cox
0x988EF7F2,Plugins\FieldEditor4\LAND\DAYLIGHT_CMN_PLANTHICHI\MHE_TMD4\set-dyl-tree-boss-small-03-DES\set-dyl-tree-boss-small-03-DES.g1p
0x98C964E8,Plugins\FieldEditor4\LAND\TWILIGHT_OBJECT\MHE_TMD4\set-s010-bg-gm-09\set-s010-bg-gm-09.g1p
0x98CA1AFF,Plugins\FieldEditor4\LAND\RONIN_OBJECT03\MHE_TMD4\set-s170-goods-tea-02-DES\set-s170-goods-tea-02-DES.g1mx
0x98DA01B9,Plugins\FieldEditor4\LAND\DRAFT_MODEL_CONTAINER\MHE_TMD4\set-s060-hole-goods-10\set-s060-hole-goods-10.g1cox
0x98E930E6,Plugins\FieldEditor4\LAND\RONIN_OBJECT\MHE_TMD4\set-csl-goods-A-pot-03-DES\set-csl-goods-A-pot-03-DES.g1mx
0x98F7C18E,Plugins\FieldEditor4\LAND\TWILIGHT_OBJECT\MHE_TMD4\set-s010-bg-gm-07\set-s010-bg-gm-07.g1cox
0x98FB6695,Plugins\FieldEditor4\LAND\RONIN_OBJECT03\MHE_TMD4\set-s01-ykp-objects-15-radish01-DES\set-s01-ykp-objects-15-radish01-DES.g1cox
0x99070DA9,Plugins\FieldEditor4\LAND\RONIN_OBJECT\MHE_TMD4\set-s01-ykp-shop-kajiya-object-09a-DES\set-s01-ykp-shop-kajiya-object-09a-DES.g1mx
0x9947BCCF,Plugins\FieldEditor4\LAND\TWILIGHT_OBJECT\MHE_TMD4\set-general-placement-08\set-general-placement-08.g1p
0x995AA440,Plugins\FieldEditor4\LAND\RONIN_OBJECT\MHE_TMD4\set-cmn-mib-objects-pillow-01-DES\set-cmn-mib-objects-pillow-01-DES.g1p
0x997501BE,Plugins\FieldEditor4\LAND\DAYLIGHT_SEN_OBJECT\MHE_TMD4\set-sen-hidr-rock-03-DES\set-sen-hidr-rock-03-DES.g1p
0x998C93AC,Plugins\FieldEditor4\LAND\RONIN_OBJECT03\MHE_TMD4\set-csl-goods-weapon-02-DES\set-csl-goods-weapon-02-DES.g1mx
0x99A7D08D,Plugins\FieldEditor4\LAND\TWILIGHT_OBJECT\MHE_TMD4\set-S070-danjyo-csl-fnt-tub-01-dist\set-S070-danjyo-csl-fnt-tub-01-dist.g1p
0x99C4C919,Plugins\FieldEditor4\LAND\TWILIGHT_OBJECT\MHE_TMD4\set-s340-arms-hill-01\set-s340-arms-hill-01.g1p
0x99FCE57F,Plugins\FieldEditor4\LAND\RONIN_OBJECT03\MHE_TMD4\set-s02-ykhm-objects-61-cabinet08-DES\set-s02-ykhm-objects-61-cabinet08-DES.g1mx
0x9A78F8B2,Plugins\FieldEditor4\LAND\RONIN_OBJECT03\MHE_TMD4\set-s02-ykhm-objects-09-woodbox01-DES\set-s02-ykhm-objects-09-woodbox01-DES.g1mx
0x9AD4C68B,Plugins\FieldEditor4\LAND\DRAFT_MODEL_CONTAINER\MHE_TMD4\set-s120-hole-box-01\set-s120-hole-box-01.g1cox
0x9AD5574F,Plugins\FieldEditor4\LAND\RONIN_OBJECT03\MHE_TMD4\set-s01-ykp-shop-photo-obj-18a-DES\set-s01-ykp-shop-photo-obj-18a-DES.g1mx
0x9AD7B445,Plugins\FieldEditor4\LAND\DRAFT_MODEL_CONTAINER\MHE_TMD4\set-general-placement-16-bk\set-general-placement-16-bk.g1mx
0x9AF00A6A,Plugins\FieldEditor4\LAND\RONIN_OBJECT03\MHE_TMD4\set-s170-goods-tea-02-DES\set-s170-goods-tea-02-DES.g1p
0x9AF9EFEA,Plugins\FieldEditor4\LAND\RONIN_OBJECT03\MHE_TMD4\set-s02-ykhm-objects-61-cabinet08-DES\set-s02-ykhm-objects-61-cabinet08-DES.g1p
0x9B0F6AD1,Plugins\FieldEditor4\LAND\DAYLIGHT_BAK_NATURE\MHE_TMD4\set-bak-beehive-01-DES\set-bak-beehive-01-DES.g1mx
0x9B48A151,Plugins\FieldEditor4\LAND\RONIN_OBJECT\MHE_TMD4\set-csl-goods-mat-03-DES\set-csl-goods-mat-03-DES.g1cox
0x9B566343,Plugins\FieldEditor4\LAND\RONIN_OBJECT\MHE_TMD4\set-s02-ykhm-objects-55-fabric04-DES\set-s02-ykhm-objects-55-fabric04-DES.g1cox
0x9B5818E9,Plugins\FieldEditor4\LAND\DAYLIGHT_BAK_OBJECT\MHE_TMD4\set-bak-abu-goods-02-DES\set-bak-abu-goods-02-DES.g1p
0x9B5B1327,Plugins\FieldEditor4\LAND\RONIN_OBJECT\MHE_TMD4\set-s170-goods-pail-02-DES\set-s170-goods-pail-02-DES.g1cox
0x9B69DBEA,Plugins\FieldEditor4\LAND\DAYLIGHT_CMN_GENERAL\MHE_TMD4\set-MS-gdt-syugorei-rock-M01\set-MS-gdt-syugorei-rock-M01.g1mx
0x9B8BFD5E,Plugins\FieldEditor4\LAND\DAYLIGHT_SEN_OBJECT\MHE_TMD4\set-cmn-fusuma-04a-DES\set-cmn-fusuma-04a-DES.g1mx
0x9B96A6B6,Plugins\FieldEditor4\LAND\TWILIGHT_OBJECT\MHE_TMD4\set-s010-bg-gm-10\set-s010-bg-gm-10.g1cox
0x9BC65863,Plugins\FieldEditor4\LAND\RONIN_OBJECT03\MHE_TMD4\set-EX-office-book02-DES\set-EX-office-book02-DES.g1cox
0x9BE99E18,Plugins\FieldEditor4\LAND\DAYLIGHT_BAK_HELL\MHE_TMD4\set-bak-cmn-hell-needle-01b-DES\set-bak-cmn-hell-needle-01b-DES.g1p
0x9C1302A3,Plugins\FieldEditor4\LAND\RONIN_OBJECT03\MHE_TMD4\set-S01-dojo-goods-target-01-DES\set-S01-dojo-goods-target-01-DES.g1cox
0x9C4F8530,Plugins\FieldEditor4\LAND\DAYLIGHT_SEN_OBJECT\MHE_TMD4\set-sen-cmn-goods-tea-05-DES\set-sen-cmn-goods-tea-05-DES.g1cox
0x9C800407,Plugins\FieldEditor4\LAND\TWILIGHT_OBJECT\MHE_TMD4\set-S060-obj-f-03b\set-S060-obj-f-03b.g1p
0x9C9C7EAC,Plugins\FieldEditor4\LAND\RONIN_OBJECT\MHE_TMD4\set-s170-goods-shelf-04-dest01-DES\set-s170-goods-shelf-04-dest01-DES.g1cox
0x9C9E4362,Plugins\FieldEditor4\LAND\DAYLIGHT_SEN_OBJECT\MHE_TMD4\set-sen-cmn-kajiya-object-01a-DES\set-sen-cmn-kajiya-object-01a-DES.g1mx
0x9CAFC402,Plugins\FieldEditor4\LAND\RONIN_OBJECT03\MHE_TMD4\set-csl-goods-weapon-04\obj-csl-goods-weapon-04.g1p
0x9CBF11F6,Plugins\FieldEditor4\LAND\DAYLIGHT_CMN_GENERAL\MHE_TMD4\set-S130-barrel-gunpowder-02\set-S130-barrel-gunpowder-02.g1cox
0x9CE3B434,Plugins\FieldEditor4\LAND\RONIN_OBJECT03\MHE_TMD4\set-cmn-mib-flag-01b\set-cmn-mib-flag-01b.g1cox
0x9D0ACEA5,Plugins\FieldEditor4\LAND\RONIN_OBJECT03\MHE_TMD4\set-cmn-kyt-objects-trashcan-01c-DES\set-cmn-kyt-objects-trashcan-01c-DES.g1p
0x9D4E05F4,Plugins\FieldEditor4\LAND\RONIN_OBJECT03\MHE_TMD4\set-s02-chdojo-objects-radish-01-DES\set-s02-chdojo-objects-radish-01-DES.g1mx
0x9D5EDDB5,Plugins\FieldEditor4\LAND\RONIN_OBJECT\MHE_TMD4\set-csl-goods-cookware-02-DES\set-csl-goods-cookware-02-DES.g1cox
0x9D622E09,Plugins\FieldEditor4\LAND\RONIN_OBJECT\MHE_TMD4\set-csl-goods-pot-06-break-DES\set-csl-goods-pot-06-break-DES.g1mx
0x9D94612C,Plugins\FieldEditor4\LAND\RONIN_OBJECT03\MHE_TMD4\set-s02-ykhm-objects-00-stall-03-DES\set-s02-ykhm-objects-00-stall-03-DES.g1cox
0x9DAA1F19,Plugins\FieldEditor4\LAND\DAYLIGHT_CMN_PLANTINS\MHE_TMD4\set-dyl-tree-boss-small-03-DES-i\set-dyl-tree-boss-small-03-DES-i.g1mx
0x9DD68744,Plugins\FieldEditor4\LAND\RONIN_OBJECT03\MHE_TMD4\set-s01-goods-mask-02-DES\set-s01-goods-mask-02-DES.g1mx
0x9DE4BA2D,Plugins\FieldEditor4\LAND\RONIN_OBJECT03\MHE_TMD4\set-s170-goods-table-03-DES\set-s170-goods-table-03-DES.g1p
0x9DEE5E2C,Plugins\FieldEditor4\LAND\RONIN_OBJECT\MHE_TMD4\set-s02-ykhm-objects-00-dish02-DES\set-s02-ykhm-objects-00-dish02-DES.g1p
0x9E3F0605,Plugins\FieldEditor4\LAND\RONIN_OBJECT\MHE_TMD4\set-cmn-g-throw-bucket-DES\set-cmn-g-throw-bucket-DES.g1p
0x9EDCC274,Plugins\FieldEditor4\LAND\DAYLIGHT_CMN_PLANTINS\MHE_TMD4\set-dyl-tree-boss-small-03-DES-i\set-dyl-tree-boss-small-03-DES-i.g1cox
0x9EE43045,Plugins\FieldEditor4\LAND\DAYLIGHT_CMN_GENERAL\MHE_TMD4\set-cmn-g-nohocanon-01\set-cmn-g-nohocanon-01.g1cox
0x9EE9D3FE,Plugins\FieldEditor4\LAND\RONIN_OBJECT\MHE_TMD4\set-s01-ykp-shop-drug-object-26a-DES\set-s01-ykp-shop-drug-object-26a-DES.g1p
0x9F029F7C,Plugins\FieldEditor4\LAND\RONIN_OBJECT03\MHE_TMD4\set-s03-kin-flag-02b\set-s03-kin-flag-02b.g1mx
0x9F107ACE,Plugins\FieldEditor4\LAND\DAYLIGHT_BAK_OBJECT\MHE_TMD4\set-bak-abu-goods-03-DES\set-bak-abu-goods-03-DES.g1cox
0x9F1ACCFC,Plugins\FieldEditor4\LAND\RONIN_OBJECT\MHE_TMD4\set-s02-ykhm-close-objects-09a-DES\set-s02-ykhm-close-objects-09a-DES.g1cox
0x9F517553,Plugins\FieldEditor4\LAND\RONIN_OBJECT\MHE_TMD4\set-s02-ykhm-objects-16-blinds00-DES\set-s02-ykhm-objects-16-blinds00-DES.g1cox
0x9F7946CA,Plugins\FieldEditor4\LAND\DAYLIGHT_SEN_OBJECT\MHE_TMD4\set-sen-cmn-objects-watervat-01-DES\set-sen-cmn-objects-watervat-01-DES.g1cox
0x9F904BC8,Plugins\FieldEditor4\LAND\DAYLIGHT_SEN_OBJECT\MHE_TMD4\set-sen-cmn-goods-tea-01-DES\set-sen-cmn-goods-tea-01-DES.g1p
0x9F98957A,Plugins\FieldEditor4\LAND\DAYLIGHT_BAK_OBJECT\MHE_TMD4\set-bak-yukaku-goods-screen-03-DES\set-bak-yukaku-goods-screen-03-DES.g1p
0x9F9C3207,Plugins\FieldEditor4\LAND\RONIN_OBJECT03\MHE_TMD4\set-csl-goods-weapon-07-DES\set-csl-goods-weapon-07-DES.g1mx
0x9FC0E12C,Plugins\FieldEditor4\LAND\RONIN_OBJECT03\MHE_TMD4\set-s01-ykp-shop-drug-object-11a-DES\set-s01-ykp-shop-drug-object-11a-DES.g1mx
0x9FD25C22,Plugins\FieldEditor4\LAND\RONIN_OBJECT\MHE_TMD4\set-csl-goods-table-03\obj-csl-goods-table-03.g1p
0x9FD753E9,Plugins\FieldEditor4\LAND\RONIN_OBJECT\MHE_TMD4\set-s02-ykhm-objects-66-salt-farm-hoe-01-DES\set-s02-ykhm-objects-66-salt-farm-hoe-01-DES.g1cox
0xA004C53F,Plugins\FieldEditor4\LAND\RONIN_OBJECT03\MHE_TMD4\set-s01-ykp-shop-kajiya-object-27a-DES\set-s01-ykp-shop-kajiya-object-27a-DES.g1p
0xA00FC0EC,Plugins\FieldEditor4\LAND\RONIN_OBJECT03\MHE_TMD4\set-s02-ykhm-objects-62-cabinet09-DES\set-s02-ykhm-objects-62-cabinet09-DES.g1p
0xA014A5C1,Plugins\FieldEditor4\LAND\RONIN_OBJECT03\MHE_TMD4\set-s01-ykp-port-goods-01-DES\set-s01-ykp-port-goods-01-DES.g1p
0xA01718BC,Plugins\FieldEditor4\LAND\DAYLIGHT_SEN_OBJECT\MHE_TMD4\set-sen-cmn-goods-tea-06-DES\set-sen-cmn-goods-tea-06-DES.g1mx
0xA02549E5,Plugins\FieldEditor4\LAND\RONIN_OBJECT03\MHE_TMD4\set-s02-ykhm-objects-36-table01-DES\set-s02-ykhm-objects-36-table01-DES.g1cox
0xA0341BB7,Plugins\FieldEditor4\LAND\RONIN_OBJECT\MHE_TMD4\set-s02-ykhm-objects-10-clothesline-02\set-s02-ykhm-objects-10-clothesline-02.g1cox
0xA0392601,Plugins\FieldEditor4\LAND\DAYLIGHT_SEN_OBJECT\MHE_TMD4\set-sen-you-goods-shugen-07-DES\set-sen-you-goods-shugen-07-DES.g1p
0xA0677247,Plugins\FieldEditor4\LAND\RONIN_OBJECT03\MHE_TMD4\set-s02-edo-knd-obj-23a-DES\set-s02-edo-knd-obj-23a-DES.g1mx
0xA0A04438,Plugins\FieldEditor4\LAND\RONIN_OBJECT03\MHE_TMD4\set-s01-sksh-close-objects-01a-DES\obj-s01-sksh-close-objects-01a-DES.g1mx
0xA0AA3123,Plugins\FieldEditor4\LAND\RONIN_OBJECT03\MHE_TMD4\set-s01-ykp-shop-drug-object-17a-DES\set-s01-ykp-shop-drug-object-17a-DES.g1p
0xA0D284E6,Plugins\FieldEditor4\LAND\RONIN_OBJECT03\MHE_TMD4\set-csl-goods-weapon-08-DES\set-csl-goods-weapon-08-DES.g1mx
0xA0EE2442,Plugins\FieldEditor4\LAND\TWILIGHT_OBJECT\MHE_TMD4\set-general-placement-07-dirt\set-general-placement-07-dirt.g1mx
0xA0FB08A5,Plugins\FieldEditor4\LAND\RONIN_OBJECT03\MHE_TMD4\set-csl-goods-pot-02b-DES\obj-csl-goods-pot-02b-DES.g1cox
0xA1015D16,Plugins\FieldEditor4\LAND\RONIN_LIGHT\MHE_TMD4\set-s01-ykak-goods-light-01-DES\set-s01-ykak-goods-light-01-DES.g1p
0xA10F981D,Plugins\FieldEditor4\LAND\RONIN_OBJECT03\MHE_TMD4\set-s01-sakr-goods-dish04-DES\set-s01-sakr-goods-dish04-DES.g1mx
0xA111E17C,Plugins\FieldEditor4\LAND\RONIN_OBJECT03\MHE_TMD4\set-s01-ykp-signboard-01\set-s01-ykp-signboard-01.g1mx
0xA142971D,Plugins\FieldEditor4\LAND\DAYLIGHT_BAK_OBJECT\MHE_TMD4\set-bak-yukaku-goods-screen-02-DES\set-bak-yukaku-goods-screen-02-DES.g1cox
0xA14AE863,Plugins\FieldEditor4\LAND\RONIN_OBJECT03\MHE_TMD4\set-s02-ykhm-objects-00-stall-05-DES\set-s02-ykhm-objects-00-stall-05-DES.g1mx
0xA14DBD49,Plugins\FieldEditor4\LAND\TWILIGHT_OBJECT\MHE_TMD4\set-general-placement-02\set-general-placement-02.g1p
0xA161F12C,Plugins\FieldEditor4\LAND\RONIN_OBJECT\MHE_TMD4\set-s170-goods-vase-02-DES\set-s170-goods-vase-02-DES.g1p
0xA17381AF,Plugins\FieldEditor4\LAND\DAYLIGHT_BAK_LIGHT\MHE_TMD4\set-bak-hnj-BOSS-light-andon-01a-DES\set-bak-hnj-BOSS-light-andon-01a-DES.g1cox
0xA17ACEA7,Plugins\FieldEditor4\LAND\RONIN_OBJECT03\MHE_TMD4\set-s02-ykhm-objects-37-table02-DES\set-s02-ykhm-objects-37-table02-DES.g1cox
0xA1C41123,Plugins\FieldEditor4\LAND\RONIN_LIGHT\MHE_TMD4\set-csl-goods-light-04-DES\set-csl-goods-light-04-DES.g1p
0xA1D26977,Plugins\FieldEditor4\LAND\DRAFT_MODEL_CONTAINER\MHE_TMD4\set-s050-box-01\set-s050-box-01.g1p
0xA1DED400,Plugins\FieldEditor4\LAND\RONIN_LIGHT\MHE_TMD4\set-cmn-g-fire-01a\set-cmn-g-fire-01a.g1p
0xA1EEE84E,Plugins\FieldEditor4\LAND\RONIN_OBJECT\MHE_TMD4\set-s01-ykp-tableware-00-DES\set-s01-ykp-tableware-00-DES.g1mx
0xA1F46E47,Plugins\FieldEditor4\LAND\TWILIGHT_OBJECT\MHE_TMD4\set-S060-obj-f-01\set-S060-obj-f-01.g1p
0xA1FD1D3C,Plugins\FieldEditor4\LAND\RONIN_OBJECT\MHE_TMD4\set-csl-goods-vase-01-DES\set-csl-goods-vase-01-DES.g1cox
0xA1FFE73B,Plugins\FieldEditor4\LAND\DAYLIGHT_SEN_OBJECT\MHE_TMD4\set-sen-msk-building-pillar-01-DES\set-sen-msk-building-pillar-01-DES.g1cox
0xA208D7C5,Plugins\FieldEditor4\LAND\RONIN_OBJECT03\MHE_TMD4\set-csl-goods-weapon-09-DES\set-csl-goods-weapon-09-DES.g1mx
0xA2121683,Plugins\FieldEditor4\LAND\RONIN_OBJECT03\MHE_TMD4\set-s02-ykhm-objects-63-table05-DES\set-s02-ykhm-objects-63-table05-DES.g1cox
0xA21E7BA2,Plugins\FieldEditor4\LAND\RONIN_OBJECT03\MHE_TMD4\set-s02-ykhm-objects-14-box01-DES\set-s02-ykhm-objects-14-box01-DES.g1cox
0xA24CC141,Plugins\FieldEditor4\LAND\RONIN_OBJECT\MHE_TMD4\set-cmn-g-poison-01a-DES\set-cmn-g-poison-01a-DES.g1p
0xA2C99DA8,Plugins\FieldEditor4\LAND\TWILIGHT_OBJECT\MHE_TMD4\set-general-placement-06-bk\set-general-placement-06-bk.g1cox
0xA2D05369,Plugins\FieldEditor4\LAND\RONIN_OBJECT03\MHE_TMD4\set-s02-ykhm-objects-38-table03-DES\set-s02-ykhm-objects-38-table03-DES.g1cox
0xA2D281BE,Plugins\FieldEditor4\LAND\RONIN_OBJECT\MHE_TMD4\set-S01-dojo-goods-cloth-01\obj-S01-dojo-goods-cloth-01.g1cox
0xA2DB94B8,Plugins\FieldEditor4\LAND\RONIN_CMN_PLANTHICHI\MHE_TMD4\set-nature-field-vege-02c\set-nature-field-vege-02c.g1mx
0xA31FBAA9,Plugins\FieldEditor4\LAND\DAYLIGHT_SEN_HOUSE\MHE_TMD4\set-sen-ryt-temple-01-fence-DES\set-sen-ryt-temple-01-fence-DES.g1mx
0xA32EFEA3,Plugins\FieldEditor4\LAND\RONIN_OBJECT\MHE_TMD4\set-s170-goods-shelf-02-dest01-DES\set-s170-goods-shelf-02-dest01-DES.g1mx
0xA3331BA3,Plugins\FieldEditor4\LAND\RONIN_OBJECT\MHE_TMD4\set-csl-goods-A-pot-03-DES\set-csl-goods-A-pot-03-DES.g1p
0xA336BBBF,Plugins\FieldEditor4\LAND\RONIN_OBJECT03\MHE_TMD4\set-s02-edo-knd-obj-three-01-DES\set-s02-edo-knd-obj-three-01-DES.g1cox
0xA348E02B,Plugins\FieldEditor4\LAND\DAYLIGHT_SEN_OBJECT\MHE_TMD4\set-cmn-fusuma-04a-DES\set-cmn-fusuma-04a-DES.g1p
0xA35510FE,Plugins\FieldEditor4\LAND\DAYLIGHT_SEN_OBJECT\MHE_TMD4\set-sen-cmn-goods-tea-04-DES\set-sen-cmn-goods-tea-04-DES.g1mx
0xA3986AB0,Plugins\FieldEditor4\LAND\TWILIGHT_OBJECT\MHE_TMD4\set-S060-obj-f-01b-dt\set-S060-obj-f-01b-dt.g1mx
0xA39A5E39,Plugins\FieldEditor4\LAND\TWILIGHT_OBJECT\MHE_TMD4\set-general-placement-07-dirt-bk\set-general-placement-07-dirt-bk.g1mx
0xA39AA4B0,Plugins\FieldEditor4\LAND\RONIN_OBJECT03\MHE_TMD4\set-s02-ykhm-objects-00-flag16\set-s02-ykhm-objects-00-flag16.g1cox
0xA3DADF3A,Plugins\FieldEditor4\LAND\RONIN_OBJECT03\MHE_TMD4\set-s02-ykhm-objects-58-cabinet05-DES\set-s02-ykhm-objects-58-cabinet05-DES.g1mx
0xA3E5F96E,Plugins\FieldEditor4\LAND\RONIN_OBJECT\MHE_TMD4\set-s060-hole-goods-12\set-s060-hole-goods-12.g1p
0xA3EBA84F,Plugins\FieldEditor4\LAND\TWILIGHT_OBJECT\MHE_TMD4\set-s030-tana-01\set-s030-tana-01.g1p
0xA425D82B,Plugins\FieldEditor4\LAND\RONIN_OBJECT03\MHE_TMD4\set-s02-ykhm-objects-39-table04-DES\set-s02-ykhm-objects-39-table04-DES.g1cox
0xA4266312,Plugins\FieldEditor4\LAND\DAYLIGHT_CMN_GENERAL\MHE_TMD4\set-S130-barrel-gunpowder-02\set-S130-barrel-gunpowder-02.g1p
0xA43D5FA9,Plugins\FieldEditor4\LAND\RONIN_OBJECT03\MHE_TMD4\set-s01-goods-mask-02-DES\set-s01-goods-mask-02-DES.g1cox
0xA45C123D,Plugins\FieldEditor4\LAND\TWILIGHT_OBJECT\MHE_TMD4\set-s340-arms-hill-01\set-s340-arms-hill-01.g1cox
0xA4823D6E,Plugins\FieldEditor4\LAND\RONIN_OBJECT03\MHE_TMD4\set-s01-ykp-tableware-03-DES\set-s01-ykp-tableware-03-DES.g1mx
0xA496396A,Plugins\FieldEditor4\LAND\RONIN_OBJECT03\MHE_TMD4\set-s01-sks-weapon-01a\set-s01-sks-weapon-01a.g1cox
0xA49B9371,Plugins\FieldEditor4\LAND\RONIN_OBJECT03\MHE_TMD4\set-ykak-goods-chair-03-DES\set-ykak-goods-chair-03-DES.g1p
0xA4C3219A,Plugins\FieldEditor4\LAND\TWILIGHT_OBJECT\MHE_TMD4\set-S800-bowl-03\set-S800-bowl-03.g1p
0xA4CED914,Plugins\FieldEditor4\LAND\RONIN_OBJECT03\MHE_TMD4\set-s01-ykp-shop-drug-object-06a\set-s01-ykp-shop-drug-object-06a.g1mx
0xA4E40B69,Plugins\FieldEditor4\LAND\RONIN_OBJECT03\MHE_TMD4\set-s02-ykhm-objects-00-stall-02-DES\set-s02-ykhm-objects-00-stall-02-DES.g1p
0xA4E480C5,Plugins\FieldEditor4\LAND\RONIN_OBJECT03\MHE_TMD4\set-s01-ykp-shop-drug-object-15a-DES\set-s01-ykp-shop-drug-object-15a-DES.g1cox
0xA51657F5,Plugins\FieldEditor4\LAND\RONIN_OBJECT\MHE_TMD4\set-s01-ysk-objects-00-jars01-DES\set-s01-ysk-objects-00-jars01-DES.g1mx
0xA563DC60,Plugins\FieldEditor4\LAND\DAYLIGHT_BAK_OBJECT\MHE_TMD4\set-bak-abu-goods-02-DES\set-bak-abu-goods-02-DES.g1mx
0xA58020E2,Plugins\FieldEditor4\LAND\RONIN_OBJECT03\MHE_TMD4\set-s01-china-goods-vial-01c-DES\set-s01-china-goods-vial-01c-DES.g1p
0xA5B80ABB,Plugins\FieldEditor4\LAND\DAYLIGHT_CMN_HELL\MHE_TMD4\set-hell-sotoba-02\set-hell-sotoba-02.g1mx
0xA5CC8C49,Plugins\FieldEditor4\LAND\RONIN_OBJECT03\MHE_TMD4\set-s01-sks-weapon-01b\set-s01-sks-weapon-01b.g1cox
0xA608BE21,Plugins\FieldEditor4\LAND\RONIN_OBJECT\MHE_TMD4\set-csl-goods-shelf-04-dest01-DES\set-csl-goods-shelf-04-dest01-DES.g1cox
0xA62A18EB,Plugins\FieldEditor4\LAND\DAYLIGHT_SEN_OBJECT\MHE_TMD4\set-MS-sen-htmt-coral-02b-DES\set-MS-sen-htmt-coral-02b-DES.g1cox
0xA65D7908,Plugins\FieldEditor4\LAND\RONIN_OBJECT03\MHE_TMD4\set-cmn-obj-scarecrow-01\set-cmn-obj-scarecrow-01.g1p
0xA6714A23,Plugins\FieldEditor4\LAND\RONIN_OBJECT03\MHE_TMD4\set-EX-office-bottle01-DES\set-EX-office-bottle01-DES.g1p
0xA6909F4F,Plugins\FieldEditor4\LAND\DAYLIGHT_CMN_PLANTINS\MHE_TMD4\set-dyl-tree-boss-small-02-DES-i\set-dyl-tree-boss-small-02-DES-i.g1p
0xA6930940,Plugins\FieldEditor4\LAND\DAYLIGHT_SEN_OBJECT\MHE_TMD4\set-sen-cmn-goods-tea-02-DES\set-sen-cmn-goods-tea-02-DES.g1mx
0xA6CD0AB0,Plugins\FieldEditor4\LAND\TWILIGHT_OBJECT\MHE_TMD4\set-general-goods-byobu-01\set-general-goods-byobu-01.g1cox
0xA6E03839,Plugins\FieldEditor4\LAND\TWILIGHT_OBJECT\MHE_TMD4\set-s060-hole-goods-04\set-s060-hole-goods-04.g1p
0xA6F9C28F,Plugins\FieldEditor4\LAND\DAYLIGHT_SEN_OBJECT\MHE_TMD4\set-cmn-fusuma-01b-DES\set-cmn-fusuma-01b-DES.g1p
0xA713B6D1,Plugins\FieldEditor4\LAND\RONIN_OBJECT03\MHE_TMD4\set-s02-ykhm-objects-00-bag01-DES\set-s02-ykhm-objects-00-bag01-DES.g1mx
0xA71FBEC9,Plugins\FieldEditor4\LAND\TWILIGHT_OBJECT\MHE_TMD4\set-s010-bg-gm-08\set-s010-bg-gm-08.g1p
0xA73D6871,Plugins\FieldEditor4\LAND\DAYLIGHT_CMN_PLANTHICHI\MHE_TMD4\set-dyl-tree-boss-small-02-DES\set-dyl-tree-boss-small-02-DES.g1p
0xA7651970,Plugins\FieldEditor4\LAND\RONIN_OBJECT\MHE_TMD4\set-csl-goods-screen-04-DES\set-csl-goods-screen-04-DES.g1cox
0xA7AD9148,Plugins\FieldEditor4\LAND\RONIN_OBJECT\MHE_TMD4\set-csl-goods-pail-04-DES\set-csl-goods-pail-04-DES.g1cox
0xA7CA1DC3,Plugins\FieldEditor4\LAND\RONIN_OBJECT\MHE_TMD4\set-csl-goods-tea-01-DES\set-csl-goods-tea-01-DES.g1cox
0xA7CC2B18,Plugins\FieldEditor4\LAND\TWILIGHT_OBJECT\MHE_TMD4\set-s010-bg-gm-13-dest\set-s010-bg-gm-13-dest.g1mx
0xA824AB42,Plugins\FieldEditor4\LAND\RONIN_OBJECT03\MHE_TMD4\set-s01-china-goods-vial-01g-DES\set-s01-china-goods-vial-01g-DES.g1cox
0xA82A1671,Plugins\FieldEditor4\LAND\RONIN_OBJECT03\MHE_TMD4\set-s01-ykp-shop-kajiya-object-20a-DES\set-s01-ykp-shop-kajiya-object-20a-DES.g1mx
0xA836E08C,Plugins\FieldEditor4\LAND\RONIN_OBJECT\MHE_TMD4\set-s01-ysk-objects-00-rope02\set-s01-ysk-objects-00-rope02.g1mx
0xA8474C00,Plugins\FieldEditor4\LAND\RONIN_OBJECT03\MHE_TMD4\set-s02-kdc-objects-torture-16b-DES\set-s02-kdc-objects-torture-16b-DES.g1p
0xA8894CF3,Plugins\FieldEditor4\LAND\DAYLIGHT_EDO_OBJECT\MHE_TMD4\set-edo-edojo-box-02-DES\set-edo-edojo-box-02-DES.g1p
0xA8CCDBA5,Plugins\FieldEditor4\LAND\RONIN_OBJECT03\MHE_TMD4\set-s01-ykp-shop-kajiya-object-07a-DES\set-s01-ykp-shop-kajiya-object-07a-DES.g1cox
0xA8D2D1B7,Plugins\FieldEditor4\LAND\RONIN_OBJECT\MHE_TMD4\set-s01-ykp-tableware-04-DES\set-s01-ykp-tableware-04-DES.g1p
0xA91AD273,Plugins\FieldEditor4\LAND\RONIN_OBJECT03\MHE_TMD4\set-s170-goods-box-02-DES\set-s170-goods-box-02-DES.g1cox
0xA927ED0A,Plugins\FieldEditor4\LAND\RONIN_OBJECT03\MHE_TMD4\set-csl-goods-table-02-DES\set-csl-goods-table-02-DES.g1mx
0xA95CE772,Plugins\FieldEditor4\LAND\TWILIGHT_OBJECT\MHE_TMD4\set-general-placement-07\set-general-placement-07.g1cox
0xA9897C81,Plugins\FieldEditor4\LAND\RONIN_OBJECT\MHE_TMD4\set-cmn-gissha-04\set-cmn-gissha-04.g1cox
0xA9A97FC7,Plugins\FieldEditor4\LAND\RONIN_LIGHT\MHE_TMD4\set-csl-goods-light-04-DES\set-csl-goods-light-04-DES.g1cox
0xA9AE3837,Plugins\FieldEditor4\LAND\RONIN_OBJECT\MHE_TMD4\set-s01-ysk-objects-00-jars04-DES\set-s01-ysk-objects-00-jars04-DES.g1p
0xA9D9FBCC,Plugins\FieldEditor4\LAND\RONIN_OBJECT\MHE_TMD4\set-s01-ykp-shop-drug-object-25a-DES\set-s01-ykp-shop-drug-object-25a-DES.g1mx
0xA9DB909D,Plugins\FieldEditor4\LAND\RONIN_LIGHT\MHE_TMD4\set-csl-goods-light-03a-DES\set-csl-goods-light-03a-DES.g1p
0xA9EAE3BF,Plugins\FieldEditor4\LAND\RONIN_OBJECT03\MHE_TMD4\set-s01-ykp-shop-kajiya-object-34a-DES\set-s01-ykp-shop-kajiya-object-34a-DES.g1cox
0xAA3AD0F3,Plugins\FieldEditor4\LAND\RONIN_LIGHT\MHE_TMD4\set-s170-goods-light-05\set-s170-goods-light-05.g1p
0xAA47CAC1,Plugins\FieldEditor4\LAND\RONIN_OBJECT03\MHE_TMD4\set-s02-ykhm-objects-36-table01-DES\set-s02-ykhm-objects-36-table01-DES.g1p
0xAA760BF1,Plugins\FieldEditor4\LAND\RONIN_OBJECT03\MHE_TMD4\set-EX-kitchen-bench02-DES\set-EX-kitchen-bench02-DES.g1mx
0xAA7E0666,Plugins\FieldEditor4\LAND\TWILIGHT_LIGHT\MHE_TMD4\set-S300-andon-t00a\set-S300-andon-t00a.g1p
0xAA8381B7,Plugins\FieldEditor4\LAND\DAYLIGHT_SEN_HOUSE\MHE_TMD4\set-sen-cmn-hotel-window-01-DES\set-sen-cmn-hotel-window-01-DES.g1p
0xAA933A51,Plugins\FieldEditor4\LAND\TWILIGHT_OBJECT\MHE_TMD4\set-general-placement-17\set-general-placement-17.g1cox
0xAAC6A065,Plugins\FieldEditor4\LAND\RONIN_OBJECT\MHE_TMD4\set-cmn-g-poison-01a-DES\set-cmn-g-poison-01a-DES.g1cox
0xAAF28152,Plugins\FieldEditor4\LAND\RONIN_OBJECT\MHE_TMD4\set-s060-hole-goods-12\set-s060-hole-goods-12.g1cox
0xAB239BF6,Plugins\FieldEditor4\LAND\TWILIGHT_OBJECT\MHE_TMD4\set-s010-bg-gm-12-dest\set-s010-bg-gm-12-dest.g1cox
0xAB62A384,Plugins\FieldEditor4\LAND\RONIN_OBJECT03\MHE_TMD4\set-s01-china-goods-vial-01e-DES\set-s01-china-goods-vial-01e-DES.g1cox
0xAB703E56,Plugins\FieldEditor4\LAND\RONIN_OBJECT\MHE_TMD4\set-csl-goods-shelf-04-DES\set-csl-goods-shelf-04-DES.g1p
0xAB8BA243,Plugins\FieldEditor4\LAND\RONIN_OBJECT\MHE_TMD4\set-s01-ykp-shop-kajiya-object-19a-DES\set-s01-ykp-shop-kajiya-object-19a-DES.g1cox
0xAB93C9A7,Plugins\FieldEditor4\LAND\DAYLIGHT_SEN_OBJECT\MHE_TMD4\set-sen-cmn-kajiya-object-01a-DES\set-sen-cmn-kajiya-object-01a-DES.g1p
0xABCD77F0,Plugins\FieldEditor4\LAND\TWILIGHT_OBJECT\MHE_TMD4\set-general-placement-07-dirt-bk\set-general-placement-07-dirt-bk.g1p
0xAC4D8FED,Plugins\FieldEditor4\LAND\RONIN_OBJECT03\MHE_TMD4\set-s01-ykp-red-Lantern-01-DES\set-s01-ykp-red-Lantern-01-DES.g1cox
0xACC8630B,Plugins\FieldEditor4\LAND\DAYLIGHT_SEN_OBJECT\MHE_TMD4\set-sen-you-goods-shugen-12-DES\set-sen-you-goods-shugen-12-DES.g1cox
0xAD21D9B0,Plugins\FieldEditor4\LAND\RONIN_OBJECT03\MHE_TMD4\set-s01-ysk-objects-00-woodbox03-DES\set-s01-ysk-objects-00-woodbox03-DES.g1mx
0xAD24BDDD,Plugins\FieldEditor4\LAND\RONIN_LIGHT\MHE_TMD4\set-csl-goods-candle-01-DES\set-csl-goods-candle-01-DES.g1p
0xAD324352,Plugins\FieldEditor4\LAND\DAYLIGHT_CMN_GENERAL\MHE_TMD4\set-GGT-hei-s0310-bamboo-M-01-DES\set-GGT-hei-s0310-bamboo-M-01-DES.g1mx
0xAD8B32F3,Plugins\FieldEditor4\LAND\DAYLIGHT_CMN_PLANTINS\MHE_TMD4\set-dyl-tree-boss-small-02-DES-i\set-dyl-tree-boss-small-02-DES-i.g1cox
0xADC95CB0,Plugins\FieldEditor4\LAND\DAYLIGHT_CMN_GENERAL\MHE_TMD4\set-MS-gdt-sen-brokenrock-01\set-MS-gdt-sen-brokenrock-01.g1p
0xADF7553F,Plugins\FieldEditor4\LAND\RONIN_OBJECT\MHE_TMD4\set-s01-ykp-port-goods-02-DES\set-s01-ykp-port-goods-02-DES.g1p
0xAE1DF559,Plugins\FieldEditor4\LAND\RONIN_OBJECT03\MHE_TMD4\set-cmn-mib-flag-01b\set-cmn-mib-flag-01b.g1mx
0xAE30AB38,Plugins\FieldEditor4\LAND\RONIN_OBJECT\MHE_TMD4\set-cmn-mib-objects-04-DES\set-cmn-mib-objects-04-DES.g1p
0xAE4705F9,Plugins\FieldEditor4\LAND\DAYLIGHT_BAK_OBJECT\MHE_TMD4\set-bak-yukaku-goods-screen-02-DES\set-bak-yukaku-goods-screen-02-DES.g1p
0xAE6979CC,Plugins\FieldEditor4\LAND\RONIN_OBJECT\MHE_TMD4\set-csl-goods-shelf-04-dest01-DES\set-csl-goods-shelf-04-dest01-DES.g1mx
0xAE78CFD2,Plugins\FieldEditor4\LAND\RONIN_OBJECT03\MHE_TMD4\set-s03-kin-flag-02a\set-s03-kin-flag-02a.g1cox
0xAE7AE48B,Plugins\FieldEditor4\LAND\RONIN_OBJECT03\MHE_TMD4\set-s01-china-goods-vial-01g-DES\set-s01-china-goods-vial-01g-DES.g1mx
0xAE920C7B,Plugins\FieldEditor4\LAND\RONIN_OBJECT\MHE_TMD4\set-s060-hole-goods-12\set-s060-hole-goods-12.g1mx
0xAE9D3E80,Plugins\FieldEditor4\LAND\RONIN_OBJECT03\MHE_TMD4\set-s01-ykp-red-Lantern-01-DES\set-s01-ykp-red-Lantern-01-DES.g1mx
0xAEA09BC6,Plugins\FieldEditor4\LAND\RONIN_OBJECT03\MHE_TMD4\set-s01-china-goods-vial-01c-DES\set-s01-china-goods-vial-01c-DES.g1cox
0xAEDB58E5,Plugins\FieldEditor4\LAND\RONIN_OBJECT\MHE_TMD4\set-s01-ykp-goods-02-DES\set-s01-ykp-goods-02-DES.g1mx
0xAF285C65,Plugins\FieldEditor4\LAND\TWILIGHT_OBJECT\MHE_TMD4\set-general-placement-18-bk\set-general-placement-18-bk.g1p
0xAF4239BA,Plugins\FieldEditor4\LAND\TWILIGHT_OBJECT\MHE_TMD4\set-s030-tana-01\set-s030-tana-01.g1mx
0xAFD81449,Plugins\FieldEditor4\LAND\RONIN_OBJECT03\MHE_TMD4\set-cmn-kyt-shrine-flag-02a\set-cmn-kyt-shrine-flag-02a.g1cox
0xAFF958E2,Plugins\FieldEditor4\LAND\RONIN_OBJECT03\MHE_TMD4\set-s02-ykhm-objects-00-stall-04-DES\set-s02-ykhm-objects-00-stall-04-DES.g1mx
0xB006B638,Plugins\FieldEditor4\LAND\RONIN_LIGHT\MHE_TMD4\set-cmn-kyt-light-03\set-cmn-kyt-light-03.g1p
0xB01571EE,Plugins\FieldEditor4\LAND\RONIN_OBJECT\MHE_TMD4\set-s01-sksh-wood-objects-01a-DES\set-s01-sksh-wood-objects-01a-DES.g1cox
0xB03648F8,Plugins\FieldEditor4\LAND\TWILIGHT_OBJECT\MHE_TMD4\set-s050-box-06\set-s050-box-06.g1mx
0xB0571EE5,Plugins\FieldEditor4\LAND\RONIN_OBJECT\MHE_TMD4\set-s01-hod-inn-objects-00-basket01\set-s01-hod-inn-objects-00-basket01.g1p
0xB05A67B4,Plugins\FieldEditor4\LAND\DAYLIGHT_CMN_GENERAL\MHE_TMD4\set-MS-FAB-general-rollingsnowball-01\set-MS-FAB-general-rollingsnowball-01.g1mx
0xB07CE4E8,Plugins\FieldEditor4\LAND\RONIN_OBJECT\MHE_TMD4\set-s170-goods-tea-03-DES\set-s170-goods-tea-03-DES.g1p
0xB09FA37C,Plugins\FieldEditor4\LAND\DAYLIGHT_BAK_HELL\MHE_TMD4\set-bak-cmn-hell-needle-01b-DES\set-bak-cmn-hell-needle-01b-DES.g1cox
0xB0C756DA,Plugins\FieldEditor4\LAND\RONIN_OBJECT03\MHE_TMD4\set-s01-sakr-objects-fusuma00-02-DES\set-s01-sakr-objects-fusuma00-02-DES.g1mx
0xB0CF7E8F,Plugins\FieldEditor4\LAND\DAYLIGHT_CMN_GENERAL\MHE_TMD4\set-MS-gdt-syugorei-wall-M01\set-MS-gdt-syugorei-wall-M01.g1mx
0xB0E016C9,Plugins\FieldEditor4\LAND\RONIN_OBJECT03\MHE_TMD4\set-s02-ykhm-objects-00-sign05-DES\set-s02-ykhm-objects-00-sign05-DES.g1p
0xB10BFF95,Plugins\FieldEditor4\LAND\DAYLIGHT_SEN_OBJECT\MHE_TMD4\set-hre-fusuma-03a-DES\set-hre-fusuma-03a-DES.g1p
0xB15056A8,Plugins\FieldEditor4\LAND\RONIN_OBJECT\MHE_TMD4\set-csl-goods-pail-01-DES\set-csl-goods-pail-01-DES.g1mx
0xB16C1277,Plugins\FieldEditor4\LAND\DAYLIGHT_EDO_OBJECT\MHE_TMD4\set-edo-edojo-box-01-DES\set-edo-edojo-box-01-DES.g1mx
0xB17894CF,Plugins\FieldEditor4\LAND\RONIN_OBJECT\MHE_TMD4\set-cmn-g-bell-L00-DES\set-cmn-g-bell-L00-DES.g1mx
0xB1C7AD10,Plugins\FieldEditor4\LAND\DAYLIGHT_CMN_GENERAL\MHE_TMD4\set-GGT-hei-s0310-bamboo-M-03-DES\set-GGT-hei-s0310-bamboo-M-03-DES.g1mx
0xB1DE9408,Plugins\FieldEditor4\LAND\RONIN_OBJECT03\MHE_TMD4\set-s01-china-goods-vial-01a-DES\set-s01-china-goods-vial-01a-DES.g1cox
0xB1E59850,Plugins\FieldEditor4\LAND\DAYLIGHT_SEN_NATURE\MHE_TMD4\set-dyl-grass-toutyukasou-01-DES\set-dyl-grass-toutyukasou-01-DES.g1cox
0xB1F75F35,Plugins\FieldEditor4\LAND\RONIN_OBJECT03\MHE_TMD4\set-s01-ry-goods-vase-01-DES\set-s01-ry-goods-vase-01-DES.g1mx
0xB207CE9E,Plugins\FieldEditor4\LAND\RONIN_OBJECT\MHE_TMD4\set-cmn-g-throwdonou-01-DES\set-cmn-g-throwdonou-01-DES.g1mx
0xB2112DD0,Plugins\FieldEditor4\LAND\TWILIGHT_OBJECT\MHE_TMD4\set-s010-hill-stone-06\set-s010-hill-stone-06.g1p
0xB2164BB4,Plugins\FieldEditor4\LAND\DAYLIGHT_SEN_OBJECT\MHE_TMD4\set-sen-cmn-tea-house-signboard-DES\set-sen-cmn-tea-house-signboard-DES.g1cox
0xB224150A,Plugins\FieldEditor4\LAND\RONIN_OBJECT\MHE_TMD4\set-cmn-g-s02-edo-knd-obj-01a-DES\set-cmn-g-s02-edo-knd-obj-01a-DES.g1p
0xB2299E19,Plugins\FieldEditor4\LAND\RONIN_OBJECT03\MHE_TMD4\set-s810-tresure-dish-06-DES\set-s810-tresure-dish-06-DES.g1cox
0xB2318E38,Plugins\FieldEditor4\LAND\RONIN_OBJECT03\MHE_TMD4\set-s01-ysk-objects-00-cabinets10-DES\set-s01-ysk-objects-00-cabinets10-DES.g1p
0xB2760F61,Plugins\FieldEditor4\LAND\RONIN_OBJECT03\MHE_TMD4\set-s02-edo-ysw-objects-bonsai-01a-DES\set-s02-edo-ysw-objects-bonsai-01a-DES.g1cox
0xB2B295CE,Plugins\FieldEditor4\LAND\DAYLIGHT_SEN_HOUSE\MHE_TMD4\set-sen-sai-build-pillar-01-DES\set-sen-sai-build-pillar-01-DES.g1p
0xB2C90D6A,Plugins\FieldEditor4\LAND\RONIN_OBJECT\MHE_TMD4\set-s01-ykp-shop-kajiya-obj-01\set-s01-ykp-shop-kajiya-obj-01.g1mx
0xB2D8B66E,Plugins\FieldEditor4\LAND\RONIN_OBJECT\MHE_TMD4\set-s01-hod-inn-objects-00-bucket02\set-s01-hod-inn-objects-00-bucket02.g1cox
0xB2DEF706,Plugins\FieldEditor4\LAND\RONIN_OBJECT\MHE_TMD4\set-s170-goods-pail-04-break-DES\set-s170-goods-pail-04-break-DES.g1cox
0xB3007052,Plugins\FieldEditor4\LAND\RONIN_OBJECT03\MHE_TMD4\set-s02-ykhm-objects-11-bin01-DES\set-s02-ykhm-objects-11-bin01-DES.g1mx
0xB305ADEC,Plugins\FieldEditor4\LAND\RONIN_OBJECT03\MHE_TMD4\set-cmn-kyt-objects-lifegoods-01a-DES\set-cmn-kyt-objects-lifegoods-01a-DES.g1mx
0xB30EEDC0,Plugins\FieldEditor4\LAND\RONIN_OBJECT\MHE_TMD4\set-bky-temple-shoji-03b-DES\set-bky-temple-shoji-03b-DES.g1mx
0xB3111D2D,Plugins\FieldEditor4\LAND\DAYLIGHT_SEN_OBJECT\MHE_TMD4\set-sen-cmn-goods-tea-02-DES\set-sen-cmn-goods-tea-02-DES.g1cox
0xB31F8688,Plugins\FieldEditor4\LAND\RONIN_OBJECT03\MHE_TMD4\set-EX-kitchen-table06\set-EX-kitchen-table06.g1p
0xB3633B6E,Plugins\FieldEditor4\LAND\TWILIGHT_OBJECT\MHE_TMD4\set-general-placement-18\set-general-placement-18.g1p
0xB378C497,Plugins\FieldEditor4\LAND\RONIN_OBJECT\MHE_TMD4\set-s01-ykp-shop-kajiya-object-11a-DES\set-s01-ykp-shop-kajiya-object-11a-DES.g1p
0xB38D8C7C,Plugins\FieldEditor4\LAND\DAYLIGHT_SEN_HOUSE\MHE_TMD4\set-sen-cmn-hotel-door-04-DES\set-sen-cmn-hotel-door-04-DES.g1p
0xB3994730,Plugins\FieldEditor4\LAND\RONIN_OBJECT03\MHE_TMD4\set-s01-hod-inn-door-02b-break02-DES\set-s01-hod-inn-door-02b-break02-DES.g1cox
0xB39B26DF,Plugins\FieldEditor4\LAND\RONIN_OBJECT03\MHE_TMD4\set-s02-ykhm-objects-63-table05-DES\set-s02-ykhm-objects-63-table05-DES.g1p
0xB3B82050,Plugins\FieldEditor4\LAND\DAYLIGHT_CMN_GENERAL\MHE_TMD4\set-gdt-hei-hell-ice-01a-DES\set-gdt-hei-hell-ice-01a-DES.g1mx
0xB3BCBDB3,Plugins\FieldEditor4\LAND\TWILIGHT_OBJECT\MHE_TMD4\set-s010-bg-gm-02\set-s010-bg-gm-02.g1cox
0xB3C73064,Plugins\FieldEditor4\LAND\DRAFT_MODEL_CONTAINER\MHE_TMD4\set-general-placement-16-bk\set-general-placement-16-bk.g1p
0xB3C9855B,Plugins\FieldEditor4\LAND\RONIN_OBJECT03\MHE_TMD4\set-s010-furnace-goods00-DES\set-s010-furnace-goods00-DES.g1cox
0xB3D2C228,Plugins\FieldEditor4\LAND\RONIN_OBJECT\MHE_TMD4\set-s01-ykp-goods-02-DES\set-s01-ykp-goods-02-DES.g1cox
0xB445E1FD,Plugins\FieldEditor4\LAND\DAYLIGHT_SEN_OBJECT\MHE_TMD4\set-sen-cha-shelf-01-DES\set-sen-cha-shelf-01-DES.g1mx
0xB46C77C4,Plugins\FieldEditor4\LAND\RONIN_OBJECT\MHE_TMD4\set-s01-ykp-goods-02-DES\set-s01-ykp-goods-02-DES.g1p
0xB478D315,Plugins\FieldEditor4\LAND\DAYLIGHT_CMN_GENERAL\MHE_TMD4\set-MS-FAB-general-rollingsnowball-01\set-MS-FAB-general-rollingsnowball-01.g1p
0xB56DA55B,Plugins\FieldEditor4\LAND\RONIN_OBJECT\MHE_TMD4\set-s01-ykp-objects-16-radish02-DES\set-s01-ykp-objects-16-radish02-DES.g1mx
0xB57618AA,Plugins\FieldEditor4\LAND\TWILIGHT_OBJECT\MHE_TMD4\set-s010-bg-gm-07\set-s010-bg-gm-07.g1p
0xB57691C6,Plugins\FieldEditor4\LAND\RONIN_OBJECT\MHE_TMD4\set-s170-goods-pail-03-DES\set-s170-goods-pail-03-DES.g1cox
0xB58E1C33,Plugins\FieldEditor4\LAND\TWILIGHT_OBJECT\MHE_TMD4\set-s010-hill-stone-05\set-s010-hill-stone-05.g1cox
0xB5972AB1,Plugins\FieldEditor4\LAND\RONIN_OBJECT\MHE_TMD4\set-s01-ykp-shop-kajiya-object-01a-DES\set-s01-ykp-shop-kajiya-object-01a-DES.g1mx
0xB5A7A6FE,Plugins\FieldEditor4\LAND\DAYLIGHT_CMN_GENERAL\MHE_TMD4\set-gatling-01-GADGET\set-gatling-01-GADGET.g1mx
0xB5EBD8F0,Plugins\FieldEditor4\LAND\DAYLIGHT_CMN_PLANTHICHI\MHE_TMD4\set-dyl-tree-boss-small-01-DES\set-dyl-tree-boss-small-01-DES.g1p
0xB637BFE0,Plugins\FieldEditor4\LAND\RONIN_OBJECT\MHE_TMD4\set-s01-ysk-objects-00-wood01-DES\set-s01-ysk-objects-00-wood01-DES.g1mx
0xB658A29E,Plugins\FieldEditor4\LAND\RONIN_OBJECT\MHE_TMD4\set-s01-ysk-objects-00-cabinets08-DES\set-s01-ysk-objects-00-cabinets08-DES.g1p
0xB65ED757,Plugins\FieldEditor4\LAND\DAYLIGHT_CMN_GENERAL\MHE_TMD4\set-S130-barrel-gunpowder-02\set-S130-barrel-gunpowder-02.g1mx
0xB660A2FD,Plugins\FieldEditor4\LAND\RONIN_OBJECT03\MHE_TMD4\set-csl-goods-pot-06b-DES\obj-csl-goods-pot-06b-DES.g1p
0xB674145A,Plugins\FieldEditor4\LAND\RONIN_OBJECT\MHE_TMD4\set-s02-ykhm-objects-16-blinds00-DES\set-s02-ykhm-objects-16-blinds00-DES.g1mx
0xB681CEC8,Plugins\FieldEditor4\LAND\RONIN_OBJECT03\MHE_TMD4\set-csl-goods-pot-02b-DES\obj-csl-goods-pot-02b-DES.g1mx
0xB69BF682,Plugins\FieldEditor4\LAND\RONIN_OBJECT03\MHE_TMD4\set-s02-ykhm-objects-39-table04-DES\set-s02-ykhm-objects-39-table04-DES.g1mx
0xB6A08F71,Plugins\FieldEditor4\LAND\TWILIGHT_OBJECT\MHE_TMD4\set-S350-haniwa-a03\set-S350-haniwa-a03.g1cox
0xB6AC9DC2,Plugins\FieldEditor4\LAND\DAYLIGHT_SEN_OBJECT\MHE_TMD4\set-MS-sen-htmt-coral-02b-DES\set-MS-sen-htmt-coral-02b-DES.g1mx
0xB6B1DF5D,Plugins\FieldEditor4\LAND\TWILIGHT_OBJECT\MHE_TMD4\set-general-goods-byobu-01\set-general-goods-byobu-01.g1mx
0xB6DB5689,Plugins\FieldEditor4\LAND\RONIN_OBJECT03\MHE_TMD4\set-s01-sakr-goods-dish01-DES\set-s01-sakr-goods-dish01-DES.g1p
0xB702FD11,Plugins\FieldEditor4\LAND\DAYLIGHT_BAK_HELL\MHE_TMD4\set-bak-cmn-hell-needle-01b-DES\set-bak-cmn-hell-needle-01b-DES.g1mx
0xB71B12AE,Plugins\FieldEditor4\LAND\RONIN_OBJECT03\MHE_TMD4\set-s02-edo-ysw-object-folding-screen-01-DES\set-s02-edo-ysw-object-folding-screen-01-DES.g1p
0xB74AFB3E,Plugins\FieldEditor4\LAND\RONIN_OBJECT03\MHE_TMD4\set-s01-ysk-shoji-01-ref-break01-DES\set-s01-ysk-shoji-01-ref-break01-DES.g1mx
0xB7591736,Plugins\FieldEditor4\LAND\RONIN_OBJECT03\MHE_TMD4\set-cmn-mib-flag-03b\set-cmn-mib-flag-03b.g1cox
0xB763D4C2,Plugins\FieldEditor4\LAND\RONIN_OBJECT\MHE_TMD4\set-s02-ykhm-objects-00-dish07-DES\set-s02-ykhm-objects-00-dish07-DES.g1mx
0xB77230B1,Plugins\FieldEditor4\LAND\DAYLIGHT_BAK_OBJECT\MHE_TMD4\set-bak-yukaku-goods-screen-01-DES\set-bak-yukaku-goods-screen-01-DES.g1mx
0xB7857830,Plugins\FieldEditor4\LAND\RONIN_OBJECT03\MHE_TMD4\set-s01-ykp-flag-02b\set-s01-ykp-flag-02b.g1mx
0xB78F23DF,Plugins\FieldEditor4\LAND\RONIN_OBJECT02\MHE_TMD4\set-csl-goods-shoji-01-DES\set-csl-goods-shoji-01-DES.g1mx
0xB7BF925F,Plugins\FieldEditor4\LAND\DAYLIGHT_CMN_GENERAL\MHE_TMD4\set-cmn-gdt-syugorei-rock-M01\set-cmn-gdt-syugorei-rock-M01.g1p
0xB7E670FD,Plugins\FieldEditor4\LAND\RONIN_OBJECT03\MHE_TMD4\set-s170-goods-cloth-10-DES\set-s170-goods-cloth-10-DES.g1p
0xB81FA199,Plugins\FieldEditor4\LAND\RONIN_OBJECT03\MHE_TMD4\set-s170-goods-vase-01-DES\set-s170-goods-vase-01-DES.g1mx
0xB84D5F62,Plugins\FieldEditor4\LAND\DAYLIGHT_SEN_OBJECT\MHE_TMD4\set-sen-msk-ruins-DES-01\set-sen-msk-ruins-DES-01.g1cox
0xB863EE61,Plugins\FieldEditor4\LAND\RONIN_OBJECT\MHE_TMD4\set-s02-edo-ysw-object-kimono-01-DES\set-s02-edo-ysw-object-kimono-01-DES.g1p
0xB86E7F08,Plugins\FieldEditor4\LAND\RONIN_OBJECT\MHE_TMD4\set-s01-ykp-shop-goods-01a-DES\set-s01-ykp-shop-goods-01a-DES.g1cox
0xB8968821,Plugins\FieldEditor4\LAND\RONIN_OBJECT\MHE_TMD4\set-s01-china-goods-chair-01a-DES\set-s01-china-goods-chair-01a-DES.g1mx
0xB8BF09CE,Plugins\FieldEditor4\LAND\RONIN_OBJECT03\MHE_TMD4\set-csl-goods-screen-03-DES\set-csl-goods-screen-03-DES.g1p
0xB8E24C15,Plugins\FieldEditor4\LAND\RONIN_OBJECT03\MHE_TMD4\set-s050-box-05\set-s050-box-05.g1p
0xB8F08EE4,Plugins\FieldEditor4\LAND\RONIN_OBJECT\MHE_TMD4\set-csl-goods-pail-04-DES\set-csl-goods-pail-04-DES.g1p
0xB8F219B3,Plugins\FieldEditor4\LAND\DAYLIGHT_SEN_OBJECT\MHE_TMD4\set-hre-fusuma-02a-DES\set-hre-fusuma-02a-DES.g1mx
0xB9159EA3,Plugins\FieldEditor4\LAND\DAYLIGHT_SEN_HOUSE\MHE_TMD4\set-sen-ryt-temple-01-door-02-DES\set-sen-ryt-temple-01-door-02-DES.g1p
0xB91BE282,Plugins\FieldEditor4\LAND\RONIN_LIGHT\MHE_TMD4\set-ykak-tourou-02-DES\set-ykak-tourou-02-DES.g1mx
0xB92CB7C9,Plugins\FieldEditor4\LAND\TWILIGHT_OBJECT\MHE_TMD4\set-S060-obj-f-01b\set-S060-obj-f-01b.g1p
0xB9576AEF,Plugins\FieldEditor4\LAND\RONIN_OBJECT03\MHE_TMD4\set-s01-ysk-shoji-01-ref-break01-DES\set-s01-ysk-shoji-01-ref-break01-DES.g1cox
0xB9945E16,Plugins\FieldEditor4\LAND\TWILIGHT_LIGHT\MHE_TMD4\set-bonfire-bamboo-01\set-bonfire-bamboo-01.g1mx
0xB9A48C1B,Plugins\FieldEditor4\LAND\RONIN_OBJECT\MHE_TMD4\set-csl-goods-weapon-spear-DES\set-csl-goods-weapon-spear-DES.g1p
0xB9C12F8C,Plugins\FieldEditor4\LAND\TWILIGHT_PLANTHICHI\MHE_TMD4\set-s050-tree-boss-small-01\set-s050-tree-boss-small-01.g1cox
0xB9CB256E,Plugins\FieldEditor4\LAND\RONIN_OBJECT03\MHE_TMD4\set-s02-ykhm-objects-10-woodbox02-DES\set-s02-ykhm-objects-10-woodbox02-DES.g1p
0xB9CED518,Plugins\FieldEditor4\LAND\TWILIGHT_OBJECT\MHE_TMD4\set-S800-bowl-01\set-S800-bowl-01.g1p
0xB9F6D831,Plugins\FieldEditor4\LAND\RONIN_OBJECT\MHE_TMD4\set-s01-ykw-fishing-objects-02-basket-01-DES\set-s01-ykw-fishing-objects-02-basket-01-DES.g1mx
0xBA6DD5FD,Plugins\FieldEditor4\LAND\RONIN_OBJECT\MHE_TMD4\set-s01-ykp-port-goods-01-break-DES\set-s01-ykp-port-goods-01-break-DES.g1p
0xBA7113A0,Plugins\FieldEditor4\LAND\RONIN_OBJECT\MHE_TMD4\set-cmn-fish-02a-DES\obj-cmn-fish-02a-DES.g1p
0xBA93F720,Plugins\FieldEditor4\LAND\RONIN_OBJECT03\MHE_TMD4\set-s02-ykhm-objects-44-scaffolding01-DES\set-s02-ykhm-objects-44-scaffolding01-DES.g1cox
0xBAA514D6,Plugins\FieldEditor4\LAND\RONIN_OBJECT\MHE_TMD4\set-s02-ykhm-objects-10-clothesline-03\set-s02-ykhm-objects-10-clothesline-03.g1cox
0xBAB065A2,Plugins\FieldEditor4\LAND\RONIN_OBJECT\MHE_TMD4\set-cmn-edo-obj-pail-01a\set-cmn-edo-obj-pail-01a.g1mx
0xBAC556B2,Plugins\FieldEditor4\LAND\RONIN_OBJECT\MHE_TMD4\set-s01-ykw-fishing-objects-02-basket-02-DES\set-s01-ykw-fishing-objects-02-basket-02-DES.g1mx
0xBAE9C65B,Plugins\FieldEditor4\LAND\RONIN_OBJECT03\MHE_TMD4\set-s01-sakr-goods-dish06-DES\set-s01-sakr-goods-dish06-DES.g1mx
0xBAEB604A,Plugins\FieldEditor4\LAND\RONIN_OBJECT03\MHE_TMD4\set-s01-china-goods-vial-01f-DES\set-s01-china-goods-vial-01f-DES.g1mx
0xBB0A0420,Plugins\FieldEditor4\LAND\DAYLIGHT_EDO_OBJECT\MHE_TMD4\set-edo-edojo-pot-02-DES\set-edo-edojo-pot-02-DES.g1mx
0xBB0B83FD,Plugins\FieldEditor4\LAND\RONIN_OBJECT\MHE_TMD4\set-s01-sksh-objects-00-rice-break-DES\set-s01-sksh-objects-00-rice-break-DES.g1cox
0xBB168744,Plugins\FieldEditor4\LAND\RONIN_OBJECT03\MHE_TMD4\set-csl-goods-pot-03b-DES\obj-csl-goods-pot-03b-DES.g1cox
0xBB1B5AD8,Plugins\FieldEditor4\LAND\DAYLIGHT_SEN_OBJECT\MHE_TMD4\set-sen-cha-basket-03-DES\set-sen-cha-basket-03-DES.g1cox
0xBB93D533,Plugins\FieldEditor4\LAND\RONIN_OBJECT\MHE_TMD4\set-s01-ykw-fishing-objects-02-basket-03-DES\set-s01-ykw-fishing-objects-02-basket-03-DES.g1mx
0xBBA84648,Plugins\FieldEditor4\LAND\RONIN_OBJECT02\MHE_TMD4\set-csl-goods-shoji-01-break03-DES\set-csl-goods-shoji-01-break03-DES.g1p
0xBC15612E,Plugins\FieldEditor4\LAND\RONIN_OBJECT\MHE_TMD4\set-csl-goods-pot-05b-DES\obj-csl-goods-pot-05b-DES.g1mx
0xBC39A372,Plugins\FieldEditor4\LAND\DAYLIGHT_CMN_PLANTINS\MHE_TMD4\set-dyl-tree-boss-small-01-DES-i\set-dyl-tree-boss-small-01-DES-i.g1cox
0xBC4E2246,Plugins\FieldEditor4\LAND\RONIN_OBJECT\MHE_TMD4\set-s170-goods-shelf-02-dest01-DES\set-s170-goods-shelf-02-dest01-DES.g1p
0xBC59C1EB,Plugins\FieldEditor4\LAND\RONIN_OBJECT\MHE_TMD4\set-s02-ykhm-objects-00-dish07-DES\set-s02-ykhm-objects-00-dish07-DES.g1cox
0xBCA6A364,Plugins\FieldEditor4\LAND\DAYLIGHT_CMN_GENERAL\MHE_TMD4\set-MS-gdt-syugorei-rock-L01\set-MS-gdt-syugorei-rock-L01.g1cox
0xBCB5AABC,Plugins\FieldEditor4\LAND\TWILIGHT_OBJECT\MHE_TMD4\set-general-goods-byobu-02\set-general-goods-byobu-02.g1mx
0xBCB9B951,Plugins\FieldEditor4\LAND\TWILIGHT_OBJECT\MHE_TMD4\set-s050-box-06\set-s050-box-06.g1p
0xBCBE672F,Plugins\FieldEditor4\LAND\RONIN_OBJECT03\MHE_TMD4\set-s01-sakr-objects-fusuma00-02-DES\set-s01-sakr-objects-fusuma00-02-DES.g1p
0xBCC172D2,Plugins\FieldEditor4\LAND\RONIN_OBJECT\MHE_TMD4\set-cmn-jp-obj-table-01a-DES\set-cmn-jp-obj-table-01a-DES.g1mx
0xBCD87ED2,Plugins\FieldEditor4\LAND\RONIN_OBJECT03\MHE_TMD4\set-s02-edo-ysw-objects-flower-01a\set-s02-edo-ysw-objects-flower-01a.g1cox
0xBCEF424C,Plugins\FieldEditor4\LAND\TWILIGHT_OBJECT\MHE_TMD4\set-general-goods-byobu-01\set-general-goods-byobu-01.g1p
0xBCF57678,Plugins\FieldEditor4\LAND\DAYLIGHT_BAK_OBJECT\MHE_TMD4\set-bak-yukaku-goods-screen-01-DES\set-bak-yukaku-goods-screen-01-DES.g1p
0xBCF6658A,Plugins\FieldEditor4\LAND\RONIN_OBJECT02\MHE_TMD4\set-csl-goods-shoji-01-DES\set-csl-goods-shoji-01-DES.g1p
0xBD1BC25B,Plugins\FieldEditor4\LAND\RONIN_OBJECT\MHE_TMD4\set-csl-goods-pot-05b-DES\obj-csl-goods-pot-05b-DES.g1p
0xBD2D0593,Plugins\FieldEditor4\LAND\RONIN_OBJECT03\MHE_TMD4\set-s02-ykhm-close-objects-04a-DES\set-s02-ykhm-close-objects-04a-DES.g1mx
0xBD5D2556,Plugins\FieldEditor4\LAND\DAYLIGHT_CMN_GENERAL\MHE_TMD4\set-MS-ryt-gdt-tourou-DES\set-MS-ryt-gdt-tourou-DES.g1p
0xBD5F890F,Plugins\FieldEditor4\LAND\RONIN_OBJECT03\MHE_TMD4\set-s01-ykp-vase-00-DES\set-s01-ykp-vase-00-DES.g1mx
0xBD76233B,Plugins\FieldEditor4\LAND\RONIN_OBJECT03\MHE_TMD4\set-s02-ykhm-close-objects-05a-DES\set-s02-ykhm-close-objects-05a-DES.g1cox
0xBD8D41E5,Plugins\FieldEditor4\LAND\RONIN_OBJECT\MHE_TMD4\set-csl-goods-pot-04-DES\set-csl-goods-pot-04-DES.g1cox
0xBDBC010C,Plugins\FieldEditor4\LAND\RONIN_OBJECT\MHE_TMD4\set-csl-goods-screen-04-DES\set-csl-goods-screen-04-DES.g1p
0xBDE3210F,Plugins\FieldEditor4\LAND\DAYLIGHT_CMN_GENERAL\MHE_TMD4\set-S070-kumotamago-a-01\set-S070-kumotamago-a-01.g1p
0xBDE79590,Plugins\FieldEditor4\LAND\RONIN_OBJECT03\MHE_TMD4\set-s01-sakr-goods-dish08-DES\set-s01-sakr-goods-dish08-DES.g1p
0xBE16E3DC,Plugins\FieldEditor4\LAND\DAYLIGHT_BAK_OBJECT\MHE_TMD4\set-bak-yukaku-goods-screen-01-DES\set-bak-yukaku-goods-screen-01-DES.g1cox
0xBE5DC9AC,Plugins\FieldEditor4\LAND\TWILIGHT_OBJECT\MHE_TMD4\set-s060-hole-goods-sacks-05\set-s060-hole-goods-sacks-05.g1mx
0xBE956C06,Plugins\FieldEditor4\LAND\RONIN_OBJECT\MHE_TMD4\set-s170-goods-pail-02-DES\set-s170-goods-pail-02-DES.g1mx
0xBEA7C961,Plugins\FieldEditor4\LAND\RONIN_OBJECT03\MHE_TMD4\set-s02-ykhm-objects-00-stall-03-DES\set-s02-ykhm-objects-00-stall-03-DES.g1mx
0xBED2EE9D,Plugins\FieldEditor4\LAND\DAYLIGHT_CMN_GENERAL\MHE_TMD4\set-general-rollingstone-01\set-general-rollingstone-01.g1cox
0xBED6506E,Plugins\FieldEditor4\LAND\RONIN_OBJECT03\MHE_TMD4\set-s02-edo-knd-obj-three-01-DES\set-s02-edo-knd-obj-three-01-DES.g1mx
0xBEDBCC82,Plugins\FieldEditor4\LAND\DAYLIGHT_KOD_OBJECT\MHE_TMD4\set-kod-goods-03-DES\set-kod-goods-03-DES.g1cox
0xBEE63E8A,Plugins\FieldEditor4\LAND\RONIN_OBJECT02\MHE_TMD4\set-csl-goods-shoji-01-break01-DES\set-csl-goods-shoji-01-break01-DES.g1p
0xBEEF749A,Plugins\FieldEditor4\LAND\DAYLIGHT_SEN_OBJECT\MHE_TMD4\set-sen-cmn-light-03-DES\set-sen-cmn-light-03-DES.g1p
0xBF40985F,Plugins\FieldEditor4\LAND\RONIN_OBJECT\MHE_TMD4\set-s01-sksh-wood-objects-01a-DES\set-s01-sksh-wood-objects-01a-DES.g1mx
0xBF97BA2D,Plugins\FieldEditor4\LAND\RONIN_OBJECT\MHE_TMD4\set-s02-ykhm-objects-00-dish05-DES\set-s02-ykhm-objects-00-dish05-DES.g1cox
0xBFA86029,Plugins\FieldEditor4\LAND\DAYLIGHT_CMN_GENERAL\MHE_TMD4\set-MS-gdt-syugorei-rock-L01\set-MS-gdt-syugorei-rock-L01.g1mx
0xBFBA9B4B,Plugins\FieldEditor4\LAND\DAYLIGHT_KOD_OBJECT\MHE_TMD4\set-kod-goods-03-DES\set-kod-goods-03-DES.g1mx
0xBFD45514,Plugins\FieldEditor4\LAND\DAYLIGHT_CMN_GENERAL\MHE_TMD4\set-general-rolling-gunpowder-01\set-general-rolling-gunpowder-01.g1mx
0xBFDA38E7,Plugins\FieldEditor4\LAND\DRAFT_MODEL_CONTAINER\MHE_TMD4\set-s120-hole-box-01\set-s120-hole-box-01.g1p
0xBFE449C3,Plugins\FieldEditor4\LAND\RONIN_OBJECT\MHE_TMD4\set-s01-ykp-watervat-01-DES\set-s01-ykp-watervat-01-DES.g1p
0xBFFE083B,Plugins\FieldEditor4\LAND\DAYLIGHT_SEN_HOUSE\MHE_TMD4\set-sen-cmn-hotel-door-03-DES\set-sen-cmn-hotel-door-03-DES.g1p
0xC0124E7D,Plugins\FieldEditor4\LAND\RONIN_OBJECT03\MHE_TMD4\set-s01-ykp-shop-drug-object-22a-DES\set-s01-ykp-shop-drug-object-22a-DES.g1p
0xC03FE7AA,Plugins\FieldEditor4\LAND\RONIN_OBJECT03\MHE_TMD4\set-s01-ysk-shoji-02-ref-DES\set-s01-ysk-shoji-02-ref-DES.g1p
0xC047FBF3,Plugins\FieldEditor4\LAND\TWILIGHT_OBJECT\MHE_TMD4\set-s030-tana-01\set-s030-tana-01.g1cox
0xC06C8C3D,Plugins\FieldEditor4\LAND\RONIN_OBJECT03\MHE_TMD4\set-s01-ykp-flag-02b\set-s01-ykp-flag-02b.g1cox
0xC06DDB25,Plugins\FieldEditor4\LAND\RONIN_OBJECT03\MHE_TMD4\set-EX-kitchen-crock01-DES\set-EX-kitchen-crock01-DES.g1cox
0xC087966F,Plugins\FieldEditor4\LAND\DAYLIGHT_BAK_OBJECT\MHE_TMD4\set-bak-cho-inn-door-02a-DES\set-bak-cho-inn-door-02a-DES.g1cox
0xC09E1067,Plugins\FieldEditor4\LAND\RONIN_OBJECT\MHE_TMD4\set-s01-ykp-watervat-01-DES\set-s01-ykp-watervat-01-DES.g1cox
0xC0B35121,Plugins\FieldEditor4\LAND\RONIN_OBJECT03\MHE_TMD4\set-s170-goods-cloth-10-DES\set-s170-goods-cloth-10-DES.g1cox
0xC0BE61F2,Plugins\FieldEditor4\LAND\TWILIGHT_OBJECT\MHE_TMD4\set-s030-tana-00\set-s030-tana-00.g1cox
0xC0D95DBB,Plugins\FieldEditor4\LAND\TWILIGHT_OBJECT\MHE_TMD4\set-s010-bg-gm-03\set-s010-bg-gm-03.g1mx
0xC0EC21EA,Plugins\FieldEditor4\LAND\DAYLIGHT_BAK_OBJECT\MHE_TMD4\set-bak-abu-goods-03-DES\set-bak-abu-goods-03-DES.g1p
0xC0FBB6D8,Plugins\FieldEditor4\LAND\TWILIGHT_OBJECT\MHE_TMD4\set-s060-hole-goods-14\set-s060-hole-goods-14.g1p
0xC1095ABB,Plugins\FieldEditor4\LAND\RONIN_OBJECT\MHE_TMD4\set-s01-ykp-objects-17-radish03-DES\set-s01-ykp-objects-17-radish03-DES.g1mx
0xC148A7C8,Plugins\FieldEditor4\LAND\RONIN_OBJECT03\MHE_TMD4\set-s02-ykhm-close-objects-41a\set-s02-ykhm-close-objects-41a.g1mx
0xC172DB4C,Plugins\FieldEditor4\LAND\RONIN_OBJECT03\MHE_TMD4\set-s01-ykp-shop-kajiya-obj-06\set-s01-ykp-shop-kajiya-obj-06.g1mx
0xC1741291,Plugins\FieldEditor4\LAND\RONIN_OBJECT\MHE_TMD4\set-csl-goods-cookware-02-DES\set-csl-goods-cookware-02-DES.g1p
0xC1803F43,Plugins\FieldEditor4\LAND\RONIN_OBJECT03\MHE_TMD4\set-s01-ykp-port-goods-03-DES\set-s01-ykp-port-goods-03-DES.g1p
0xC1845D78,Plugins\FieldEditor4\LAND\RONIN_OBJECT03\MHE_TMD4\set-s01-ykp-flag-02c\set-s01-ykp-flag-02c.g1p
0xC198566E,Plugins\FieldEditor4\LAND\RONIN_OBJECT02\MHE_TMD4\set-csl-goods-shoji-01-DES\set-csl-goods-shoji-01-DES.g1cox
0xC1AA960E,Plugins\FieldEditor4\LAND\RONIN_OBJECT03\MHE_TMD4\set-csl-goods-weapon-11-DES\set-csl-goods-weapon-11-DES.g1mx
0xC1B19078,Plugins\FieldEditor4\LAND\RONIN_OBJECT03\MHE_TMD4\set-s170-goods-box-04-DES\set-s170-goods-box-04-DES.g1mx
0xC1EFD22D,Plugins\FieldEditor4\LAND\RONIN_OBJECT\MHE_TMD4\set-csl-goods-desk-01-DES\set-csl-goods-desk-01-DES.g1mx
0xC1F94BD9,Plugins\FieldEditor4\LAND\DAYLIGHT_CMN_GENERAL\MHE_TMD4\set-general-rolling-gunpowder-01\set-general-rolling-gunpowder-01.g1cox
0xC24161C3,Plugins\FieldEditor4\LAND\RONIN_OBJECT03\MHE_TMD4\set-s01-ykp-shop-drug-object-13a-DES\set-s01-ykp-shop-drug-object-13a-DES.g1cox
0xC250430C,Plugins\FieldEditor4\LAND\RONIN_OBJECT03\MHE_TMD4\set-s170-goods-vase-05-DES\set-s170-goods-vase-05-DES.g1p
0xC287BA81,Plugins\FieldEditor4\LAND\TWILIGHT_OBJECT\MHE_TMD4\set-general-placement-10-bk\set-general-placement-10-bk.g1cox
0xC29A2909,Plugins\FieldEditor4\LAND\DAYLIGHT_SEN_OBJECT\MHE_TMD4\set-MS-sen-htmt-coral-01c-DES\set-MS-sen-htmt-coral-01c-DES.g1cox
0xC2A621BC,Plugins\FieldEditor4\LAND\RONIN_OBJECT03\MHE_TMD4\set-s02-ykhm-objects-00-bag01-DES\set-s02-ykhm-objects-00-bag01-DES.g1cox
0xC2B9761B,Plugins\FieldEditor4\LAND\TWILIGHT_OBJECT\MHE_TMD4\set-general-goods-byobu-03\set-general-goods-byobu-03.g1mx
0xC2C2D1A5,Plugins\FieldEditor4\LAND\RONIN_OBJECT\MHE_TMD4\set-s01-ykp-goods-01-DES\set-s01-ykp-goods-01-DES.g1p
0xC2CEC58A,Plugins\FieldEditor4\LAND\RONIN_OBJECT\MHE_TMD4\set-s01-hod-inn-objects-00-bucket02\set-s01-hod-inn-objects-00-bucket02.g1p
0xC2D5B26F,Plugins\FieldEditor4\LAND\RONIN_OBJECT\MHE_TMD4\set-s02-ykhm-objects-00-dish03-DES\set-s02-ykhm-objects-00-dish03-DES.g1cox
0xC2E210A8,Plugins\FieldEditor4\LAND\RONIN_OBJECT\MHE_TMD4\set-s01-ykp-shop-goods-05a-DES\set-s01-ykp-shop-goods-05a-DES.g1p
0xC2EE5056,Plugins\FieldEditor4\LAND\RONIN_OBJECT\MHE_TMD4\set-s01-ykp-tableware-05-DES\set-s01-ykp-tableware-05-DES.g1p
0xC2F1747B,Plugins\FieldEditor4\LAND\RONIN_OBJECT\MHE_TMD4\set-csl-goods-bonsai-01-DES\set-csl-goods-bonsai-01-DES.g1p
0xC2F2E6B6,Plugins\FieldEditor4\LAND\RONIN_OBJECT\MHE_TMD4\set-csl-goods-cookware-03-DES\set-csl-goods-cookware-03-DES.g1cox
0xC2FA031D,Plugins\FieldEditor4\LAND\RONIN_OBJECT\MHE_TMD4\set-csl-goods-box-02-DES\set-csl-goods-box-02-DES.g1cox
0xC33FF752,Plugins\FieldEditor4\LAND\RONIN_OBJECT\MHE_TMD4\set-s01-goods-cask-01-DES\set-s01-goods-cask-01-DES.g1mx
0xC34FD273,Plugins\FieldEditor4\LAND\RONIN_OBJECT03\MHE_TMD4\set-s02-ykhm-objects-06-jars03-DES\set-s02-ykhm-objects-06-jars03-DES.g1mx
0xC3595FF9,Plugins\FieldEditor4\LAND\RONIN_OBJECT03\MHE_TMD4\set-ykak-goods-chair-02-DES\set-ykak-goods-chair-02-DES.g1mx
0xC3A52AB6,Plugins\FieldEditor4\LAND\RONIN_OBJECT\MHE_TMD4\set-s01-china-goods-table-01b-DES\set-s01-china-goods-table-01b-DES.g1cox
0xC3B3710F,Plugins\FieldEditor4\LAND\DAYLIGHT_KOD_OBJECT\MHE_TMD4\set-kod-sakimori-03-DES\set-kod-sakimori-03-DES.g1p
0xC3BD188C,Plugins\FieldEditor4\LAND\RONIN_OBJECT\MHE_TMD4\set-s01-ykp-shop-kajiya-object-06a-DES\set-s01-ykp-shop-kajiya-object-06a-DES.g1mx
0xC3C42AF8,Plugins\FieldEditor4\LAND\TWILIGHT_OBJECT\MHE_TMD4\set-S070-bf-wreck-04\set-S070-bf-wreck-04.g1p
0xC3CC728B,Plugins\FieldEditor4\LAND\TWILIGHT_OBJECT\MHE_TMD4\set-s010-bg-gm-06\set-s010-bg-gm-06.g1p
0xC4005D93,Plugins\FieldEditor4\LAND\DAYLIGHT_CMN_GENERAL\MHE_TMD4\set-MS-ryt-gdt-tourou-DES\set-MS-ryt-gdt-tourou-DES.g1mx
0xC41EE2C9,Plugins\FieldEditor4\LAND\RONIN_LIGHT\MHE_TMD4\set-csl-goods-light-06-DES\set-csl-goods-light-06-DES.g1cox
0xC48FB2D8,Plugins\FieldEditor4\LAND\RONIN_OBJECT03\MHE_TMD4\set-ykak-goods-chair-03-DES\set-ykak-goods-chair-03-DES.g1mx
0xC496A1AD,Plugins\FieldEditor4\LAND\DAYLIGHT_CMN_GENERAL\MHE_TMD4\set-hell-soranaki-kusabi-a01-DES\set-hell-soranaki-kusabi-a01-DES.g1mx
0xC4A37744,Plugins\FieldEditor4\LAND\RONIN_OBJECT\MHE_TMD4\set-cmn-kyt-obj-Village-goods-01-DES\set-cmn-kyt-obj-Village-goods-01-DES.g1cox
0xC4C82EFC,Plugins\FieldEditor4\LAND\RONIN_OBJECT\MHE_TMD4\set-csl-goods-shelf-02-DES\set-csl-goods-shelf-02-DES.g1cox
0xC4DB1DFF,Plugins\FieldEditor4\LAND\DRAFT_MODEL_CONTAINER\MHE_TMD4\set-S050-fbbox-01\set-S050-fbbox-01.g1cox
0xC4EA7CD0,Plugins\FieldEditor4\LAND\RONIN_OBJECT03\MHE_TMD4\set-cmn-mib-flag-01b\set-cmn-mib-flag-01b.g1p
0xC4EF48CB,Plugins\FieldEditor4\LAND\RONIN_OBJECT03\MHE_TMD4\set-csl-goods-tool-08-DES\set-csl-goods-tool-08-DES.g1cox
0xC5080B71,Plugins\FieldEditor4\LAND\RONIN_OBJECT03\MHE_TMD4\set-s01-ykp-shop-kajiya-obj-04-DES\set-s01-ykp-shop-kajiya-obj-04-DES.g1cox
0xC525FAF6,Plugins\FieldEditor4\LAND\RONIN_OBJECT\MHE_TMD4\set-s02-ykhm-objects-00-pail01-DES\set-s02-ykhm-objects-00-pail01-DES.g1mx
0xC541FC76,Plugins\FieldEditor4\LAND\TWILIGHT_OBJECT\MHE_TMD4\set-s050-box-04\set-s050-box-04.g1mx
0xC5464A92,Plugins\FieldEditor4\LAND\RONIN_OBJECT03\MHE_TMD4\set-s02-edo-ysw-object-folding-screen-01-DES\set-s02-edo-ysw-object-folding-screen-01-DES.g1cox
0xC5B4055D,Plugins\FieldEditor4\LAND\DAYLIGHT_SEN_OBJECT\MHE_TMD4\set-sen-cmn-objects-cabinet-02b-DES\set-sen-cmn-objects-cabinet-02b-DES.g1p
0xC60754C3,Plugins\FieldEditor4\LAND\RONIN_OBJECT\MHE_TMD4\set-s01-ykp-stall-06-DES\obj-s01-ykp-stall-06-DES.g1cox
0xC60DA97A,Plugins\FieldEditor4\LAND\RONIN_OBJECT03\MHE_TMD4\set-s01-ysk-objects-00-woodbox02-DES\set-s01-ysk-objects-00-woodbox02-DES.g1p
0xC613AAB1,Plugins\FieldEditor4\LAND\RONIN_OBJECT\MHE_TMD4\set-s02-ykhm-objects-00-dish01-DES\set-s02-ykhm-objects-00-dish01-DES.g1cox
0xC6252A75,Plugins\FieldEditor4\LAND\RONIN_OBJECT\MHE_TMD4\set-s02-ykhm-objects-10-clothesline-01\set-s02-ykhm-objects-10-clothesline-01.g1mx
0xC6593013,Plugins\FieldEditor4\LAND\RONIN_OBJECT\MHE_TMD4\set-s02-ykhm-objects-18-blinds02-DES\set-s02-ykhm-objects-18-blinds02-DES.g1cox
0xC6673381,Plugins\FieldEditor4\LAND\TWILIGHT_OBJECT\MHE_TMD4\set-general-placement-03-bk\set-general-placement-03-bk.g1p
0xC66B3D6A,Plugins\FieldEditor4\LAND\RONIN_OBJECT\MHE_TMD4\set-s02-ykhm-objects-00-dish04-DES\set-s02-ykhm-objects-00-dish04-DES.g1p
0xC6857E6C,Plugins\FieldEditor4\LAND\DAYLIGHT_SEN_OBJECT\MHE_TMD4\set-sen-cmn-objects-cabinet-02b-DES\set-sen-cmn-objects-cabinet-02b-DES.g1mx
0xC68AA630,Plugins\FieldEditor4\LAND\RONIN_OBJECT03\MHE_TMD4\set-s02-ykhm-objects-watertank-42a\set-s02-ykhm-objects-watertank-42a.g1mx
0xC6BF307E,Plugins\FieldEditor4\LAND\RONIN_OBJECT03\MHE_TMD4\set-s01-ykp-shop-kajiya-object-33a-DES\set-s01-ykp-shop-kajiya-object-33a-DES.g1cox
0xC6D05BED,Plugins\FieldEditor4\LAND\TWILIGHT_OBJECT\MHE_TMD4\set-s010-bg-gm-08\set-s010-bg-gm-08.g1cox
0xC6F034A7,Plugins\FieldEditor4\LAND\RONIN_OBJECT\MHE_TMD4\set-s02-edo-skr-obj-04a\set-s02-edo-skr-obj-04a.g1cox
0xC70BA39F,Plugins\FieldEditor4\LAND\RONIN_OBJECT\MHE_TMD4\set-s02-ykhm-objects-55-fabric04-DES\set-s02-ykhm-objects-55-fabric04-DES.g1p
0xC75BDC09,Plugins\FieldEditor4\LAND\RONIN_OBJECT03\MHE_TMD4\set-s01-china-goods-vial-01e-DES\set-s01-china-goods-vial-01e-DES.g1mx
0xC787695D,Plugins\FieldEditor4\LAND\RONIN_OBJECT03\MHE_TMD4\set-s01-ykp-shop-kajiya-object-21a-DES\set-s01-ykp-shop-kajiya-object-21a-DES.g1cox
0xC7C40F22,Plugins\FieldEditor4\LAND\DAYLIGHT_SEN_HOUSE\MHE_TMD4\set-sen-ryt-temple-01-door-01-DES\set-sen-ryt-temple-01-door-01-DES.g1p
0xC7E4B16C,Plugins\FieldEditor4\LAND\TWILIGHT_OBJECT\MHE_TMD4\set-general-placement-01\set-general-placement-01.g1cox
0xC7E901EE,Plugins\FieldEditor4\LAND\RONIN_OBJECT03\MHE_TMD4\set-s01-ykp-shop-photo-obj-chair01-DES\set-s01-ykp-shop-photo-obj-chair01-DES.g1p
0xC8282024,Plugins\FieldEditor4\LAND\RONIN_LIGHT\MHE_TMD4\set-csl-goods-light-06-DES\set-csl-goods-light-06-DES.g1mx
0xC8302ECB,Plugins\FieldEditor4\LAND\RONIN_OBJECT03\MHE_TMD4\set-MS-feudaljapan-tourou-01-DES\set-MS-feudaljapan-tourou-01-DES.g1p
0xC854D809,Plugins\FieldEditor4\LAND\RONIN_OBJECT\MHE_TMD4\set-s170-goods-shelf-02-dest02-DES\set-s170-goods-shelf-02-dest02-DES.g1cox
0xC85DA6A9,Plugins\FieldEditor4\LAND\TWILIGHT_OBJECT\MHE_TMD4\set-general-placement-07-bk\set-general-placement-07-bk.g1cox
0xC8944E71,Plugins\FieldEditor4\LAND\RONIN_OBJECT03\MHE_TMD4\set-s03-kin-flag-02b\set-s03-kin-flag-02b.g1cox
0xC8B16220,Plugins\FieldEditor4\LAND\RONIN_OBJECT03\MHE_TMD4\set-s170-goods-table-04\set-s170-goods-table-04.g1cox
0xC8BF52D8,Plugins\FieldEditor4\LAND\DAYLIGHT_CMN_HELL\MHE_TMD4\set-gdt-hell-kusabi-a01-DES\set-gdt-hell-kusabi-a01-DES.g1p
0xC8D6CC31,Plugins\FieldEditor4\LAND\RONIN_OBJECT\MHE_TMD4\set-s02-chdojo-objects-radish-02-DES\set-s02-chdojo-objects-radish-02-DES.g1p
0xC91B044B,Plugins\FieldEditor4\LAND\TWILIGHT_OBJECT\MHE_TMD4\set-general-placement-11\set-general-placement-11.g1cox
0xC9395502,Plugins\FieldEditor4\LAND\TWILIGHT_OBJECT\MHE_TMD4\set-S060-obj-f-03b\set-S060-obj-f-03b.g1mx
0xC93CBCDC,Plugins\FieldEditor4\LAND\RONIN_OBJECT\MHE_TMD4\set-s01-sksh-objects-00-rice00-DES\set-s01-sksh-objects-00-rice00-DES.g1cox
0xC959E9CF,Plugins\FieldEditor4\LAND\TWILIGHT_OBJECT\MHE_TMD4\set-S800-bowl-03\set-S800-bowl-03.g1mx
0xC95A2914,Plugins\FieldEditor4\LAND\RONIN_OBJECT\MHE_TMD4\set-s01-tatara-straw-01a\set-s01-tatara-straw-01a.g1p
0xC96F4115,Plugins\FieldEditor4\LAND\TWILIGHT_OBJECT\MHE_TMD4\set-s010-bg-gm-11\set-s010-bg-gm-11.g1cox
0xC98A1C14,Plugins\FieldEditor4\LAND\DAYLIGHT_CMN_GENERAL\MHE_TMD4\set-MS-gdt-sen-brokenrock-01\set-MS-gdt-sen-brokenrock-01.g1cox
0xCA03AC01,Plugins\FieldEditor4\LAND\RONIN_OBJECT03\MHE_TMD4\set-EX-kitchen-crock01-DES\set-EX-kitchen-crock01-DES.g1p
0xCA267DA3,Plugins\FieldEditor4\LAND\DAYLIGHT_CMN_GENERAL\MHE_TMD4\set-gjt-hell-bosatu-01\set-gjt-hell-bosatu-01.g1cox
0xCA349F30,Plugins\FieldEditor4\LAND\RONIN_OBJECT\MHE_TMD4\set-s01-ykp-shop-kajiya-object-13a-DES\set-s01-ykp-shop-kajiya-object-13a-DES.g1mx
0xCA8852B7,Plugins\FieldEditor4\LAND\RONIN_OBJECT03\MHE_TMD4\set-csl-goods-book-02\obj-csl-goods-book-02.g1cox
0xCAA2128A,Plugins\FieldEditor4\LAND\TWILIGHT_OBJECT\MHE_TMD4\set-general-placement-03\set-general-placement-03.g1p
0xCAA66F4A,Plugins\FieldEditor4\LAND\DAYLIGHT_KOD_LIGHT\MHE_TMD4\set-kod-ocha-andon-01-DES\set-kod-ocha-andon-01-DES.g1p
0xCAA9806F,Plugins\FieldEditor4\LAND\DRAFT_MODEL_CONTAINER\MHE_TMD4\set-s050-goods-rice-01\set-s050-goods-rice-01.g1cox
0xCAB89737,Plugins\FieldEditor4\LAND\RONIN_OBJECT03\MHE_TMD4\set-s170-goods-cookware-02-DES\set-s170-goods-cookware-02-DES.g1p
0xCAC8D786,Plugins\FieldEditor4\LAND\RONIN_OBJECT03\MHE_TMD4\set-s01-sks-weapon-01a\set-s01-sks-weapon-01a.g1p
0xCACF238E,Plugins\FieldEditor4\LAND\DAYLIGHT_CMN_PLANTINS\MHE_TMD4\set-dyl-tree-boss-small-01-DES-i\set-dyl-tree-boss-small-01-DES-i.g1p
0xCAFE0B02,Plugins\FieldEditor4\LAND\RONIN_OBJECT\MHE_TMD4\set-cmn-kyt-obj-sign-01-DES\set-cmn-kyt-obj-sign-01-DES.g1mx
0xCB12A5E7,Plugins\FieldEditor4\LAND\RONIN_OBJECT03\MHE_TMD4\set-s01-ykp-port-goods-03-DES\set-s01-ykp-port-goods-03-DES.g1cox
0xCB13E0D2,Plugins\FieldEditor4\LAND\RONIN_OBJECT\MHE_TMD4\set-csl-goods-box-04-DES\set-csl-goods-box-04-DES.g1mx
0xCB433D8F,Plugins\FieldEditor4\LAND\RONIN_OBJECT\MHE_TMD4\set-s01-ykp-tableware-01-DES\set-s01-ykp-tableware-01-DES.g1mx
0xCB4640B5,Plugins\FieldEditor4\LAND\DAYLIGHT_EDO_OBJECT\MHE_TMD4\set-edo-edojo-box-03-DES\set-edo-edojo-box-03-DES.g1mx
0xCB476D4E,Plugins\FieldEditor4\LAND\RONIN_OBJECT03\MHE_TMD4\set-s170-goods-box-01-DES\set-s170-goods-box-01-DES.g1p
0xCC1016BC,Plugins\FieldEditor4\LAND\RONIN_OBJECT03\MHE_TMD4\set-s01-ykp-shop-kajiya-object-24a-DES\set-s01-ykp-shop-kajiya-object-24a-DES.g1p
0xCC2B840A,Plugins\FieldEditor4\LAND\RONIN_OBJECT03\MHE_TMD4\set-s02-kdc-objects-torture-16a-DES\set-s02-kdc-objects-torture-16a-DES.g1mx
0xCC56C704,Plugins\FieldEditor4\LAND\RONIN_OBJECT03\MHE_TMD4\set-s01-mit-shoji-01-DES\set-s01-mit-shoji-01-DES.g1mx
0xCC6E83FA,Plugins\FieldEditor4\LAND\DAYLIGHT_SEN_HOUSE\MHE_TMD4\set-sen-cmn-hotel-door-02-DES\set-sen-cmn-hotel-door-02-DES.g1p
0xCCE7332E,Plugins\FieldEditor4\LAND\DAYLIGHT_CMN_HELL\MHE_TMD4\set-hell-sotoba-02\set-hell-sotoba-02.g1p
0xCD0B9C0B,Plugins\FieldEditor4\LAND\TWILIGHT_OBJECT\MHE_TMD4\set-S800-rubble-dest-01\set-S800-rubble-dest-01.g1mx
0xCD2BD5EC,Plugins\FieldEditor4\LAND\RONIN_LIGHT\MHE_TMD4\set-csl-goods-candle-01-DES\set-csl-goods-candle-01-DES.g1mx
0xCD555B89,Plugins\FieldEditor4\LAND\RONIN_OBJECT\MHE_TMD4\set-bky-temple-shoji-03b-DES\set-bky-temple-shoji-03b-DES.g1p
0xCD5639E0,Plugins\FieldEditor4\LAND\RONIN_OBJECT03\MHE_TMD4\set-s02-ykhm-objects-00-stall-02-DES\set-s02-ykhm-objects-00-stall-02-DES.g1mx
0xCD933733,Plugins\FieldEditor4\LAND\RONIN_OBJECT\MHE_TMD4\set-s01-ysk-objects-00-jars03-DES\set-s01-ysk-objects-00-jars03-DES.g1mx
0xCD945F67,Plugins\FieldEditor4\LAND\RONIN_OBJECT\MHE_TMD4\set-cmn-edo-obj-pail-01a\set-cmn-edo-obj-pail-01a.g1p
0xCD950C57,Plugins\FieldEditor4\LAND\RONIN_OBJECT\MHE_TMD4\set-s01-ykw-fishing-objects-02-basket-02-DES\set-s01-ykw-fishing-objects-02-basket-02-DES.g1p
0xCDA50F0D,Plugins\FieldEditor4\LAND\TWILIGHT_OBJECT\MHE_TMD4\set-general-goods-byobu-02\set-general-goods-byobu-02.g1p
0xCDD47715,Plugins\FieldEditor4\LAND\RONIN_OBJECT\MHE_TMD4\set-s02-ykhm-objects-32-cups01-DES\set-s02-ykhm-objects-32-cups01-DES.g1cox
0xCDDB9476,Plugins\FieldEditor4\LAND\RONIN_OBJECT03\MHE_TMD4\set-s02-ykhm-objects-06-jars03-DES\set-s02-ykhm-objects-06-jars03-DES.g1p
0xCDF631D9,Plugins\FieldEditor4\LAND\TWILIGHT_OBJECT\MHE_TMD4\set-s060-hole-goods-weapon-01\set-s060-hole-goods-weapon-01.g1mx
0xCDFD0020,Plugins\FieldEditor4\LAND\RONIN_OBJECT03\MHE_TMD4\set-s01-china-goods-vial-01e-DES\set-s01-china-goods-vial-01e-DES.g1p
0xCE1D55F4,Plugins\FieldEditor4\LAND\DAYLIGHT_EDO_OBJECT\MHE_TMD4\set-edo-edojo-box-03-DES\set-edo-edojo-box-03-DES.g1p
0xCE2D0392,Plugins\FieldEditor4\LAND\RONIN_OBJECT\MHE_TMD4\set-s01-sksh-close-objects-04a\set-s01-sksh-close-objects-04a.g1cox
0xCE3DB775,Plugins\FieldEditor4\LAND\RONIN_OBJECT03\MHE_TMD4\set-csl-goods-pail-03\set-csl-goods-pail-03.g1mx
0xCE58CF0A,Plugins\FieldEditor4\LAND\TWILIGHT_OBJECT\MHE_TMD4\set-s140-shield-05\set-s140-shield-05.g1p
0xCEA2C35E,Plugins\FieldEditor4\LAND\RONIN_OBJECT03\MHE_TMD4\set-cmn-kyt-object-tsukemono-01-DES\set-cmn-kyt-object-tsukemono-01-DES.g1p
0xCEA32859,Plugins\FieldEditor4\LAND\RONIN_OBJECT\MHE_TMD4\set-s01-ysk-objects-00-stove01-DES\set-s01-ysk-objects-00-stove01-DES.g1p
0xCEAF514F,Plugins\FieldEditor4\LAND\RONIN_OBJECT03\MHE_TMD4\set-S810-tresure-vase-01\set-S810-tresure-vase-01.g1p
0xCEC39AFA,Plugins\FieldEditor4\LAND\RONIN_LIGHT\MHE_TMD4\set-s01-ykak-goods-light-01-DES\set-s01-ykak-goods-light-01-DES.g1cox
0xCEC40CD1,Plugins\FieldEditor4\LAND\RONIN_OBJECT\MHE_TMD4\set-s02-chdojo-objects-cloth-02a-DES\set-s02-chdojo-objects-cloth-02a-DES.g1p
0xCEF0F073,Plugins\FieldEditor4\LAND\TWILIGHT_OBJECT\MHE_TMD4\set-general-placement-08\set-general-placement-08.g1cox
0xCF019467,Plugins\FieldEditor4\LAND\RONIN_OBJECT03\MHE_TMD4\set-csl-goods-weapon-04\obj-csl-goods-weapon-04.g1mx
0xCF05D4BF,Plugins\FieldEditor4\LAND\TWILIGHT_OBJECT\MHE_TMD4\set-s010-bg-gm-07\set-s010-bg-gm-07.g1mx
0xCF05F2D8,Plugins\FieldEditor4\LAND\RONIN_OBJECT03\MHE_TMD4\set-s01-ykp-objects-15-radish01-DES\set-s01-ykp-objects-15-radish01-DES.g1mx
0xCF2CE32E,Plugins\FieldEditor4\LAND\RONIN_OBJECT\MHE_TMD4\set-s01-ysk-objects-00-strawmats05\set-s01-ysk-objects-00-strawmats05.g1cox
0xCF3A8B8B,Plugins\FieldEditor4\LAND\RONIN_OBJECT\MHE_TMD4\set-s170-goods-vase-03-DES\set-s170-goods-vase-03-DES.g1p
0xCF459B08,Plugins\FieldEditor4\LAND\TWILIGHT_OBJECT\MHE_TMD4\set-s140-shield-03\set-s140-shield-03.g1p
0xCF4AD33D,Plugins\FieldEditor4\LAND\RONIN_OBJECT\MHE_TMD4\set-csl-goods-desk-02-DES\set-csl-goods-desk-02-DES.g1p
0xCF7CF89D,Plugins\FieldEditor4\LAND\RONIN_OBJECT\MHE_TMD4\set-csl-goods-screen-04-DES\set-csl-goods-screen-04-DES.g1mx
0xCF921065,Plugins\FieldEditor4\LAND\RONIN_OBJECT\MHE_TMD4\set-s170-goods-pail-04-DES\set-s170-goods-pail-04-DES.g1cox
0xCFAD032D,Plugins\FieldEditor4\LAND\RONIN_OBJECT\MHE_TMD4\set-s01-hod-inn-objects-00-bucket01\set-s01-hod-inn-objects-00-bucket01.g1cox
0xCFC2BEA4,Plugins\FieldEditor4\LAND\RONIN_OBJECT03\MHE_TMD4\set-cmn-kyt-shrine-flag-02a\set-cmn-kyt-shrine-flag-02a.g1mx
0xCFE9D6AE,Plugins\FieldEditor4\LAND\RONIN_OBJECT03\MHE_TMD4\set-csl-goods-sword-02-DES\set-csl-goods-sword-02-DES.g1p
0xD0274352,Plugins\FieldEditor4\LAND\TWILIGHT_OBJECT\MHE_TMD4\set-general-placement-18\set-general-placement-18.g1cox
0xD02B73A3,Plugins\FieldEditor4\LAND\RONIN_OBJECT\MHE_TMD4\set-s01-ykp-shop-drug-object-27a-DES\set-s01-ykp-shop-drug-object-27a-DES.g1cox
0xD044CC40,Plugins\FieldEditor4\LAND\RONIN_OBJECT\MHE_TMD4\set-s02-ykhm-objects-00-dish05-DES\set-s02-ykhm-objects-00-dish05-DES.g1mx
0xD0A035BE,Plugins\FieldEditor4\LAND\DRAFT_MODEL_CONTAINER\MHE_TMD4\set-s050-goods-rice-01\set-s050-goods-rice-01.g1mx
0xD0B96EB1,Plugins\FieldEditor4\LAND\RONIN_OBJECT\MHE_TMD4\set-csl-goods-screen-05-DES\set-csl-goods-screen-05-DES.g1cox
0xD0EFD242,Plugins\FieldEditor4\LAND\RONIN_OBJECT03\MHE_TMD4\set-s01-ykp-shop-drug-object-12a-DES\set-s01-ykp-shop-drug-object-12a-DES.g1cox
0xD0F27E03,Plugins\FieldEditor4\LAND\RONIN_OBJECT\MHE_TMD4\set-s02-edo-skr-obj-04a\set-s02-edo-skr-obj-04a.g1p
0xD0F731CA,Plugins\FieldEditor4\LAND\RONIN_OBJECT03\MHE_TMD4\set-csl-goods-pot-04b-DES\obj-csl-goods-pot-04b-DES.g1mx
0xD1182525,Plugins\FieldEditor4\LAND\RONIN_LIGHT\MHE_TMD4\set-s03-kyt-cmn-objects-light-andon-03a-DES\set-s03-kyt-cmn-objects-light-andon-03a-DES.g1p
0xD1192B86,Plugins\FieldEditor4\LAND\RONIN_OBJECT\MHE_TMD4\set-s01-ykp-goods-00-DES\set-s01-ykp-goods-00-DES.g1p
0xD1259F22,Plugins\FieldEditor4\LAND\RONIN_OBJECT03\MHE_TMD4\set-csl-goods-pot-01b-DES\obj-csl-goods-pot-01b-DES.g1p
0xD12883D8,Plugins\FieldEditor4\LAND\TWILIGHT_OBJECT\MHE_TMD4\set-General-water-tub00\set-General-water-tub00.g1cox
0xD13298C3,Plugins\FieldEditor4\LAND\RONIN_OBJECT\MHE_TMD4\set-s010-furnace-goods00\set-s010-furnace-goods00.g1mx
0xD1329987,Plugins\FieldEditor4\LAND\RONIN_OBJECT\MHE_TMD4\set-s02-ykhm-objects-01-basket01-DES\set-s02-ykhm-objects-01-basket01-DES.g1mx
0xD1605DEF,Plugins\FieldEditor4\LAND\RONIN_OBJECT03\MHE_TMD4\set-s01-ysk-objects-00-woodbox02-DES\set-s01-ysk-objects-00-woodbox02-DES.g1mx
0xD16DD100,Plugins\FieldEditor4\LAND\RONIN_LIGHT\MHE_TMD4\set-s02-ykhm-objects-57-light01-DES\set-s02-ykhm-objects-57-light01-DES.g1p
0xD16E3A25,Plugins\FieldEditor4\LAND\RONIN_OBJECT03\MHE_TMD4\set-csl-goods-weapon-06\obj-csl-goods-weapon-06.g1mx
0xD1755C3D,Plugins\FieldEditor4\LAND\TWILIGHT_OBJECT\MHE_TMD4\set-S350-haniwa-a04\set-S350-haniwa-a04.g1mx
0xD17D3609,Plugins\FieldEditor4\LAND\RONIN_OBJECT\MHE_TMD4\set-s01-hod-inn-objects-00-bucket01\set-s01-hod-inn-objects-00-bucket01.g1p
0xD1AC666D,Plugins\FieldEditor4\LAND\TWILIGHT_OBJECT\MHE_TMD4\set-s010-bg-gm-15\set-s010-bg-gm-15.g1p
0xD1AE8B49,Plugins\FieldEditor4\LAND\RONIN_OBJECT\MHE_TMD4\set-csl-goods-pot-05-DES\set-csl-goods-pot-05-DES.g1mx
0xD1CE2C44,Plugins\FieldEditor4\LAND\RONIN_OBJECT03\MHE_TMD4\set-s01-ykp-goods-04-DES\set-s01-ykp-goods-04-DES.g1mx
0xD1F2427D,Plugins\FieldEditor4\LAND\RONIN_OBJECT03\MHE_TMD4\set-EX-kitchen-jug02-DES\set-EX-kitchen-jug02-DES.g1mx
0xD1F85A71,Plugins\FieldEditor4\LAND\DAYLIGHT_KOD_OBJECT\MHE_TMD4\set-MS-kod-sakimori-01b-DES\set-MS-kod-sakimori-01b-DES.g1cox
0xD1FADB32,Plugins\FieldEditor4\LAND\RONIN_OBJECT03\MHE_TMD4\set-s01-ykp-flag-02d\set-s01-ykp-flag-02d.g1mx
0xD1FD2FEC,Plugins\FieldEditor4\LAND\RONIN_OBJECT03\MHE_TMD4\set-EX-kitchen-table06\set-EX-kitchen-table06.g1cox
0xD222CC6C,Plugins\FieldEditor4\LAND\TWILIGHT_OBJECT\MHE_TMD4\set-s010-bg-gm-05\set-s010-bg-gm-05.g1p
0xD24E7F6C,Plugins\FieldEditor4\LAND\RONIN_OBJECT03\MHE_TMD4\set-cmn-obj-taru-01a-DES\set-cmn-obj-taru-01a-DES.g1p
0xD26AB47D,Plugins\FieldEditor4\LAND\DAYLIGHT_CMN_GENERAL\MHE_TMD4\set-GGT-s0310-bamboo-M-02-DES\set-GGT-s0310-bamboo-M-02-DES.g1mx
0xD2789C7B,Plugins\FieldEditor4\LAND\DAYLIGHT_SEN_OBJECT\MHE_TMD4\set-hre-fusuma-01a-DES\set-hre-fusuma-01a-DES.g1cox
0xD279EA5F,Plugins\FieldEditor4\LAND\TWILIGHT_OBJECT\MHE_TMD4\set-s140-shield-05\set-s140-shield-05.g1mx
0xD2A758FF,Plugins\FieldEditor4\LAND\RONIN_OBJECT\MHE_TMD4\set-s02-ykhm-objects-56-fabric05-DES\set-s02-ykhm-objects-56-fabric05-DES.g1p
0xD2B77841,Plugins\FieldEditor4\LAND\RONIN_OBJECT\MHE_TMD4\set-s01-ykp-shop-drug-object-14a-DES\set-s01-ykp-shop-drug-object-14a-DES.g1cox
0xD30D9852,Plugins\FieldEditor4\LAND\DAYLIGHT_SEN_OBJECT\MHE_TMD4\set-hre-fusuma-02b-DES\set-hre-fusuma-02b-DES.g1mx
0xD31086C1,Plugins\FieldEditor4\LAND\RONIN_OBJECT\MHE_TMD4\set-csl-goods-table-01-DES\set-csl-goods-table-01-DES.g1cox
0xD3178FF4,Plugins\FieldEditor4\LAND\RONIN_OBJECT03\MHE_TMD4\set-s170-goods-vase-01-DES\set-s170-goods-vase-01-DES.g1cox
0xD33A6A0B,Plugins\FieldEditor4\LAND\RONIN_OBJECT03\MHE_TMD4\set-s01-ykp-shop-kajiya-object-15a-DES\set-s01-ykp-shop-kajiya-object-15a-DES.g1mx
0xD3677CB5,Plugins\FieldEditor4\LAND\DAYLIGHT_SEN_OBJECT\MHE_TMD4\set-hre-fusuma-04a-DES\set-hre-fusuma-04a-DES.g1mx
0xD38298DE,Plugins\FieldEditor4\LAND\DAYLIGHT_SEN_HOUSE\MHE_TMD4\set-sen-cmn-hotel-door-02-DES\set-sen-cmn-hotel-door-02-DES.g1cox
0xD38FBDB0,Plugins\FieldEditor4\LAND\DAYLIGHT_SEN_OBJECT\MHE_TMD4\set-sen-cmn-obj-screen-05-DES\set-sen-cmn-obj-screen-05-DES.g1mx
0xD3C4ED6C,Plugins\FieldEditor4\LAND\RONIN_OBJECT\MHE_TMD4\set-s01-ysk-objects-00-table01-DES\set-s01-ysk-objects-00-table01-DES.g1cox
0xD439D8FA,Plugins\FieldEditor4\LAND\DAYLIGHT_CMN_GENERAL\MHE_TMD4\set-S070-kumotamago-a-01\set-S070-kumotamago-a-01.g1mx
0xD449E482,Plugins\FieldEditor4\LAND\RONIN_OBJECT03\MHE_TMD4\set-EX-office-bottle02-DES\set-EX-office-bottle02-DES.g1p
0xD4875BE3,Plugins\FieldEditor4\LAND\TWILIGHT_OBJECT\MHE_TMD4\set-s060-goods-weapon-01\set-s060-goods-weapon-01.g1mx
0xD4958452,Plugins\FieldEditor4\LAND\DAYLIGHT_BAK_OBJECT\MHE_TMD4\set-bak-hnj-BOSS-pillar-02-DES\set-bak-hnj-BOSS-pillar-02-DES.g1p
0xD4C3F499,Plugins\FieldEditor4\LAND\RONIN_OBJECT03\MHE_TMD4\set-s01-sakr-goods-dish08-DES\set-s01-sakr-goods-dish08-DES.g1mx
0xD4D919CC,Plugins\FieldEditor4\LAND\RONIN_OBJECT03\MHE_TMD4\set-s01-umbrella-a-06\set-s01-umbrella-a-06.g1cox
0xD4E46E20,Plugins\FieldEditor4\LAND\RONIN_OBJECT\MHE_TMD4\set-csl-goods-pot-06-break-DES\set-csl-goods-pot-06-break-DES.g1p
0xD505DB19,Plugins\FieldEditor4\LAND\RONIN_OBJECT03\MHE_TMD4\set-s01-sakr-objects-fusuma00-01-DES\set-s01-sakr-objects-fusuma00-01-DES.g1mx
0xD5160DF5,Plugins\FieldEditor4\LAND\RONIN_OBJECT\MHE_TMD4\set-s02-ykhm-objects-10-clothesline-04\set-s02-ykhm-objects-10-clothesline-04.g1cox
0xD51BFC4F,Plugins\FieldEditor4\LAND\RONIN_OBJECT03\MHE_TMD4\set-s170-goods-table-01-DES\set-s170-goods-table-01-DES.g1cox
0xD51EDC0A,Plugins\FieldEditor4\LAND\RONIN_OBJECT03\MHE_TMD4\set-s01-ykp-goods-03-DES\set-s01-ykp-goods-03-DES.g1cox
0xD5207FDF,Plugins\FieldEditor4\LAND\RONIN_OBJECT\MHE_TMD4\set-csl-goods-fusuma-a01-break-DES\set-csl-goods-fusuma-a01-break-DES.g1mx
0xD53205E3,Plugins\FieldEditor4\LAND\RONIN_OBJECT03\MHE_TMD4\set-csl-goods-pot-04b-DES\obj-csl-goods-pot-04b-DES.g1cox
0xD53DDF3D,Plugins\FieldEditor4\LAND\RONIN_OBJECT\MHE_TMD4\set-s01-ysk-objects-00-rope02\set-s01-ysk-objects-00-rope02.g1p
0xD58E6774,Plugins\FieldEditor4\LAND\RONIN_OBJECT03\MHE_TMD4\set-s01-ry-goods-vase-01-DES\set-s01-ry-goods-vase-01-DES.g1p
0xD5A2B822,Plugins\FieldEditor4\LAND\RONIN_OBJECT\MHE_TMD4\set-csl-goods-tea-02-DES\set-csl-goods-tea-02-DES.g1cox
0xD5EC9A5A,Plugins\FieldEditor4\LAND\RONIN_OBJECT03\MHE_TMD4\set-s01-ykp-vase-00-DES\set-s01-ykp-vase-00-DES.g1p
0xD5FF7800,Plugins\FieldEditor4\LAND\DAYLIGHT_CMN_GENERAL\MHE_TMD4\set-MS-gdt-syugorei-rock-L01\set-MS-gdt-syugorei-rock-L01.g1p
0xD60503AD,Plugins\FieldEditor4\LAND\RONIN_OBJECT03\MHE_TMD4\set-s01-sakr-goods-dish01-DES\set-s01-sakr-goods-dish01-DES.g1cox
0xD62CCF93,Plugins\FieldEditor4\LAND\RONIN_OBJECT\MHE_TMD4\set-s02-ykhm-objects-00-pail01-DES\set-s02-ykhm-objects-00-pail01-DES.g1p
0xD667F6C6,Plugins\FieldEditor4\LAND\RONIN_OBJECT03\MHE_TMD4\set-s01-krf-books-01a-DES\set-s01-krf-books-01a-DES.g1cox
0xD674C1CB,Plugins\FieldEditor4\LAND\RONIN_OBJECT03\MHE_TMD4\set-s02-ykhm-objects-00-stall-04-DES\set-s02-ykhm-objects-00-stall-04-DES.g1cox
0xD6981AC9,Plugins\FieldEditor4\LAND\RONIN_OBJECT03\MHE_TMD4\set-s01-ykp-brazier-00-DES\set-s01-ykp-brazier-00-DES.g1mx
0xD6B4413F,Plugins\FieldEditor4\LAND\RONIN_OBJECT03\MHE_TMD4\set-s02-edj-wooden-box-02-DES\obj-s02-edj-wooden-box-02-DES.g1cox
0xD6C38548,Plugins\FieldEditor4\LAND\RONIN_OBJECT\MHE_TMD4\set-s170-goods-shelf-04-dest01-DES\set-s170-goods-shelf-04-dest01-DES.g1p
0xD7416929,Plugins\FieldEditor4\LAND\RONIN_OBJECT\MHE_TMD4\set-s01-ykp-stall-05-DES\obj-s01-ykp-stall-05-DES.g1mx
0xD765FBE1,Plugins\FieldEditor4\LAND\RONIN_OBJECT\MHE_TMD4\set-s170-goods-shelf-04-dest01-DES\set-s170-goods-shelf-04-dest01-DES.g1mx
0xD782F163,Plugins\FieldEditor4\LAND\RONIN_OBJECT03\MHE_TMD4\set-ykak-goods-chair-03\set-ykak-goods-chair-03.g1cox
0xD7B748D6,Plugins\FieldEditor4\LAND\RONIN_OBJECT\MHE_TMD4\set-s01-ykp-shop-kajiya-object-10a-DES\set-s01-ykp-shop-kajiya-object-10a-DES.g1p
0xD7F0DB70,Plugins\FieldEditor4\LAND\RONIN_OBJECT03\MHE_TMD4\set-s170-goods-vase-05-DES\set-s170-goods-vase-05-DES.g1cox
0xD858395D,Plugins\FieldEditor4\LAND\TWILIGHT_OBJECT\MHE_TMD4\set-s060-hole-goods-04\set-s060-hole-goods-04.g1cox
0xD892512C,Plugins\FieldEditor4\LAND\RONIN_OBJECT\MHE_TMD4\set-s01-sksh-wood-objects-03a-DES\set-s01-sksh-wood-objects-03a-DES.g1cox
0xD89C8F3D,Plugins\FieldEditor4\LAND\RONIN_OBJECT03\MHE_TMD4\set-ykak-goods-chair-01\set-ykak-goods-chair-01.g1p
0xD89CD9EA,Plugins\FieldEditor4\LAND\RONIN_OBJECT03\MHE_TMD4\set-s01-ykp-shop-drug-object-13a-DES\set-s01-ykp-shop-drug-object-13a-DES.g1mx
0xD8DEFFB9,Plugins\FieldEditor4\LAND\DAYLIGHT_SEN_HOUSE\MHE_TMD4\set-sen-cmn-hotel-door-01-DES\set-sen-cmn-hotel-door-01-DES.g1p
0xD8FC3655,Plugins\FieldEditor4\LAND\TWILIGHT_OBJECT\MHE_TMD4\set-s010-bg-gm-13-dest\set-s010-bg-gm-13-dest.g1cox
0xD90ACF08,Plugins\FieldEditor4\LAND\RONIN_OBJECT\MHE_TMD4\set-s170-goods-pail-04-DES\set-s170-goods-pail-04-DES.g1mx
0xD924367C,Plugins\FieldEditor4\LAND\RONIN_OBJECT03\MHE_TMD4\set-s01-sakr-objects-shoji-01-DES\set-s01-sakr-objects-shoji-01-DES.g1cox
0xD948D8B5,Plugins\FieldEditor4\LAND\RONIN_OBJECT\MHE_TMD4\set-csl-goods-shelf-05-DES\set-csl-goods-shelf-05-DES.g1p
0xD9655DC9,Plugins\FieldEditor4\LAND\RONIN_OBJECT03\MHE_TMD4\set-EX-kitchen-crock02-DES\set-EX-kitchen-crock02-DES.g1mx
0xD98E8C3C,Plugins\FieldEditor4\LAND\TWILIGHT_OBJECT\MHE_TMD4\set-s060-hole-goods-14\set-s060-hole-goods-14.g1cox
0xD9AA6224,Plugins\FieldEditor4\LAND\RONIN_OBJECT\MHE_TMD4\set-s170-goods-pail-01-DES\set-s170-goods-pail-01-DES.g1p
0xD9BD8F78,Plugins\FieldEditor4\LAND\RONIN_OBJECT\MHE_TMD4\set-s01-sksh-objects-00-rice00-DES\set-s01-sksh-objects-00-rice00-DES.g1p
0xD9BE16D3,Plugins\FieldEditor4\LAND\DAYLIGHT_BAK_LIGHT\MHE_TMD4\set-bak-bonfire-01-DES\set-bak-bonfire-01-DES.g1mx
0xD9C30EFD,Plugins\FieldEditor4\LAND\DAYLIGHT_SEN_OBJECT\MHE_TMD4\set-sen-cmn-objects-cushion-01-DES\set-sen-cmn-objects-cushion-01-DES.g1cox
0xD9DA188A,Plugins\FieldEditor4\LAND\RONIN_OBJECT\MHE_TMD4\set-s01-ykp-shop-goods-03a-DES\set-s01-ykp-shop-goods-03a-DES.g1cox
0xD9FB9BF5,Plugins\FieldEditor4\LAND\RONIN_OBJECT03\MHE_TMD4\set-s810-tresure-dish-06-DES\set-s810-tresure-dish-06-DES.g1p
0xDA07DE24,Plugins\FieldEditor4\LAND\RONIN_OBJECT03\MHE_TMD4\set-cmn-kyt-objects-trashcan-01c-DES\set-cmn-kyt-objects-trashcan-01c-DES.g1mx
0xDA5569D2,Plugins\FieldEditor4\LAND\RONIN_OBJECT03\MHE_TMD4\set-s01-ykp-shop-photo-obj-chair01-DES\set-s01-ykp-shop-photo-obj-chair01-DES.g1cox
0xDA880ADC,Plugins\FieldEditor4\LAND\RONIN_OBJECT03\MHE_TMD4\set-s01-ykp-flag-02c\set-s01-ykp-flag-02c.g1cox
0xDA8959C4,Plugins\FieldEditor4\LAND\RONIN_OBJECT03\MHE_TMD4\set-EX-kitchen-crock02-DES\set-EX-kitchen-crock02-DES.g1cox
0xDA9D5B96,Plugins\FieldEditor4\LAND\DAYLIGHT_CMN_GENERAL\MHE_TMD4\set-S130-barrel-gunpowder-01\set-S130-barrel-gunpowder-01.g1mx
0xDA9EEC40,Plugins\FieldEditor4\LAND\TWILIGHT_OBJECT\MHE_TMD4\set-S060-obj-f-01b-bk\set-S060-obj-f-01b-bk.g1p
0xDAA2B492,Plugins\FieldEditor4\LAND\RONIN_OBJECT03\MHE_TMD4\set-s170-goods-cloth-04-DES\obj-s170-goods-cloth-04-DES.g1mx
0xDAF21E7E,Plugins\FieldEditor4\LAND\RONIN_OBJECT03\MHE_TMD4\set-cmn-tokugawa-flag-02b\set-cmn-tokugawa-flag-02b.g1cox
0xDB0AF567,Plugins\FieldEditor4\LAND\DAYLIGHT_SEN_OBJECT\MHE_TMD4\set-sen-you-goods-shugen-12-DES\set-sen-you-goods-shugen-12-DES.g1p
0xDB222534,Plugins\FieldEditor4\LAND\TWILIGHT_OBJECT\MHE_TMD4\set-s010-hill-stone-06\set-s010-hill-stone-06.g1cox
0xDB2D0D46,Plugins\FieldEditor4\LAND\RONIN_OBJECT03\MHE_TMD4\set-csl-goods-weapon-07-DES\set-csl-goods-weapon-07-DES.g1cox
0xDB3146D9,Plugins\FieldEditor4\LAND\RONIN_OBJECT\MHE_TMD4\set-s02-ykhm-close-objects-23a-DES\set-s02-ykhm-close-objects-23a-DES.g1mx
0xDB348890,Plugins\FieldEditor4\LAND\RONIN_OBJECT\MHE_TMD4\set-s02-chdojo-objects-cloth-01a-DES\set-s02-chdojo-objects-cloth-01a-DES.g1p
0xDB46795C,Plugins\FieldEditor4\LAND\RONIN_OBJECT03\MHE_TMD4\set-s01-ysk-objects-00-cabinets03-DES\set-s01-ysk-objects-00-cabinets03-DES.g1p
0xDB54FFAC,Plugins\FieldEditor4\LAND\RONIN_OBJECT02\MHE_TMD4\set-csl-goods-shoji-01-break03-DES\set-csl-goods-shoji-01-break03-DES.g1cox
0xDB658311,Plugins\FieldEditor4\LAND\TWILIGHT_OBJECT\MHE_TMD4\set-s010-hill-stone-07\set-s010-hill-stone-07.g1p
0xDB6E808B,Plugins\FieldEditor4\LAND\RONIN_OBJECT03\MHE_TMD4\set-cmn-kyt-object-tsukemono-01-DES\set-cmn-kyt-object-tsukemono-01-DES.g1mx
0xDB7ABAF0,Plugins\FieldEditor4\LAND\RONIN_OBJECT\MHE_TMD4\set-s01-ysk-objects-00-stove01-DES\set-s01-ysk-objects-00-stove01-DES.g1mx
0xDBC8C581,Plugins\FieldEditor4\LAND\TWILIGHT_OBJECT\MHE_TMD4\set-S130-hot-springs-tub-02\set-S130-hot-springs-tub-02.g1p
0xDBCD0F17,Plugins\FieldEditor4\LAND\RONIN_OBJECT03\MHE_TMD4\set-s170-goods-box-05-DES\set-s170-goods-box-05-DES.g1mx
0xDBF68FB8,Plugins\FieldEditor4\LAND\RONIN_OBJECT03\MHE_TMD4\set-cmn-mib-flag-02b\set-cmn-mib-flag-02b.g1mx
0xDBFE169E,Plugins\FieldEditor4\LAND\DAYLIGHT_CMN_GENERAL\MHE_TMD4\set-cmn-gdt-syugorei-rock-L01\set-cmn-gdt-syugorei-rock-L01.g1p
0xDC04AA5F,Plugins\FieldEditor4\LAND\RONIN_OBJECT03\MHE_TMD4\set-s02-ykhm-objects-00-stall-01-DES\set-s02-ykhm-objects-00-stall-01-DES.g1mx
0xDC3814C8,Plugins\FieldEditor4\LAND\TWILIGHT_OBJECT\MHE_TMD4\set-general-placement-03-bk\set-general-placement-03-bk.g1mx
0xDC3CAD52,Plugins\FieldEditor4\LAND\RONIN_OBJECT03\MHE_TMD4\set-s02-ykhm-objects-10-woodbox02-DES\set-s02-ykhm-objects-10-woodbox02-DES.g1cox
0xDC637E0A,Plugins\FieldEditor4\LAND\RONIN_OBJECT\MHE_TMD4\set-s010-furnace-goods00\set-s010-furnace-goods00.g1cox
0xDC6395C6,Plugins\FieldEditor4\LAND\RONIN_OBJECT\MHE_TMD4\set-s02-ykhm-objects-01-basket01-DES\set-s02-ykhm-objects-01-basket01-DES.g1cox
0xDC6F5F8A,Plugins\FieldEditor4\LAND\RONIN_OBJECT03\MHE_TMD4\set-s01-sakr-goods-dish02-DES\set-s01-sakr-goods-dish02-DES.g1p
0xDC8DBC02,Plugins\FieldEditor4\LAND\DAYLIGHT_CMN_GENERAL\MHE_TMD4\set-cmn-gdt-summon-tourou-01\set-cmn-gdt-summon-tourou-01.g1mx
0xDCB0D5A5,Plugins\FieldEditor4\LAND\RONIN_OBJECT\MHE_TMD4\set-s02-ykhm-objects-00-fish01\set-s02-ykhm-objects-00-fish01.g1cox
0xDCB547FF,Plugins\FieldEditor4\LAND\RONIN_OBJECT\MHE_TMD4\set-s02-ykhm-objects-00-dish04-DES\set-s02-ykhm-objects-00-dish04-DES.g1mx
0xDCCC4C8B,Plugins\FieldEditor4\LAND\RONIN_OBJECT03\MHE_TMD4\set-csl-goods-vase-04-DES\set-csl-goods-vase-04-DES.g1mx
0xDCE507FF,Plugins\FieldEditor4\LAND\RONIN_OBJECT03\MHE_TMD4\set-csl-goods-shoji-02-DES\set-csl-goods-shoji-02-DES.g1mx
0xDCF3B0BA,Plugins\FieldEditor4\LAND\RONIN_OBJECT03\MHE_TMD4\set-S810-tresure-vase-01\set-S810-tresure-vase-01.g1mx
0xDD481D39,Plugins\FieldEditor4\LAND\DAYLIGHT_CMN_PLANTHICHI\MHE_TMD4\set-dyl-tree-boss-small-01-DES\set-dyl-tree-boss-small-01-DES.g1mx
0xDDB31DFD,Plugins\FieldEditor4\LAND\RONIN_OBJECT\MHE_TMD4\set-csl-goods-shelf-04-dest01-DES\set-csl-goods-shelf-04-dest01-DES.g1p
0xDDC00427,Plugins\FieldEditor4\LAND\RONIN_OBJECT03\MHE_TMD4\set-s02-ykhm-objects-00-stall-04-DES\set-s02-ykhm-objects-00-stall-04-DES.g1p
0xDDD5D475,Plugins\FieldEditor4\LAND\TWILIGHT_OBJECT\MHE_TMD4\set-s050-box-06\set-s050-box-06.g1cox
0xDDF6F70C,Plugins\FieldEditor4\LAND\DAYLIGHT_SEN_OBJECT\MHE_TMD4\set-sen-hidr-rock-02-DES\set-sen-hidr-rock-02-DES.g1mx
0xDE3FD6A6,Plugins\FieldEditor4\LAND\RONIN_OBJECT03\MHE_TMD4\set-YABUSAME-target-01a\set-YABUSAME-target-01a.g1mx
0xDE5ADBCE,Plugins\FieldEditor4\LAND\TWILIGHT_OBJECT\MHE_TMD4\set-general-goods-byobu-03\set-general-goods-byobu-03.g1p
0xDE67EE0D,Plugins\FieldEditor4\LAND\RONIN_OBJECT03\MHE_TMD4\set-s170-goods-tea-01-DES\set-s170-goods-tea-01-DES.g1cox
0xDED213AF,Plugins\FieldEditor4\LAND\RONIN_OBJECT\MHE_TMD4\set-s01-ykp-shop-kajiya-object-25a-DES\set-s01-ykp-shop-kajiya-object-25a-DES.g1mx
0xDEE3AD9B,Plugins\FieldEditor4\LAND\RONIN_OBJECT\MHE_TMD4\set-csl-goods-shelf-03-DES\set-csl-goods-shelf-03-DES.g1cox
0xDEE499F4,Plugins\FieldEditor4\LAND\DAYLIGHT_SEN_OBJECT\MHE_TMD4\set-hre-fusuma-04a-DES\set-hre-fusuma-04a-DES.g1p
0xDF28F107,Plugins\FieldEditor4\LAND\RONIN_OBJECT\MHE_TMD4\set-csl-goods-pail-02-DES\set-csl-goods-pail-02-DES.g1mx
0xDF2CD525,Plugins\FieldEditor4\LAND\DAYLIGHT_SEN_OBJECT\MHE_TMD4\set-sen-you-goods-shugen-07-DES\set-sen-you-goods-shugen-07-DES.g1cox
0xDF74C65B,Plugins\FieldEditor4\LAND\RONIN_OBJECT03\MHE_TMD4\set-cmn-ky-shop-obj-flag-04\set-cmn-ky-shop-obj-flag-04.g1mx
0xDF766578,Plugins\FieldEditor4\LAND\RONIN_OBJECT\MHE_TMD4\set-s02-chdojo-objects-cloth-02a-DES\set-s02-chdojo-objects-cloth-02a-DES.g1mx
0xDF83131B,Plugins\FieldEditor4\LAND\DRAFT_MODEL_CONTAINER\MHE_TMD4\set-s050-box-01\set-s050-box-01.g1cox
0xDF9E42C1,Plugins\FieldEditor4\LAND\RONIN_OBJECT03\MHE_TMD4\set-s01-ykp-shop-drug-object-11a-DES\set-s01-ykp-shop-drug-object-11a-DES.g1cox
0xDFA39D0A,Plugins\FieldEditor4\LAND\RONIN_OBJECT03\MHE_TMD4\set-S01-dojo-goods-target-01-DES\set-S01-dojo-goods-target-01-DES.g1mx
0xDFB0B6DE,Plugins\FieldEditor4\LAND\RONIN_OBJECT\MHE_TMD4\set-cmn-gissha-05\set-cmn-gissha-05.g1p
0xDFBCA391,Plugins\FieldEditor4\LAND\RONIN_OBJECT\MHE_TMD4\set-s02-ykhm-close-objects-09a-DES\set-s02-ykhm-close-objects-09a-DES.g1mx
0xDFCE2FED,Plugins\FieldEditor4\LAND\DAYLIGHT_SEN_NATURE\MHE_TMD4\set-dyl-grass-toutyukasou-02-DES\set-dyl-grass-toutyukasou-02-DES.g1p
0xDFD04086,Plugins\FieldEditor4\LAND\RONIN_OBJECT03\MHE_TMD4\set-s02-ykhm-objects-37-table02-DES\set-s02-ykhm-objects-37-table02-DES.g1mx
0xDFD5882B,Plugins\FieldEditor4\LAND\RONIN_OBJECT03\MHE_TMD4\set-s02-ykhm-objects-14-box01-DES\set-s02-ykhm-objects-14-box01-DES.g1mx
0xDFDB0D65,Plugins\FieldEditor4\LAND\TWILIGHT_OBJECT\MHE_TMD4\set-general-placement-06-bk\set-general-placement-06-bk.g1mx
0xE002C04E,Plugins\FieldEditor4\LAND\TWILIGHT_OBJECT\MHE_TMD4\set-s010-bg-gm-14\set-s010-bg-gm-14.g1p
0xE01C4C22,Plugins\FieldEditor4\LAND\RONIN_OBJECT\MHE_TMD4\set-s170-goods-pail-04-break-DES\set-s170-goods-pail-04-break-DES.g1p
0xE031888C,Plugins\FieldEditor4\LAND\TWILIGHT_OBJECT\MHE_TMD4\set-S350-altar-02-brk\set-S350-altar-02-brk.g1p
0xE03CD387,Plugins\FieldEditor4\LAND\RONIN_OBJECT03\MHE_TMD4\set-s01-china-goods-vial-01c-DES\set-s01-china-goods-vial-01c-DES.g1mx
0xE079264D,Plugins\FieldEditor4\LAND\TWILIGHT_OBJECT\MHE_TMD4\set-s010-bg-gm-04\set-s010-bg-gm-04.g1p
0xE082B220,Plugins\FieldEditor4\LAND\TWILIGHT_OBJECT\MHE_TMD4\set-general-placement-13-bk\set-general-placement-13-bk.g1p
0xE08512B3,Plugins\FieldEditor4\LAND\RONIN_OBJECT\MHE_TMD4\set-s02-ykhm-objects-10-stair-01-DES\set-s02-ykhm-objects-10-stair-01-DES.g1cox
0xE0C3CB66,Plugins\FieldEditor4\LAND\RONIN_OBJECT\MHE_TMD4\set-s01-ry-goods-kithn-chair-00\set-s01-ry-goods-kithn-chair-00.g1p
0xE0CB71D3,Plugins\FieldEditor4\LAND\RONIN_OBJECT\MHE_TMD4\set-s02-edj-sword-01-DES\obj-s02-edj-sword-01-DES.g1cox
0xE10A7710,Plugins\FieldEditor4\LAND\RONIN_OBJECT03\MHE_TMD4\set-s01-ykp-shop-kajiya-object-21a-DES\set-s01-ykp-shop-kajiya-object-21a-DES.g1mx
0xE1116044,Plugins\FieldEditor4\LAND\TWILIGHT_OBJECT\MHE_TMD4\set-general-placement-07-bk\set-general-placement-07-bk.g1mx
0xE11B1179,Plugins\FieldEditor4\LAND\DAYLIGHT_CMN_GENERAL\MHE_TMD4\set-MS-gdt-sen-brokenrock-01\set-MS-gdt-sen-brokenrock-01.g1mx
0xE139B42F,Plugins\FieldEditor4\LAND\TWILIGHT_OBJECT\MHE_TMD4\set-s060-hole-goods-weapon-02\set-s060-hole-goods-weapon-02.g1p
0xE1517FD0,Plugins\FieldEditor4\LAND\RONIN_OBJECT03\MHE_TMD4\set-cmn-obj-taru-01a-DES\set-cmn-obj-taru-01a-DES.g1cox
0xE17C5CB5,Plugins\FieldEditor4\LAND\RONIN_OBJECT03\MHE_TMD4\set-cmn-edo-obj-watertank-01a-DES\set-cmn-edo-obj-watertank-01a-DES.g1cox
0xE17D7A6C,Plugins\FieldEditor4\LAND\RONIN_OBJECT\MHE_TMD4\set-s01-china-goods-chair-01a-DES\set-s01-china-goods-chair-01a-DES.g1cox
0xE1955812,Plugins\FieldEditor4\LAND\TWILIGHT_OBJECT\MHE_TMD4\set-s010-bg-gm-03\set-s010-bg-gm-03.g1cox
0xE1AD3C44,Plugins\FieldEditor4\LAND\RONIN_OBJECT03\MHE_TMD4\set-s01-ykp-shop-kajiya-object-17a-DES\set-s01-ykp-shop-kajiya-object-17a-DES.g1cox
0xE1EE5E5E,Plugins\FieldEditor4\LAND\RONIN_OBJECT03\MHE_TMD4\set-s01-ysk-objects-00-woodbox02-DES\set-s01-ysk-objects-00-woodbox02-DES.g1cox
0xE21AEAE7,Plugins\FieldEditor4\LAND\RONIN_OBJECT03\MHE_TMD4\set-s01-krf-cart-01a-break\set-s01-krf-cart-01a-break.g1p
0xE2358D39,Plugins\FieldEditor4\LAND\DAYLIGHT_CMN_GENERAL\MHE_TMD4\set-MS-FAB-general-rollingsnowball-01\set-MS-FAB-general-rollingsnowball-01.g1cox
0xE2428FD3,Plugins\FieldEditor4\LAND\TWILIGHT_OBJECT\MHE_TMD4\set-s060-hole-goods-weapon-02\set-s060-hole-goods-weapon-02.g1cox
0xE247B323,Plugins\FieldEditor4\LAND\TWILIGHT_OBJECT\MHE_TMD4\set-general-placement-08-bk\set-general-placement-08-bk.g1mx
0xE24BD25A,Plugins\FieldEditor4\LAND\RONIN_OBJECT\MHE_TMD4\set-s060-csl-goods-barrel-01-DES\set-s060-csl-goods-barrel-01-DES.g1p
0xE28B2528,Plugins\FieldEditor4\LAND\DAYLIGHT_BAK_OBJECT\MHE_TMD4\set-bak-abu-BOSS-house-pillar-01-DES\set-bak-abu-BOSS-house-pillar-01-DES.g1mx
0xE2957C58,Plugins\FieldEditor4\LAND\DAYLIGHT_SEN_OBJECT\MHE_TMD4\set-hre-fusuma-01b-DES\set-hre-fusuma-01b-DES.g1p
0xE29589F1,Plugins\FieldEditor4\LAND\DAYLIGHT_SEN_OBJECT\MHE_TMD4\set-sen-cmn-goods-pot-01\set-sen-cmn-goods-pot-01.g1p
0xE2998116,Plugins\FieldEditor4\LAND\DAYLIGHT_CMN_HELL\MHE_TMD4\set-gdt-hell-kusabi-a03-DES\set-gdt-hell-kusabi-a03-DES.g1p
0xE2B2BE9D,Plugins\FieldEditor4\LAND\RONIN_OBJECT03\MHE_TMD4\set-cmn-ky-shop-obj-flag-02\set-cmn-ky-shop-obj-flag-02.g1mx
0xE31003A6,Plugins\FieldEditor4\LAND\RONIN_OBJECT03\MHE_TMD4\set-s01-umbrella-a-01\set-s01-umbrella-a-01.g1mx
0xE3517CE7,Plugins\FieldEditor4\LAND\RONIN_OBJECT03\MHE_TMD4\set-s02-ykhm-objects-54-fabric03-DES\set-s02-ykhm-objects-54-fabric03-DES.g1mx
0xE39C08E8,Plugins\FieldEditor4\LAND\RONIN_OBJECT03\MHE_TMD4\set-csl-goods-weapon-06\obj-csl-goods-weapon-06.g1cox
0xE3E134F8,Plugins\FieldEditor4\LAND\RONIN_LIGHT\MHE_TMD4\set-s170-goods-lantern-03a-inroom-DES\set-s170-goods-lantern-03a-inroom-DES.g1cox
0xE402D3B9,Plugins\FieldEditor4\LAND\RONIN_OBJECT03\MHE_TMD4\set-s02-ykhm-objects-29-pillow01-DES\set-s02-ykhm-objects-29-pillow01-DES.g1mx
0xE45B5C4C,Plugins\FieldEditor4\LAND\RONIN_OBJECT03\MHE_TMD4\set-s02-ykhm-objects-00-flag16\set-s02-ykhm-objects-00-flag16.g1p
0xE45BB61C,Plugins\FieldEditor4\LAND\RONIN_OBJECT03\MHE_TMD4\set-s01-ykp-shop-kajiya-object-20a-DES\set-s01-ykp-shop-kajiya-object-20a-DES.g1cox
0xE47929D0,Plugins\FieldEditor4\LAND\TWILIGHT_OBJECT\MHE_TMD4\set-S350-haniwa-a04\set-S350-haniwa-a04.g1cox
0xE4AB77C3,Plugins\FieldEditor4\LAND\DRAFT_MODEL_CONTAINER\MHE_TMD4\set-ykak-tourou-01-DES\set-ykak-tourou-01-DES.g1mx
0xE4B3D3C6,Plugins\FieldEditor4\LAND\RONIN_OBJECT03\MHE_TMD4\set-s02-edj-cushion-00-DES\set-s02-edj-cushion-00-DES.g1cox
0xE4BD9129,Plugins\FieldEditor4\LAND\TWILIGHT_OBJECT\MHE_TMD4\set-general-placement-13\set-general-placement-13.g1p
0xE4E45625,Plugins\FieldEditor4\LAND\RONIN_OBJECT03\MHE_TMD4\set-s01-sks-weapon-01b\set-s01-sks-weapon-01b.g1p
0xE4EABB31,Plugins\FieldEditor4\LAND\DAYLIGHT_CMN_GENERAL\MHE_TMD4\set-bak-gdt-needle-floor\set-bak-gdt-needle-floor.g1mx
0xE5126A52,Plugins\FieldEditor4\LAND\TWILIGHT_OBJECT\MHE_TMD4\set-S100-brkobj-hanging-scroll-01\set-S100-brkobj-hanging-scroll-01.g1p
0xE5214626,Plugins\FieldEditor4\LAND\DRAFT_MODEL_CONTAINER\MHE_TMD4\set-csl-goods-pot-06-DES\set-csl-goods-pot-06-DES.g1p
0xE53449AB,Plugins\FieldEditor4\LAND\TWILIGHT_OBJECT\MHE_TMD4\set-S060-obj-f-03b\set-S060-obj-f-03b.g1cox
0xE547C1FA,Plugins\FieldEditor4\LAND\DAYLIGHT_BAK_LIGHT\MHE_TMD4\set-bak-bonfire-01-DES\set-bak-bonfire-01-DES.g1cox
0xE5740E92,Plugins\FieldEditor4\LAND\RONIN_OBJECT03\MHE_TMD4\set-csl-goods-sword-02-DES\set-csl-goods-sword-02-DES.g1cox
0xE57AF262,Plugins\FieldEditor4\LAND\RONIN_OBJECT03\MHE_TMD4\set-csl-goods-weapon-07-DES\set-csl-goods-weapon-07-DES.g1p
0xE5835611,Plugins\FieldEditor4\LAND\RONIN_OBJECT03\MHE_TMD4\set-s01-sksh-close-objects-01a-DES\obj-s01-sksh-close-objects-01a-DES.g1p
0xE584D36F,Plugins\FieldEditor4\LAND\RONIN_OBJECT03\MHE_TMD4\set-MS-feudaljapan-tourou-01-DES\set-MS-feudaljapan-tourou-01-DES.g1cox
0xE587004D,Plugins\FieldEditor4\LAND\RONIN_OBJECT03\MHE_TMD4\set-s01-ykp-signboard-01\set-s01-ykp-signboard-01.g1p
0xE5D51571,Plugins\FieldEditor4\LAND\DAYLIGHT_SEN_HOUSE\MHE_TMD4\set-sen-cmn-hotel-window-02-DES\set-sen-cmn-hotel-window-02-DES.g1mx
0xE5E314A6,Plugins\FieldEditor4\LAND\RONIN_OBJECT03\MHE_TMD4\set-s170-goods-lantern-03-inroom\set-s170-goods-lantern-03-inroom.g1mx
0xE5E82F61,Plugins\FieldEditor4\LAND\RONIN_OBJECT\MHE_TMD4\set-s01-ysk-objects-00-rope02\set-s01-ysk-objects-00-rope02.g1cox
0xE6415D85,Plugins\FieldEditor4\LAND\DRAFT_MODEL_CONTAINER\MHE_TMD4\set-csl-goods-pot-01-DES\set-csl-goods-pot-01-DES.g1cox
0xE6AC2ACA,Plugins\FieldEditor4\LAND\RONIN_OBJECT\MHE_TMD4\set-s01-ykp-port-goods-02-DES\set-s01-ykp-port-goods-02-DES.g1mx
0xE6BAD06E,Plugins\FieldEditor4\LAND\RONIN_OBJECT03\MHE_TMD4\set-s01-sakr-goods-dish02-DES\set-s01-sakr-goods-dish02-DES.g1cox
0xE6FC0734,Plugins\FieldEditor4\LAND\RONIN_OBJECT03\MHE_TMD4\set-csl-goods-pail-03\set-csl-goods-pail-03.g1p
0xE745CF3E,Plugins\FieldEditor4\LAND\RONIN_OBJECT\MHE_TMD4\set-s060-csl-goods-barrel-01-DES\set-s060-csl-goods-barrel-01-DES.g1cox
0xE74E29A0,Plugins\FieldEditor4\LAND\DAYLIGHT_SEN_OBJECT\MHE_TMD4\set-MS-sen-htmt-coral-03a-DES\set-MS-sen-htmt-coral-03a-DES.g1mx
0xE764FB12,Plugins\FieldEditor4\LAND\RONIN_OBJECT\MHE_TMD4\set-s01-ykp-objects-17-radish03-DES\set-s01-ykp-objects-17-radish03-DES.g1cox
0xE766FB50,Plugins\FieldEditor4\LAND\RONIN_OBJECT\MHE_TMD4\set-s02-ykhm-close-objects-23a-DES\set-s02-ykhm-close-objects-23a-DES.g1p
0xE7A20374,Plugins\FieldEditor4\LAND\RONIN_OBJECT\MHE_TMD4\set-s02-rpj-chair-01\set-s02-rpj-chair-01.g1mx
0xE7AA1FF9,Plugins\FieldEditor4\LAND\RONIN_LIGHT\MHE_TMD4\set-cmn-goods-lantern-01a\set-cmn-goods-lantern-01a.g1cox
0xE7E1AA97,Plugins\FieldEditor4\LAND\TWILIGHT_OBJECT\MHE_TMD4\set-s010-bg-gm-10\set-s010-bg-gm-10.g1mx
0xE80C8530,Plugins\FieldEditor4\LAND\RONIN_OBJECT\MHE_TMD4\set-csl-goods-cushion-01-DES\set-csl-goods-cushion-01-DES.g1p
0xE86D9C66,Plugins\FieldEditor4\LAND\RONIN_OBJECT03\MHE_TMD4\set-s170-goods-cloth-08-DES\set-s170-goods-cloth-08-DES.g1p
0xE897FAE1,Plugins\FieldEditor4\LAND\TWILIGHT_OBJECT\MHE_TMD4\set-S800-rubble-dest-02\set-S800-rubble-dest-02.g1cox
0xE8CFEFC7,Plugins\FieldEditor4\LAND\DAYLIGHT_CMN_GENERAL\MHE_TMD4\set-htmt-gdt-bamboo-fence-stg-01a-DES\set-htmt-gdt-bamboo-fence-stg-01a-DES.g1cox
0xE9000492,Plugins\FieldEditor4\LAND\RONIN_OBJECT03\MHE_TMD4\set-s050-box-02\set-s050-box-02.g1p
0xE9153C3B,Plugins\FieldEditor4\LAND\RONIN_OBJECT\MHE_TMD4\set-s01-ysk-objects-00-cabinets01-DES\set-s01-ysk-objects-00-cabinets01-DES.g1cox
0xE925C3BE,Plugins\FieldEditor4\LAND\RONIN_OBJECT\MHE_TMD4\set-s02-ykhm-objects-00-dish03-DES\set-s02-ykhm-objects-00-dish03-DES.g1mx
0xE9264E7E,Plugins\FieldEditor4\LAND\TWILIGHT_OBJECT\MHE_TMD4\set-S800-bowl-03\set-S800-bowl-03.g1cox
0xE92739A1,Plugins\FieldEditor4\LAND\RONIN_OBJECT03\MHE_TMD4\set-s01-ykp-shop-drug-object-15a-DES\set-s01-ykp-shop-drug-object-15a-DES.g1p
0xE998773C,Plugins\FieldEditor4\LAND\RONIN_OBJECT\MHE_TMD4\set-csl-goods-screen-05-DES\set-csl-goods-screen-05-DES.g1mx
0xE9990B9A,Plugins\FieldEditor4\LAND\RONIN_OBJECT03\MHE_TMD4\set-cmn-kyt-shrine-flag-03a-DES\set-cmn-kyt-shrine-flag-03a-DES.g1cox
0xE99CB47D,Plugins\FieldEditor4\LAND\TWILIGHT_OBJECT\MHE_TMD4\set-S800-bowl-02\set-S800-bowl-02.g1cox
0xEA0EFD31,Plugins\FieldEditor4\LAND\DAYLIGHT_SEN_OBJECT\MHE_TMD4\set-sen-cmn-goods-tea-06-DES\set-sen-cmn-goods-tea-06-DES.g1cox
0xEA131A7C,Plugins\FieldEditor4\LAND\TWILIGHT_OBJECT\MHE_TMD4\set-S800-bowl-01\set-S800-bowl-01.g1cox
0xEA631443,Plugins\FieldEditor4\LAND\RONIN_OBJECT\MHE_TMD4\set-s02-edo-knd-obj-01a-DES\set-s02-edo-knd-obj-01a-DES.g1cox
0xEA742D67,Plugins\FieldEditor4\LAND\RONIN_OBJECT\MHE_TMD4\set-cmn-kyt-obj-goods-pail-02-DES\set-cmn-kyt-obj-goods-pail-02-DES.g1p
0xEA74894B,Plugins\FieldEditor4\LAND\RONIN_OBJECT\MHE_TMD4\set-s01-ysk-objects-00-cabinets08-DES\set-s01-ysk-objects-00-cabinets08-DES.g1mx
0xEA8C21E2,Plugins\FieldEditor4\LAND\DAYLIGHT_SEN_OBJECT\MHE_TMD4\set-MS-sen-htmt-coral-01a-DES\set-MS-sen-htmt-coral-01a-DES.g1mx
0xEAC867D2,Plugins\FieldEditor4\LAND\RONIN_OBJECT\MHE_TMD4\set-csl-goods-cookware-03-DES\set-csl-goods-cookware-03-DES.g1p
0xEB5F9E82,Plugins\FieldEditor4\LAND\RONIN_OBJECT\MHE_TMD4\set-s01-ysk-objects-00-cabinets08-DES\set-s01-ysk-objects-00-cabinets08-DES.g1cox
0xEB65DC44,Plugins\FieldEditor4\LAND\RONIN_OBJECT\MHE_TMD4\set-csl-goods-pot-05-DES\set-csl-goods-pot-05-DES.g1cox
0xEB6C94CC,Plugins\FieldEditor4\LAND\RONIN_OBJECT03\MHE_TMD4\set-csl-goods-pot-06b-DES\obj-csl-goods-pot-06b-DES.g1mx
0xEB77F5B7,Plugins\FieldEditor4\LAND\RONIN_OBJECT\MHE_TMD4\set-s02-ykhm-objects-05-jars02-DES\set-s02-ykhm-objects-05-jars02-DES.g1cox
0xEB8F8449,Plugins\FieldEditor4\LAND\RONIN_OBJECT03\MHE_TMD4\set-s02-edo-knd-obj-25a-DES\set-s02-edo-knd-obj-25a-DES.g1mx
0xEBCFBCE6,Plugins\FieldEditor4\LAND\DAYLIGHT_SEN_OBJECT\MHE_TMD4\set-sen-cmn-objects-watervat-01-DES\set-sen-cmn-objects-watervat-01-DES.g1p
0xEBE4EBFA,Plugins\FieldEditor4\LAND\DAYLIGHT_CMN_GENERAL\MHE_TMD4\set-rtm-MS-kowaretourou-a01\set-rtm-MS-kowaretourou-a01.g1cox
0xEC1D464A,Plugins\FieldEditor4\LAND\RONIN_OBJECT03\MHE_TMD4\set-s170-goods-cloth-08-DES\set-s170-goods-cloth-08-DES.g1cox
0xEC1EFD0B,Plugins\FieldEditor4\LAND\RONIN_OBJECT\MHE_TMD4\set-cmn-gissha-05\set-cmn-gissha-05.g1mx
0xEC7DC69C,Plugins\FieldEditor4\LAND\RONIN_OBJECT03\MHE_TMD4\set-s01-benten-umbrella-01\set-s01-benten-umbrella-01.g1cox
0xEC941B1A,Plugins\FieldEditor4\LAND\DAYLIGHT_SEN_OBJECT\MHE_TMD4\set-hre-fusuma-02a-DES\set-hre-fusuma-02a-DES.g1cox
0xECA94BFF,Plugins\FieldEditor4\LAND\RONIN_OBJECT\MHE_TMD4\set-s01-ykp-shop-drug-object-27a-DES\set-s01-ykp-shop-drug-object-27a-DES.g1p
0xECC8DC1A,Plugins\FieldEditor4\LAND\RONIN_OBJECT03\MHE_TMD4\set-s01-benten-stall-05\set-s01-benten-stall-05.g1p
0xECEC45C7,Plugins\FieldEditor4\LAND\RONIN_LIGHT\MHE_TMD4\set-s03-kyt-cmn-objects-light-andon-01a-DES\set-s03-kyt-cmn-objects-light-andon-01a-DES.g1cox
0xED24E913,Plugins\FieldEditor4\LAND\RONIN_OBJECT\MHE_TMD4\set-s02-ykhm-objects-10-clothesline-02\set-s02-ykhm-objects-10-clothesline-02.g1p
0xED78BA6D,Plugins\FieldEditor4\LAND\TWILIGHT_OBJECT\MHE_TMD4\set-general-placement-02\set-general-placement-02.g1cox
0xED7C764C,Plugins\FieldEditor4\LAND\RONIN_OBJECT\MHE_TMD4\set-s170-goods-tea-03-DES\set-s170-goods-tea-03-DES.g1cox
0xED80F2DC,Plugins\FieldEditor4\LAND\RONIN_OBJECT03\MHE_TMD4\set-csl-goods-weapon-01-DES\set-csl-goods-weapon-01-DES.g1p
0xED88826C,Plugins\FieldEditor4\LAND\RONIN_OBJECT03\MHE_TMD4\set-cmn-obj-scarecrow-01\set-cmn-obj-scarecrow-01.g1cox
0xED9D93F1,Plugins\FieldEditor4\LAND\RONIN_OBJECT\MHE_TMD4\set-cmn-mib-objects-04-DES\set-cmn-mib-objects-04-DES.g1mx
0xEDC63477,Plugins\FieldEditor4\LAND\RONIN_OBJECT\MHE_TMD4\set-s02-ykhm-objects-45-pannier01-DES\set-s02-ykhm-objects-45-pannier01-DES.g1cox
0xEDC8F9B2,Plugins\FieldEditor4\LAND\RONIN_OBJECT03\MHE_TMD4\set-csl-goods-screen-03-DES\set-csl-goods-screen-03-DES.g1cox
0xEDCFBDFE,Plugins\FieldEditor4\LAND\RONIN_OBJECT\MHE_TMD4\set-s170-goods-vase-03-DES\set-s170-goods-vase-03-DES.g1mx
0xEDE75E86,Plugins\FieldEditor4\LAND\RONIN_CMN_PLANTHICHI\MHE_TMD4\set-nature-field-vege-04a\obj-nature-field-vege-04a.g1cox
0xEDF1AFAA,Plugins\FieldEditor4\LAND\TWILIGHT_OBJECT\MHE_TMD4\set-general-placement-08-bk\set-general-placement-08-bk.g1cox
0xEDFAAC58,Plugins\FieldEditor4\LAND\RONIN_OBJECT03\MHE_TMD4\set-s02-ykhm-objects-00-bag01-DES\set-s02-ykhm-objects-00-bag01-DES.g1p
0xEE04F83A,Plugins\FieldEditor4\LAND\RONIN_OBJECT\MHE_TMD4\set-s02-ykhm-objects-19-blinds03-DES\set-s02-ykhm-objects-19-blinds03-DES.g1mx
0xEE36E4C9,Plugins\FieldEditor4\LAND\RONIN_OBJECT03\MHE_TMD4\set-cmn-kyt-objects-trashcan-01c-DES\set-cmn-kyt-objects-trashcan-01c-DES.g1cox
0xEE3B18CB,Plugins\FieldEditor4\LAND\DAYLIGHT_SEN_OBJECT\MHE_TMD4\set-MS-sen-htmt-coral-01a-DES\set-MS-sen-htmt-coral-01a-DES.g1cox
0xEE4F35A1,Plugins\FieldEditor4\LAND\RONIN_OBJECT\MHE_TMD4\set-csl-goods-pail-01-DES\set-csl-goods-pail-01-DES.g1p
0xEE8B25B1,Plugins\FieldEditor4\LAND\RONIN_OBJECT03\MHE_TMD4\set-s01-goods-desk-02-DES\set-s01-goods-desk-02-DES.g1mx
0xEE8D8302,Plugins\FieldEditor4\LAND\DAYLIGHT_EDO_OBJECT\MHE_TMD4\set-edo-edojo-gate-bk-door-01-DES\set-edo-edojo-gate-bk-door-01-DES.g1mx
0xEECF802E,Plugins\FieldEditor4\LAND\TWILIGHT_OBJECT\MHE_TMD4\set-s010-bg-gm-03\set-s010-bg-gm-03.g1p
0xEF015E7A,Plugins\FieldEditor4\LAND\RONIN_OBJECT\MHE_TMD4\set-s010-Village-goods-04\set-s010-Village-goods-04.g1cox
0xEF0F4FA5,Plugins\FieldEditor4\LAND\RONIN_OBJECT03\MHE_TMD4\set-s02-ykhm-close-objects-41a\set-s02-ykhm-close-objects-41a.g1cox
0xEF269E21,Plugins\FieldEditor4\LAND\TWILIGHT_OBJECT\MHE_TMD4\set-s140-shield-03\set-s140-shield-03.g1mx
0xEF280289,Plugins\FieldEditor4\LAND\TWILIGHT_OBJECT\MHE_TMD4\set-general-placement-18-bk\set-general-placement-18-bk.g1cox
0xEF3437DE,Plugins\FieldEditor4\LAND\TWILIGHT_OBJECT\MHE_TMD4\set-S800-rubble-dest-01\set-S800-rubble-dest-01.g1p
0xEF3897B6,Plugins\FieldEditor4\LAND\RONIN_OBJECT\MHE_TMD4\set-s01-ysk-objects-00-jars03-DES\set-s01-ysk-objects-00-jars03-DES.g1p
0xEF3A5AA9,Plugins\FieldEditor4\LAND\RONIN_OBJECT03\MHE_TMD4\set-s01-ykp-goods-04-DES\set-s01-ykp-goods-04-DES.g1cox
0xEF3CF8F9,Plugins\FieldEditor4\LAND\RONIN_OBJECT\MHE_TMD4\set-csl-goods-cushion-01-DES\set-csl-goods-cushion-01-DES.g1mx
0xEF586E84,Plugins\FieldEditor4\LAND\RONIN_OBJECT03\MHE_TMD4\set-csl-goods-weapon-06\obj-csl-goods-weapon-06.g1p
0xEF58A96C,Plugins\FieldEditor4\LAND\TWILIGHT_OBJECT\MHE_TMD4\set-S350-haniwa-a04\set-S350-haniwa-a04.g1p
0xEF5CF7D7,Plugins\FieldEditor4\LAND\RONIN_OBJECT03\MHE_TMD4\set-s01-ykp-flag-02d\set-s01-ykp-flag-02d.g1p
0xEF6682D3,Plugins\FieldEditor4\LAND\RONIN_OBJECT03\MHE_TMD4\set-s01-sakr-objects-fusuma00-02-DES\set-s01-sakr-objects-fusuma00-02-DES.g1cox
0xEFA47277,Plugins\FieldEditor4\LAND\RONIN_OBJECT03\MHE_TMD4\set-s170-goods-cloth-04-DES\obj-s170-goods-cloth-04-DES.g1p
0xEFB0A5DC,Plugins\FieldEditor4\LAND\DAYLIGHT_SEN_NATURE\MHE_TMD4\set-dyl-grass-toutyukasou-02-DES\set-dyl-grass-toutyukasou-02-DES.g1mx
0xEFC86C8C,Plugins\FieldEditor4\LAND\RONIN_OBJECT\MHE_TMD4\set-csl-goods-desk-02-DES\set-csl-goods-desk-02-DES.g1mx
0xF021A86A,Plugins\FieldEditor4\LAND\RONIN_OBJECT\MHE_TMD4\set-s02-ykhm-objects-55-fabric04-DES\set-s02-ykhm-objects-55-fabric04-DES.g1mx
0xF0529150,Plugins\FieldEditor4\LAND\DAYLIGHT_BAK_OBJECT\MHE_TMD4\set-bak-yukaku-goods-screen-02-DES\set-bak-yukaku-goods-screen-02-DES.g1mx
0xF06351BE,Plugins\FieldEditor4\LAND\DAYLIGHT_CMN_GENERAL\MHE_TMD4\set-MS-gdt-syugorei-wall-M01\set-MS-gdt-syugorei-wall-M01.g1cox
0xF06A8ABD,Plugins\FieldEditor4\LAND\TWILIGHT_OBJECT\MHE_TMD4\set-S800-rubble-dest-02\set-S800-rubble-dest-02.g1p
0xF0A09ECC,Plugins\FieldEditor4\LAND\RONIN_OBJECT03\MHE_TMD4\set-s01-hod-inn-door-02b-break02-DES\set-s01-hod-inn-door-02b-break02-DES.g1p
0xF0C1A264,Plugins\FieldEditor4\LAND\RONIN_OBJECT03\MHE_TMD4\set-s01-umbrella-a-02\set-s01-umbrella-a-02.g1p
0xF0D29D7C,Plugins\FieldEditor4\LAND\RONIN_OBJECT\MHE_TMD4\set-csl-goods-box-03-DES\set-csl-goods-box-03-DES.g1cox
0xF123A4ED,Plugins\FieldEditor4\LAND\RONIN_OBJECT03\MHE_TMD4\set-s02-ykhm-objects-44-scaffolding01-DES\set-s02-ykhm-objects-44-scaffolding01-DES.g1mx
0xF1270BB5,Plugins\FieldEditor4\LAND\DAYLIGHT_CMN_GENERAL\MHE_TMD4\set-cmn-gdt-touseki-rock-01\set-cmn-gdt-touseki-rock-01.g1cox
0xF1365EFB,Plugins\FieldEditor4\LAND\RONIN_OBJECT03\MHE_TMD4\set-s02-edo-ysw-objects-flower-01a\set-s02-edo-ysw-objects-flower-01a.g1mx
0xF140EEFA,Plugins\FieldEditor4\LAND\RONIN_OBJECT03\MHE_TMD4\set-s02-edo-knd-obj-three-02-DES\set-s02-edo-knd-obj-three-02-DES.g1p
0xF164976F,Plugins\FieldEditor4\LAND\RONIN_OBJECT\MHE_TMD4\set-ykak-goods-chair-04-DES\set-ykak-goods-chair-04-DES.g1p
0xF17DFE66,Plugins\FieldEditor4\LAND\TWILIGHT_PLANTHICHI\MHE_TMD4\set-s050-tree-boss-small-03\set-s050-tree-boss-small-03.g1p
0xF1A36C2B,Plugins\FieldEditor4\LAND\RONIN_LIGHT\MHE_TMD4\set-ykak-tourou-02-DES\set-ykak-tourou-02-DES.g1cox
0xF1BA52D1,Plugins\FieldEditor4\LAND\RONIN_OBJECT\MHE_TMD4\set-s02-ykhm-objects-10-clothesline-04\set-s02-ykhm-objects-10-clothesline-04.g1p
0xF1EAFBAC,Plugins\FieldEditor4\LAND\RONIN_OBJECT\MHE_TMD4\set-s01-ykp-shop-drug-object-14a-DES\set-s01-ykp-shop-drug-object-14a-DES.g1mx
0xF1FEBDDE,Plugins\FieldEditor4\LAND\RONIN_OBJECT03\MHE_TMD4\set-s170-goods-table-01-DES\set-s170-goods-table-01-DES.g1mx
0xF2122311,Plugins\FieldEditor4\LAND\DAYLIGHT_CMN_HELL\MHE_TMD4\set-hell-homura-SS-01-DES\set-hell-homura-SS-01-DES.g1p
0xF2200A11,Plugins\FieldEditor4\LAND\RONIN_OBJECT03\MHE_TMD4\set-s01-sakr-objects-shoji-01-DES\set-s01-sakr-objects-shoji-01-DES.g1mx
0xF243F5D9,Plugins\FieldEditor4\LAND\DAYLIGHT_SEN_OBJECT\MHE_TMD4\set-sen-cmn-objects-cushion-01-DES\set-sen-cmn-objects-cushion-01-DES.g1p
0xF2537741,Plugins\FieldEditor4\LAND\RONIN_OBJECT\MHE_TMD4\set-s01-ykp-port-goods-11-DES\set-s01-ykp-port-goods-11-DES.g1cox
0xF29D284A,Plugins\FieldEditor4\LAND\TWILIGHT_PLANTHICHI\MHE_TMD4\set-s050-tree-boss-small-03\set-s050-tree-boss-small-03.g1cox
0xF29FA50C,Plugins\FieldEditor4\LAND\TWILIGHT_OBJECT\MHE_TMD4\set-S800-rubble-dest-02\set-S800-rubble-dest-02.g1mx
0xF2C36566,Plugins\FieldEditor4\LAND\RONIN_LIGHT\MHE_TMD4\set-s03-kyt-cmn-objects-light-andon-01a-DES\set-s03-kyt-cmn-objects-light-andon-01a-DES.g1mx
0xF320E354,Plugins\FieldEditor4\LAND\RONIN_OBJECT\MHE_TMD4\set-s02-ykhm-objects-46-pannier01-DES\set-s02-ykhm-objects-46-pannier01-DES.g1p
0xF38E346E,Plugins\FieldEditor4\LAND\RONIN_OBJECT\MHE_TMD4\set-csl-goods-weapon-03-DES\set-csl-goods-weapon-03-DES.g1mx
0xF3990B90,Plugins\FieldEditor4\LAND\RONIN_OBJECT03\MHE_TMD4\set-EX-kitchen-jug02-DES\set-EX-kitchen-jug02-DES.g1cox
0xF39A6ADF,Plugins\FieldEditor4\LAND\RONIN_OBJECT02\MHE_TMD4\set-csl-goods-shoji-01-break01-DES\set-csl-goods-shoji-01-break01-DES.g1mx
0xF3C0ABCA,Plugins\FieldEditor4\LAND\RONIN_OBJECT03\MHE_TMD4\set-cmn-kyt-screen-01a-DES\set-cmn-kyt-screen-01a-DES.g1mx
0xF3C9D506,Plugins\FieldEditor4\LAND\RONIN_OBJECT03\MHE_TMD4\set-s02-edo-knd-obj-23a-DES\set-s02-edo-knd-obj-23a-DES.g1cox
0xF3DBE8DB,Plugins\FieldEditor4\LAND\DAYLIGHT_SEN_OBJECT\MHE_TMD4\set-cmn-fusuma-01a-DES\set-cmn-fusuma-01a-DES.g1mx
0xF3E990EC,Plugins\FieldEditor4\LAND\DAYLIGHT_SEN_OBJECT\MHE_TMD4\set-MS-sen-htmt-coral-03b-DES\set-MS-sen-htmt-coral-03b-DES.g1cox
0xF3EAE87B,Plugins\FieldEditor4\LAND\RONIN_OBJECT03\MHE_TMD4\set-s01-goods-cask-02-DES\set-s01-goods-cask-02-DES.g1p
0xF3F5EBAC,Plugins\FieldEditor4\LAND\RONIN_OBJECT\MHE_TMD4\set-csl-goods-book-01-DES\set-csl-goods-book-01-DES.g1p
0xF40A50DA,Plugins\FieldEditor4\LAND\RONIN_OBJECT03\MHE_TMD4\set-s02-ykhm-objects-watertank-43a\set-s02-ykhm-objects-watertank-43a.g1p
0xF42B8CA1,Plugins\FieldEditor4\LAND\RONIN_OBJECT03\MHE_TMD4\set-s01-ykp-shop-kajiya-obj-06\set-s01-ykp-shop-kajiya-obj-06.g1cox
0xF440670F,Plugins\FieldEditor4\LAND\TWILIGHT_OBJECT\MHE_TMD4\set-S350-altar-03-brk\set-S350-altar-03-brk.g1cox
0xF469F7E2,Plugins\FieldEditor4\LAND\RONIN_OBJECT\MHE_TMD4\set-s01-ykp-shop-drug-object-26a-DES\set-s01-ykp-shop-drug-object-26a-DES.g1cox
0xF46B639C,Plugins\FieldEditor4\LAND\RONIN_OBJECT03\MHE_TMD4\set-s170-goods-table-03-DES\set-s170-goods-table-03-DES.g1mx
0xF49792D0,Plugins\FieldEditor4\LAND\RONIN_OBJECT\MHE_TMD4\set-s01-ykp-tableware-02-DES\set-s01-ykp-tableware-02-DES.g1mx
0xF4A3897B,Plugins\FieldEditor4\LAND\RONIN_OBJECT03\MHE_TMD4\set-s01-ykp-flag-02d\set-s01-ykp-flag-02d.g1cox
0xF4A4D863,Plugins\FieldEditor4\LAND\RONIN_OBJECT03\MHE_TMD4\set-EX-kitchen-crock03-DES\set-EX-kitchen-crock03-DES.g1cox
0xF4A8F64C,Plugins\FieldEditor4\LAND\TWILIGHT_OBJECT\MHE_TMD4\set-s010-bg-gm-09\set-s010-bg-gm-09.g1cox
0xF4B7F6CF,Plugins\FieldEditor4\LAND\DAYLIGHT_SEN_OBJECT\MHE_TMD4\set-sen-cmn-light-03-DES\set-sen-cmn-light-03-DES.g1mx
0xF4EAAA13,Plugins\FieldEditor4\LAND\RONIN_OBJECT\MHE_TMD4\set-s01-ykp-shop-kajiya-object-10a-DES\set-s01-ykp-shop-kajiya-object-10a-DES.g1mx
0xF5112B67,Plugins\FieldEditor4\LAND\DAYLIGHT_SEN_OBJECT\MHE_TMD4\set-MS-sen-htmt-coral-03c-DES\set-MS-sen-htmt-coral-03c-DES.g1p
0xF54B084D,Plugins\FieldEditor4\LAND\TWILIGHT_OBJECT\MHE_TMD4\set-S080-brkobj-debris-boss-01\set-S080-brkobj-debris-boss-01.g1mx
0xF5963F7D,Plugins\FieldEditor4\LAND\RONIN_OBJECT\MHE_TMD4\set-s02-ykhm-objects-00-dish02-DES\set-s02-ykhm-objects-00-dish02-DES.g1mx
0xF59EE22E,Plugins\FieldEditor4\LAND\RONIN_OBJECT03\MHE_TMD4\set-s01-ysk-objects-00-woodbox01-DES\set-s01-ysk-objects-00-woodbox01-DES.g1mx
0xF5E88DB6,Plugins\FieldEditor4\LAND\RONIN_OBJECT03\MHE_TMD4\set-s170-goods-box-06-DES\set-s170-goods-box-06-DES.g1mx
0xF60E219B,Plugins\FieldEditor4\LAND\TWILIGHT_OBJECT\MHE_TMD4\set-s010-bg-gm-14\set-s010-bg-gm-14.g1mx
0xF6101671,Plugins\FieldEditor4\LAND\RONIN_OBJECT\MHE_TMD4\set-s01-ysk-objects-00-jars05-DES\set-s01-ysk-objects-00-jars05-DES.g1mx
0xF61C7E45,Plugins\FieldEditor4\LAND\DAYLIGHT_BAK_OBJECT\MHE_TMD4\set-bak-abu-BOSS-house-pillar-01-DES\set-bak-abu-BOSS-house-pillar-01-DES.g1cox
0xF679DF5E,Plugins\FieldEditor4\LAND\RONIN_OBJECT03\MHE_TMD4\set-s01-china-goods-vial-01g-DES\set-s01-china-goods-vial-01g-DES.g1p
0xF6B9C569,Plugins\FieldEditor4\LAND\RONIN_OBJECT\MHE_TMD4\set-s01-ysk-objects-00-wood01-DES\set-s01-ysk-objects-00-wood01-DES.g1p
0xF6C2A64B,Plugins\FieldEditor4\LAND\RONIN_OBJECT03\MHE_TMD4\set-s01-ysk-shoji-01-ref-break01-DES\set-s01-ysk-shoji-01-ref-break01-DES.g1p
0xF6D58873,Plugins\FieldEditor4\LAND\TWILIGHT_LIGHT\MHE_TMD4\set-bonfire-bamboo-01\set-bonfire-bamboo-01.g1p
0xF6E34C8C,Plugins\FieldEditor4\LAND\RONIN_OBJECT03\MHE_TMD4\set-s01-ykp-bonsai-00-DES\set-s01-ykp-bonsai-00-DES.g1mx
0xF6E7CB2A,Plugins\FieldEditor4\LAND\RONIN_OBJECT03\MHE_TMD4\set-csl-goods-vase-05-DES\set-csl-goods-vase-05-DES.g1mx
0xF704610A,Plugins\FieldEditor4\LAND\RONIN_OBJECT\MHE_TMD4\set-s01-sksh-wood-objects-01a-DES\set-s01-sksh-wood-objects-01a-DES.g1p
0xF708509E,Plugins\FieldEditor4\LAND\DAYLIGHT_KOD_OBJECT\MHE_TMD4\set-kod-goods-03-DES\set-kod-goods-03-DES.g1p
0xF74CDAA1,Plugins\FieldEditor4\LAND\DAYLIGHT_SEN_OBJECT\MHE_TMD4\set-sen-cmn-goods-tea-02-break-DES\set-sen-cmn-goods-tea-02-break-DES.g1mx
0xF7709D2F,Plugins\FieldEditor4\LAND\RONIN_OBJECT03\MHE_TMD4\set-s01-sakr-goods-dish03-DES\set-s01-sakr-goods-dish03-DES.g1cox
0xF7DC4660,Plugins\FieldEditor4\LAND\RONIN_OBJECT03\MHE_TMD4\set-EX-kitchen-crock02-DES\set-EX-kitchen-crock02-DES.g1p
0xF81B6839,Plugins\FieldEditor4\LAND\RONIN_OBJECT03\MHE_TMD4\set-s01-ykp-shop-kajiya-object-21a-DES\set-s01-ykp-shop-kajiya-object-21a-DES.g1p
0xF82555DD,Plugins\FieldEditor4\LAND\DAYLIGHT_SEN_OBJECT\MHE_TMD4\set-sen-cmn-objects-clothline-01-DES\set-sen-cmn-objects-clothline-01-DES.g1mx
0xF842F9B8,Plugins\FieldEditor4\LAND\DAYLIGHT_SEN_HOUSE\MHE_TMD4\set-sen-cmn-hotel-window-02-DES\set-sen-cmn-hotel-window-02-DES.g1p
0xF84F23A9,Plugins\FieldEditor4\LAND\DAYLIGHT_SEN_OBJECT\MHE_TMD4\set-MS-sen-htmt-coral-03a-DES\set-MS-sen-htmt-coral-03a-DES.g1p
0xF8FF2C3A,Plugins\FieldEditor4\LAND\RONIN_OBJECT\MHE_TMD4\set-csl-goods-shelf-04-DES\set-csl-goods-shelf-04-DES.g1cox
0xF8FFDC5B,Plugins\FieldEditor4\LAND\RONIN_OBJECT03\MHE_TMD4\set-s02-ykhm-objects-03-bowlshelf01-DES\set-s02-ykhm-objects-03-bowlshelf01-DES.g1p
0xF91DCB05,Plugins\FieldEditor4\LAND\RONIN_OBJECT03\MHE_TMD4\set-s01-china-goods-vial-01a-DES\set-s01-china-goods-vial-01a-DES.g1mx
0xF9261047,Plugins\FieldEditor4\LAND\RONIN_OBJECT\MHE_TMD4\set-s170-goods-pail-04-break-DES\set-s170-goods-pail-04-break-DES.g1mx
0xF92C12DD,Plugins\FieldEditor4\LAND\RONIN_OBJECT03\MHE_TMD4\set-s01-hod-inn-door-02b-break02-DES\set-s01-hod-inn-door-02b-break02-DES.g1mx
0xF9360938,Plugins\FieldEditor4\LAND\RONIN_OBJECT03\MHE_TMD4\set-s01-benten-umbrella-01\set-s01-benten-umbrella-01.g1p
0xF9518FE3,Plugins\FieldEditor4\LAND\DRAFT_MODEL_CONTAINER\MHE_TMD4\set-general-placement-15-bk\set-general-placement-15-bk.g1p
0xF9ADE7EE,Plugins\FieldEditor4\LAND\RONIN_OBJECT03\MHE_TMD4\set-s03-kin-flag-02a\set-s03-kin-flag-02a.g1p
0xF9B4D740,Plugins\FieldEditor4\LAND\RONIN_OBJECT03\MHE_TMD4\set-csl-goods-weapon-01-DES\set-csl-goods-weapon-01-DES.g1cox
0xF9FF6F0F,Plugins\FieldEditor4\LAND\RONIN_OBJECT\MHE_TMD4\set-s02-ykhm-objects-10-stair-01-DES\set-s02-ykhm-objects-10-stair-01-DES.g1p
0xFA4852C0,Plugins\FieldEditor4\LAND\RONIN_OBJECT03\MHE_TMD4\set-s01-sakr-goods-dish01-DES\set-s01-sakr-goods-dish01-DES.g1mx
0xFA6C34D0,Plugins\FieldEditor4\LAND\TWILIGHT_OBJECT\MHE_TMD4\set-s010-goods-box-01\set-s010-goods-box-01.g1p
0xFA991A41,Plugins\FieldEditor4\LAND\TWILIGHT_OBJECT\MHE_TMD4\set-S360-hot-springs-tub-01\set-S360-hot-springs-tub-01.g1p
0xFAAB4135,Plugins\FieldEditor4\LAND\RONIN_OBJECT03\MHE_TMD4\set-s01-sksh-close-objects-01a-DES\obj-s01-sksh-close-objects-01a-DES.g1cox
0xFAE13D2B,Plugins\FieldEditor4\LAND\RONIN_OBJECT\MHE_TMD4\set-s100-tbf-yagura-02-DES\set-s100-tbf-yagura-02-DES.g1p
0xFAE81370,Plugins\FieldEditor4\LAND\RONIN_OBJECT03\MHE_TMD4\set-cmn-ky-shop-obj-flag-02\set-cmn-ky-shop-obj-flag-02.g1cox
0xFAEB2A1F,Plugins\FieldEditor4\LAND\RONIN_OBJECT03\MHE_TMD4\set-csl-goods-weapon-11-DES\set-csl-goods-weapon-11-DES.g1cox
0xFAF1546C,Plugins\FieldEditor4\LAND\RONIN_OBJECT03\MHE_TMD4\set-s03-omy-fusuma-01b-DES\set-s03-omy-fusuma-01b-DES.g1p
0xFAFEC883,Plugins\FieldEditor4\LAND\RONIN_OBJECT03\MHE_TMD4\set-s170-goods-cloth-08-DES\set-s170-goods-cloth-08-DES.g1mx
0xFB073D79,Plugins\FieldEditor4\LAND\DAYLIGHT_CMN_GENERAL\MHE_TMD4\set-general-rollingstone-01\set-general-rollingstone-01.g1p
0xFB07B1CB,Plugins\FieldEditor4\LAND\DAYLIGHT_BAK_OBJECT\MHE_TMD4\set-bak-cho-inn-door-02a-DES\set-bak-cho-inn-door-02a-DES.g1p
0xFB0A8021,Plugins\FieldEditor4\LAND\RONIN_OBJECT03\MHE_TMD4\set-cmn-obj-scarecrow-01\set-cmn-obj-scarecrow-01.g1mx
0xFB41FB1E,Plugins\FieldEditor4\LAND\TWILIGHT_OBJECT\MHE_TMD4\set-S350-altar-03-brk\set-S350-altar-03-brk.g1mx
0xFB45B20C,Plugins\FieldEditor4\LAND\RONIN_OBJECT\MHE_TMD4\set-s01-ykp-shop-goods-05a-DES\set-s01-ykp-shop-goods-05a-DES.g1cox
0xFBB8611D,Plugins\FieldEditor4\LAND\TWILIGHT_OBJECT\MHE_TMD4\set-S350-altar-02-brk\set-S350-altar-02-brk.g1mx
0xFBC37CF5,Plugins\FieldEditor4\LAND\RONIN_OBJECT03\MHE_TMD4\set-s170-goods-box-04-DES\set-s170-goods-box-04-DES.g1cox
0xFBCCF1BC,Plugins\FieldEditor4\LAND\DAYLIGHT_SEN_OBJECT\MHE_TMD4\set-hre-fusuma-01b-DES\set-hre-fusuma-01b-DES.g1cox
0xFBCFC6CC,Plugins\FieldEditor4\LAND\RONIN_OBJECT03\MHE_TMD4\set-cmn-mib-objects-02-DES\set-cmn-mib-objects-02-DES.g1mx
0xFBD0978C,Plugins\FieldEditor4\LAND\RONIN_OBJECT03\MHE_TMD4\set-csl-goods-table-04-DES\set-csl-goods-table-04-DES.g1mx
0xFBDED7A7,Plugins\FieldEditor4\LAND\TWILIGHT_OBJECT\MHE_TMD4\set-s050-goods-watertank-01\set-s050-goods-watertank-01.g1mx
0xFBFFFD15,Plugins\FieldEditor4\LAND\DAYLIGHT_SEN_OBJECT\MHE_TMD4\set-sen-cmn-goods-pot-01\set-sen-cmn-goods-pot-01.g1cox
0xFC351B62,Plugins\FieldEditor4\LAND\RONIN_OBJECT03\MHE_TMD4\set-s170-goods-cloth-09-DES\set-s170-goods-cloth-09-DES.g1mx
0xFC589641,Plugins\FieldEditor4\LAND\RONIN_OBJECT03\MHE_TMD4\set-s02-ykhm-objects-60-cabinet07-DES\set-s02-ykhm-objects-60-cabinet07-DES.g1mx
0xFC77D12B,Plugins\FieldEditor4\LAND\DAYLIGHT_CMN_GENERAL\MHE_TMD4\set-GGT-s0310-bamboo-M-01-DES\set-GGT-s0310-bamboo-M-01-DES.g1p
0xFC7BACA5,Plugins\FieldEditor4\LAND\RONIN_OBJECT\MHE_TMD4\set-csl-goods-pail-05-DES\set-csl-goods-pail-05-DES.g1p
0xFC99114A,Plugins\FieldEditor4\LAND\RONIN_OBJECT\MHE_TMD4\set-s01-ykp-shop-kajiya-object-08a-DES\set-s01-ykp-shop-kajiya-object-08a-DES.g1mx
0xFCB4872E,Plugins\FieldEditor4\LAND\RONIN_OBJECT03\MHE_TMD4\set-s02-ykhm-objects-03-bowlshelf01-DES\set-s02-ykhm-objects-03-bowlshelf01-DES.g1mx
0xFCB8122B,Plugins\FieldEditor4\LAND\RONIN_OBJECT03\MHE_TMD4\set-DE-hatago-andon-t02a\set-DE-hatago-andon-t02a.g1p
0xFCFC1E47,Plugins\FieldEditor4\LAND\DAYLIGHT_BAK_OBJECT\MHE_TMD4\set-bak-abu-BOSS-house-pillar-02-DES\set-bak-abu-BOSS-house-pillar-02-DES.g1mx
0xFD082C69,Plugins\FieldEditor4\LAND\RONIN_OBJECT\MHE_TMD4\set-s01-sksh-wood-objects-02a-DES\set-s01-sksh-wood-objects-02a-DES.g1p
0xFD25DA0F,Plugins\FieldEditor4\LAND\TWILIGHT_OBJECT\MHE_TMD4\set-s010-bg-gm-02\set-s010-bg-gm-02.g1p
0xFD2B8245,Plugins\FieldEditor4\LAND\RONIN_OBJECT03\MHE_TMD4\set-s01-umbrella-a-02\set-s01-umbrella-a-02.g1mx
0xFD45FC47,Plugins\FieldEditor4\LAND\RONIN_OBJECT03\MHE_TMD4\set-csl-goods-screen-01b-break-DES\set-csl-goods-screen-01b-break-DES.g1p
0xFD70D266,Plugins\FieldEditor4\LAND\RONIN_OBJECT03\MHE_TMD4\set-EX-office-bottle01-DES\set-EX-office-bottle01-DES.g1mx
0xFD7F4A5D,Plugins\FieldEditor4\LAND\RONIN_OBJECT\MHE_TMD4\set-csl-goods-tea-03-DES\set-csl-goods-tea-03-DES.g1p
0xFD839E35,Plugins\FieldEditor4\LAND\DRAFT_MODEL_CONTAINER\MHE_TMD4\set-s050-box-03\set-s050-box-03.g1p
0xFDAF034D,Plugins\FieldEditor4\LAND\TWILIGHT_OBJECT\MHE_TMD4\set-S350-haniwa-a03\set-S350-haniwa-a03.g1p
0xFDB95024,Plugins\FieldEditor4\LAND\RONIN_OBJECT03\MHE_TMD4\set-s01-ykp-shop-kajiya-object-28a-DES\set-s01-ykp-shop-kajiya-object-28a-DES.g1cox
0xFDCAFEDA,Plugins\FieldEditor4\LAND\RONIN_OBJECT\MHE_TMD4\set-cmn-tokugawa-flag-03b\set-cmn-tokugawa-flag-03b.g1cox
0xFDDF4C55,Plugins\FieldEditor4\LAND\RONIN_OBJECT\MHE_TMD4\set-s02-edo-skr-obj-05a-DES\set-s02-edo-skr-obj-05a-DES.g1mx
0xFE328185,Plugins\FieldEditor4\LAND\RONIN_OBJECT03\MHE_TMD4\set-s01-goods-mask-02-DES\set-s01-goods-mask-02-DES.g1p
0xFE466263,Plugins\FieldEditor4\LAND\RONIN_OBJECT03\MHE_TMD4\set-cmn-kyt-objects-trashcan-01b-DES\set-cmn-kyt-objects-trashcan-01b-DES.g1mx
0xFE4B699C,Plugins\FieldEditor4\LAND\RONIN_OBJECT\MHE_TMD4\set-s170-goods-weapon-11-DES\set-s170-goods-weapon-11-DES.g1mx
0xFE5BF591,Plugins\FieldEditor4\LAND\RONIN_CMN_PLANTHICHI\MHE_TMD4\set-nature-field-vege-02c\set-nature-field-vege-02c.g1p
0xFE74D520,Plugins\FieldEditor4\LAND\RONIN_OBJECT\MHE_TMD4\set-csl-goods-fusuma-a02-break-DES\set-csl-goods-fusuma-a02-break-DES.g1mx
0xFEC60CA7,Plugins\FieldEditor4\LAND\RONIN_OBJECT03\MHE_TMD4\set-s170-goods-lantern-03\set-s170-goods-lantern-03.g1cox
0xFEDB283C,Plugins\FieldEditor4\LAND\DAYLIGHT_CMN_HELL\MHE_TMD4\set-gdt-hell-kusabi-a01-DES\set-gdt-hell-kusabi-a01-DES.g1cox
0xFEFE3981,Plugins\FieldEditor4\LAND\RONIN_OBJECT03\MHE_TMD4\set-csl-goods-pot-02b-DES\obj-csl-goods-pot-02b-DES.g1p
0xFF056CBF,Plugins\FieldEditor4\LAND\RONIN_OBJECT\MHE_TMD4\set-cmn-mib-objects-01-DES\set-cmn-mib-objects-01-DES.g1cox
0xFF5A92C4,Plugins\FieldEditor4\LAND\RONIN_OBJECT\MHE_TMD4\set-cmn-g-throw-bucket-DES\set-cmn-g-throw-bucket-DES.g1mx
0xFFD582E6,Plugins\FieldEditor4\LAND\RONIN_OBJECT03\MHE_TMD4\set-s01-ry-goods-screen-01-DES\set-s01-ry-goods-screen-01-DES.g1mx
0xFFFD7CC5,Plugins\FieldEditor4\LAND\RONIN_OBJECT\MHE_TMD4\set-csl-goods-pail-01-DES\set-csl-goods-pail-01-DES.g1cox
0x1249DB5D,0x1249DB5D.g1h
0x16FAF58C,0x16FAF58C.g1h
0x177E551A,0x177E551A.g1h
0x1D35220E,0x1D35220E.g1h
0x29CE178F,0x29CE178F.g1h
0x3AB0F08B,0x3AB0F08B.g1h
0x4A1598D3,0x4A1598D3.g1h
0x9DCD18A0,0x9DCD18A0.g1h
0xAF609819,0xAF609819.g1h
0xAFA59DB1,0xAFA59DB1.g1h
0xB24CAC84,0xB24CAC84.g1h
0xB680A38A,0xB680A38A.g1h
0xDAB2954B,0xDAB2954B.g1h
0x001BAC8D,0x001BAC8D.g1t
0x00F71232,0x00F71232.g1t
0x01440BEE,0x01440BEE.g1t
0x015CD7BA,0x015CD7BA.g1t
0x019F04AC,0x019F04AC.g1t
0x020B52F8,0x020B52F8.g1t
0x02A11062,0x02A11062.g1t
0x02E2766C,0x02E2766C.g1t
0x04025707,0x04025707.g1t
0x05C26298,0x05C26298.g1t
0x0680A43F,0x0680A43F.g1t
0x06B09C21,0x06B09C21.g1t
0x07C4DCE7,0x07C4DCE7.g1t
0x08F688B2,0x08F688B2.g1t
0x09035A71,0x09035A71.g1t
0x09D1EE57,0x09D1EE57.g1t
0x0A776432,0x0A776432.g1t
0x0B018DEA,0x0B018DEA.g1t
0x0BD468A6,0x0BD468A6.g1t
0x0CC5E051,0x0CC5E051.g1t
0x0DAB8A4C,0x0DAB8A4C.g1t
0x0E2E73D2,0x0E2E73D2.g1t
0x0E52B5DE,0x0E52B5DE.g1t
0x0E86EFF1,0x0E86EFF1.g1t
0x0ED3E9AD,0x0ED3E9AD.g1t
0x0F1119A9,0x0F1119A9.g1t
0x0F9B30B7,0x0F9B30B7.g1t
0x1194A224,0x1194A224.g1t
0x13524057,0x13524057.g1t
0x13768263,0x13768263.g1t
0x13A67A45,0x13A67A45.g1t
0x141FAD27,0x141FAD27.g1t
0x1624C77D,0x1624C77D.g1t
0x16866671,0x16866671.g1t
0x16AAB82A,0x16AAB82A.g1t
0x17094FF7,0x17094FF7.g1t
0x1761CC16,0x1761CC16.g1t
0x180741F1,0x180741F1.g1t
0x18CA46CA,0x18CA46CA.g1t
0x18F9FA0B,0x18F9FA0B.g1t
0x1B18DBB6,0x1B18DBB6.g1t
0x1B3B680B,0x1B3B680B.g1t
0x1B489402,0x1B489402.g1t
0x1B65D572,0x1B65D572.g1t
0x1B85050E,0x1B85050E.g1t
0x1C16CDB0,0x1C16CDB0.g1t
0x1C2D1C7C,0x1C2D1C7C.g1t
0x2066A569,0x2066A569.g1t
0x20E21E16,0x20E21E16.g1t
0x21D66CF9,0x21D66CF9.g1t
0x231AA5A1,0x231AA5A1.g1t
0x24164430,0x24164430.g1t
0x2440B197,0x2440B197.g1t
0x24992DB6,0x24992DB6.g1t
0x25BD4AE6,0x25BD4AE6.g1t
0x26A055A2,0x26A055A2.g1t
0x26FA397E,0x26FA397E.g1t
0x27CD53D0,0x27CD53D0.g1t
0x283E7226,0x283E7226.g1t
0x28503D56,0x28503D56.g1t
0x28A8B975,0x28A8B975.g1t
0x28CB45CA,0x28CB45CA.g1t
0x28F5B331,0x28F5B331.g1t
0x292B60A5,0x292B60A5.g1t
0x294E2F50,0x294E2F50.g1t
0x29BCFA3B,0x29BCFA3B.g1t
0x29CCD6A5,0x29CCD6A5.g1t
0x2AE1176B,0x2AE1176B.g1t
0x2AECB740,0x2AECB740.g1t
0x2BB66BA8,0x2BB66BA8.g1t
0x2C82556A,0x2C82556A.g1t
0x2D5DBB0F,0x2D5DBB0F.g1t
0x2D7409DB,0x2D7409DB.g1t
0x2E05AD89,0x2E05AD89.g1t
0x2E71FBD5,0x2E71FBD5.g1t
0x2ECC4B1D,0x2ECC4B1D.g1t
0x2EF0A32A,0x2EF0A32A.g1t
0x2EFC42FF,0x2EFC42FF.g1t
0x301083C5,0x301083C5.g1t
0x3090B88C,0x3090B88C.g1t
0x3183959A,0x3183959A.g1t
0x32290B75,0x32290B75.g1t
0x33002EE9,0x33002EE9.g1t
0x33F017A2,0x33F017A2.g1t
0x34200F84,0x34200F84.g1t
0x355D318F,0x355D318F.g1t
0x35E01B15,0x35E01B15.g1t
0x36389734,0x36389734.g1t
0x369E5CBC,0x369E5CBC.g1t
0x37E29564,0x37E29564.g1t
0x3823FB6E,0x3823FB6E.g1t
0x3A123329,0x3A123329.g1t
0x3A951CAF,0x3A951CAF.g1t
0x3ACF5F72,0x3ACF5F72.g1t
0x3B03E79A,0x3B03E79A.g1t
0x3BC22941,0x3BC22941.g1t
0x3BF22123,0x3BF22123.g1t
0x3E380DB4,0x3E380DB4.g1t
0x3E706E5B,0x3E706E5B.g1t
0x3E91E552,0x3E91E552.g1t
0x3FB8E934,0x3FB8E934.g1t
0x404312EC,0x404312EC.g1t
0x40C21F26,0x40C21F26.g1t
0x4115EDA8,0x4115EDA8.g1t
0x42ED0F4E,0x42ED0F4E.g1t
0x43116107,0x43116107.g1t
0x43177CB5,0x43177CB5.g1t
0x436FF8D4,0x436FF8D4.g1t
0x43943AE0,0x43943AE0.g1t
0x43C432C2,0x43C432C2.g1t
0x44529EAB,0x44529EAB.g1t
0x459C6C0A,0x459C6C0A.g1t
0x4616F112,0x4616F112.g1t
0x46A41EEE,0x46A41EEE.g1t
0x477F8493,0x477F8493.g1t
0x47CC7E4F,0x47CC7E4F.g1t
0x4824FA6E,0x4824FA6E.g1t
0x4893C559,0x4893C559.g1t
0x48E7FF47,0x48E7FF47.g1t
0x4B664C7F,0x4B664C7F.g1t
0x4C4AD4F9,0x4C4AD4F9.g1t
0x4D48C6F3,0x4D48C6F3.g1t
0x505A60B8,0x505A60B8.g1t
0x508A1904,0x508A1904.g1t
0x50FFD693,0x50FFD693.g1t
0x51C8968E,0x51C8968E.g1t
0x53385E1E,0x53385E1E.g1t
0x5433FCAD,0x5433FCAD.g1t
0x54B6E633,0x54B6E633.g1t
0x550F6252,0x550F6252.g1t
0x555C5C0E,0x555C5C0E.g1t
0x558B1C6E,0x558B1C6E.g1t
0x5623A318,0x5623A318.g1t
0x5717F1FB,0x5717F1FB.g1t
0x581D1485,0x581D1485.g1t
0x585C2AA3,0x585C2AA3.g1t
0x58E8FE47,0x58E8FE47.g1t
0x59DAB2B8,0x59DAB2B8.g1t
0x5AA81F88,0x5AA81F88.g1t
0x5AFECFE8,0x5AFECFE8.g1t
0x5C3BBE80,0x5C3BBE80.g1t
0x5C6BB662,0x5C6BB662.g1t
0x5D0ED8D2,0x5D0ED8D2.g1t
0x5D7A3C0A,0x5D7A3C0A.g1t
0x5D91C258,0x5D91C258.g1t
0x5DEA3E77,0x5DEA3E77.g1t
0x5E8FB452,0x5E8FB452.g1t
0x5EEA039A,0x5EEA039A.g1t
0x5F0E5BA7,0x5F0E5BA7.g1t
0x5F826C6C,0x5F826C6C.g1t
0x60229C6D,0x60229C6D.g1t
0x61A14E17,0x61A14E17.g1t
0x61C3DA6C,0x61C3DA6C.g1t
0x61EE47D3,0x61EE47D3.g1t
0x620D776F,0x620D776F.g1t
0x629F4011,0x629F4011.g1t
0x62B58EDD,0x62B58EDD.g1t
0x631DE766,0x631DE766.g1t
0x640DD01F,0x640DD01F.g1t
0x6432282C,0x6432282C.g1t
0x643DC801,0x643DC801.g1t
0x676A9077,0x676A9077.g1t
0x6841B3EB,0x6841B3EB.g1t
0x69619486,0x69619486.g1t
0x6A9EB691,0x6A9EB691.g1t
0x6B21A017,0x6B21A017.g1t
0x6BDFE1BE,0x6BDFE1BE.g1t
0x6C0FD9A0,0x6C0FD9A0.g1t
0x6D28C803,0x6D28C803.g1t
0x6E55C631,0x6E55C631.g1t
0x6F312BD6,0x6F312BD6.g1t
0x6F53B82B,0x6F53B82B.g1t
0x6F7E2592,0x6F7E2592.g1t
0x6FB3D306,0x6FB3D306.g1t
0x6FD25F80,0x6FD25F80.g1t
0x6FD6A1B1,0x6FD6A1B1.g1t
0x70456C9C,0x70456C9C.g1t
0x7103AE43,0x7103AE43.g1t
0x7133A625,0x7133A625.g1t
0x720314E7,0x720314E7.g1t
0x730AC7CB,0x730AC7CB.g1t
0x73B1F35D,0x73B1F35D.g1t
0x73E62D70,0x73E62D70.g1t
0x7433272C,0x7433272C.g1t
0x748E1FEA,0x748E1FEA.g1t
0x74FA6E36,0x74FA6E36.g1t
0x77192AED,0x77192AED.g1t
0x77E2F613,0x77E2F613.g1t
0x78B17DD6,0x78B17DD6.g1t
0x7905B7C4,0x7905B7C4.g1t
0x7B8404FC,0x7B8404FC.g1t
0x7BE5A3F0,0x7BE5A3F0.g1t
0x7C688D76,0x7C688D76.g1t
0x7CC10995,0x7CC10995.g1t
0x7D667F70,0x7D667F70.g1t
0x7E298449,0x7E298449.g1t
0x7F6801D3,0x7F6801D3.g1t
0x809AA58A,0x809AA58A.g1t
0x80A7D181,0x80A7D181.g1t
0x811D8F10,0x811D8F10.g1t
0x81760B2F,0x81760B2F.g1t
0x818C59FB,0x818C59FB.g1t
0x828A4BF5,0x828A4BF5.g1t
0x86415B95,0x86415B95.g1t
0x870EC865,0x870EC865.g1t
0x8735AA78,0x8735AA78.g1t
0x8879E320,0x8879E320.g1t
0x897581AF,0x897581AF.g1t
0x8999D368,0x8999D368.g1t
0x899FEF16,0x899FEF16.g1t
0x89F86B35,0x89F86B35.g1t
0x8B1C8865,0x8B1C8865.g1t
0x8C24DE6B,0x8C24DE6B.g1t
0x8C5976FD,0x8C5976FD.g1t
0x8C896EDF,0x8C896EDF.g1t
0x8D2C914F,0x8D2C914F.g1t
0x8D9DAFA5,0x8D9DAFA5.g1t
0x8E07F6F4,0x8E07F6F4.g1t
0x8E2A8349,0x8E2A8349.g1t
0x8E54F0B0,0x8E54F0B0.g1t
0x8E74204C,0x8E74204C.g1t
0x8EAD6CCF,0x8EAD6CCF.g1t
0x8EDC2D2F,0x8EDC2D2F.g1t
0x8F1C37BA,0x8F1C37BA.g1t
0x904054EA,0x904054EA.g1t
0x929EB30F,0x929EB30F.g1t
0x92D3475A,0x92D3475A.g1t
0x93D13954,0x93D13954.g1t
0x942B889C,0x942B889C.g1t
0x944FE0A9,0x944FE0A9.g1t
0x96E2D319,0x96E2D319.g1t
0x972FCCD5,0x972FCCD5.g1t
0x978848F4,0x978848F4.g1t
0x985F6C68,0x985F6C68.g1t
0x994F5521,0x994F5521.g1t
0x9973AD2E,0x9973AD2E.g1t
0x997F4D03,0x997F4D03.g1t
0x9ABC6F0E,0x9ABC6F0E.g1t
0x9B3F5894,0x9B3F5894.g1t
0x9B97D4B3,0x9B97D4B3.g1t
0x9BE4CE6F,0x9BE4CE6F.g1t
0x9BFD9A3B,0x9BFD9A3B.g1t
0x9C1A7BE3,0x9C1A7BE3.g1t
0x9C6EF827,0x9C6EF827.g1t
0x9CAC1579,0x9CAC1579.g1t
0x9D41D2E3,0x9D41D2E3.g1t
0x9D8338ED,0x9D8338ED.g1t
0x9EA31988,0x9EA31988.g1t
0x9EA586E6,0x9EA586E6.g1t
0x9F7170A8,0x9F7170A8.g1t
0xA0632519,0xA0632519.g1t
0xA12166C0,0xA12166C0.g1t
0xA13091E9,0xA13091E9.g1t
0xA1515EA2,0xA1515EA2.g1t
0xA37FD3CA,0xA37FD3CA.g1t
0xA3974B33,0xA3974B33.g1t
0xA472B0D8,0xA472B0D8.g1t
0xA51826B3,0xA51826B3.g1t
0xA5A2506B,0xA5A2506B.g1t
0xA60ADECD,0xA60ADECD.g1t
0xA6752B27,0xA6752B27.g1t
0xA84C4CCD,0xA84C4CCD.g1t
0xA876BA34,0xA876BA34.g1t
0xA8CF3653,0xA8CF3653.g1t
0xA8F3785F,0xA8F3785F.g1t
0xA9237041,0xA9237041.g1t
0xA927B272,0xA927B272.g1t
0xA9B1DC2A,0xA9B1DC2A.g1t
0xAA37B107,0xAA37B107.g1t
0xAD8437ED,0xAD8437ED.g1t
0xADF302D8,0xADF302D8.g1t
0xAE473CC6,0xAE473CC6.g1t
0xB0C589FE,0xB0C589FE.g1t
0xB12728F2,0xB12728F2.g1t
0xB1AA1278,0xB1AA1278.g1t
0xB2A80472,0xB2A80472.g1t
0xB3B13A64,0xB3B13A64.g1t
0xB4F68CB4,0xB4F68CB4.g1t
0xB5B99E37,0xB5B99E37.g1t
0xB5DC2A8C,0xB5DC2A8C.g1t
0xB5E95683,0xB5E95683.g1t
0xB60697F3,0xB60697F3.g1t
0xB63C4567,0xB63C4567.g1t
0xB65F1412,0xB65F1412.g1t
0xB6CDDEFD,0xB6CDDEFD.g1t
0xB88B8748,0xB88B8748.g1t
0xB8979B9D,0xB8979B9D.g1t
0xB8B91294,0xB8B91294.g1t
0xB9933A2C,0xB9933A2C.g1t
0xBA6E9FD1,0xBA6E9FD1.g1t
0xBABB998D,0xBABB998D.g1t
0xBB16924B,0xBB16924B.g1t
0xBB82E097,0xBB82E097.g1t
0xBC772F7A,0xBC772F7A.g1t
0xBDBB6822,0xBDBB6822.g1t
0xBF39F037,0xBF39F037.g1t
0xC05E0D67,0xC05E0D67.g1t
0xC19AFBFF,0xC19AFBFF.g1t
0xC1CAF3E1,0xC1CAF3E1.g1t
0xC26E1651,0xC26E1651.g1t
0xC2F0FFD7,0xC2F0FFD7.g1t
0xC3497BF6,0xC3497BF6.g1t
0xC3EEF1D1,0xC3EEF1D1.g1t
0xC4494119,0xC4494119.g1t
0xC46D9926,0xC46D9926.g1t
0xC581D9EC,0xC581D9EC.g1t
0xC58D79C1,0xC58D79C1.g1t
0xC72317EB,0xC72317EB.g1t
0xC7A60171,0xC7A60171.g1t
0xC7FE7D90,0xC7FE7D90.g1t
0xC814CC5C,0xC814CC5C.g1t
0xC912BE56,0xC912BE56.g1t
0xC96D0D9E,0xC96D0D9E.g1t
0xC99165AB,0xC99165AB.g1t
0xC99D0580,0xC99D0580.g1t
0xCAB14646,0xCAB14646.g1t
0xCBEFC3D0,0xCBEFC3D0.g1t
0xCCC9CDF6,0xCCC9CDF6.g1t
0xCD973AC6,0xCD973AC6.g1t
0xCDA0F16A,0xCDA0F16A.g1t
0xCEC0D205,0xCEC0D205.g1t
0xCFB249B0,0xCFB249B0.g1t
0xCFFDF410,0xCFFDF410.g1t
0xD02245C9,0xD02245C9.g1t
0xD080DD96,0xD080DD96.g1t
0xD0D959B5,0xD0D959B5.g1t
0xD13F1F3D,0xD13F1F3D.g1t
0xD28357E5,0xD28357E5.g1t
0xD2C4BDEF,0xD2C4BDEF.g1t
0xD374CF90,0xD374CF90.g1t
0xD3B503B0,0xD3B503B0.g1t
0xD4906955,0xD4906955.g1t
0xD4B2F5AA,0xD4B2F5AA.g1t
0xD4DD6311,0xD4DD6311.g1t
0xD4FC92AD,0xD4FC92AD.g1t
0xD535DF30,0xD535DF30.g1t
0xD5A4AA1B,0xD5A4AA1B.g1t
0xD5C008E8,0xD5C008E8.g1t
0xD662EBC2,0xD662EBC2.g1t
0xD692E3A4,0xD692E3A4.g1t
0xD7A1694C,0xD7A1694C.g1t
0xD91130DC,0xD91130DC.g1t
0xDA59ABB5,0xDA59ABB5.g1t
0xDAE3D56D,0xDAE3D56D.g1t
0xDBB6B029,0xDBB6B029.g1t
0xDD8DD1CF,0xDD8DD1CF.g1t
0xDDB83F36,0xDDB83F36.g1t
0xDE10BB55,0xDE10BB55.g1t
0xDE34FD61,0xDE34FD61.g1t
0xDE64F543,0xDE64F543.g1t
0xDEF3612C,0xDEF3612C.g1t
0xE144E16F,0xE144E16F.g1t
0xE1C7CAF5,0xE1C7CAF5.g1t
0xE2204714,0xE2204714.g1t
0xE26D40D0,0xE26D40D0.g1t
0xE2A2EE44,0xE2A2EE44.g1t
0xE2C5BCEF,0xE2C5BCEF.g1t
0xE33487DA,0xE33487DA.g1t
0xE388C1C8,0xE388C1C8.g1t
0xE52DF947,0xE52DF947.g1t
0xE5F9E309,0xE5F9E309.g1t
0xE6070F00,0xE6070F00.g1t
0xE6D548AE,0xE6D548AE.g1t
0xE6EB977A,0xE6EB977A.g1t
0xE7E98974,0xE7E98974.g1t
0xEA08462B,0xEA08462B.g1t
0xEAFB2339,0xEAFB2339.g1t
0xEB2ADB85,0xEB2ADB85.g1t
0xEBA09914,0xEBA09914.g1t
0xEC93512E,0xEC93512E.g1t
0xEDD9209F,0xEDD9209F.g1t
0xEED4BF2E,0xEED4BF2E.g1t
0xEEFF2C95,0xEEFF2C95.g1t
0xEF57A8B4,0xEF57A8B4.g1t
0xEFB024D3,0xEFB024D3.g1t
0xF07BC5E4,0xF07BC5E4.g1t
0xF1B8B47C,0xF1B8B47C.g1t
0xF1E8AC5E,0xF1E8AC5E.g1t
0xF20A2355,0xF20A2355.g1t
0xF2FCED24,0xF2FCED24.g1t
0xF389C0C8,0xF389C0C8.g1t
0xF40CAA4E,0xF40CAA4E.g1t
0xF47B7539,0xF47B7539.g1t
0xF59F9269,0xF59F9269.g1t
0xF6DC8101,0xF6DC8101.g1t
0xF70C78E3,0xF70C78E3.g1t
0xF7AF9B53,0xF7AF9B53.g1t
0xF83284D9,0xF83284D9.g1t
0xF93076D3,0xF93076D3.g1t
0xF98AC61B,0xF98AC61B.g1t
0xF9AF1E28,0xF9AF1E28.g1t
0xFA39ACC5,0xFA39ACC5.g1t
0xFC421098,0xFC421098.g1t
0xFC649CED,0xFC649CED.g1t
0xFC88EEA6,0xFC88EEA6.g1t
0xFC8F0A54,0xFC8F0A54.g1t
0xFCE78673,0xFCE78673.g1t
0xFD56515E,0xFD56515E.g1t
0xFDBEA9E7,0xFDBEA9E7.g1t
0xFE9184A3,0xFE9184A3.g1t
0xFEAE92A0,0xFEAE92A0.g1t
0xFED2EAAD,0xFED2EAAD.g1t
0xFEDE8A82,0xFEDE8A82.g1t
0xFF13F9A9,0xFF13F9A9.g1t
0x2F72A3D9,0x2F72A3D9.khm
0x4DF30713,0x4DF30713.khm
0x608DDF9D,0x608DDF9D.khm
0x61C84218,0x61C84218.khm
0x92E37DDC,0x92E37DDC.khm
0x9D6AE4DF,0x9D6AE4DF.khm
0x9ECAD947,0x9ECAD947.khm
0xA358A869,0xA358A869.khm
0xC5391C1B,0xC5391C1B.khm
0xD81DF247,0xD81DF247.khm
0xE7437C40,0xE7437C40.khm
0xEB5E6BCC,0xEB5E6BCC.khm
0xF78EBA5A,0xF78EBA5A.khm
0x00F02F50,package_info.ini
0x0CD323F8, 0x0CD323F8.g1nm
0x53606893, 0x53606893.g1nm
0x58DF8D79, 0x58DF8D79.g1nm
0x83C652AE, 0x83C652AE.g1nm
0x9550D452, 0x9550D452.g1nm
0x95FD7FF1, 0x95FD7FF1.g1nm
0x96AA2B90, 0x96AA2B90.g1nm
0x9756D72F, 0x9756D72F.g1nm
0xB24810CA, 0xB24810CA.g1pf
0xC5812CBB, 0xC5812CBB.g1pf
0xC62DD85A, 0xC62DD85A.g1pf
0xC6DA83F9, 0xC6DA83F9.g1pf
0xC7872F98, 0xC7872F98.g1pf
0xCEEB8962, 0xCEEB8962.g1pf
0xE2ADD8AF, 0xE2ADD8AF.g1pf
